# https://github.com/mikedh/trimesh
v -0.13870986 1.76420736 0.00163286
v -0.13870986 1.76420736 0.00163286
v -0.13870986 1.76420736 0.00163286
v -0.13870986 1.76420736 0.00163286
v -0.13870986 1.76420736 -0.45635238
v -0.13870986 1.76420736 -0.45635238
v -0.13870986 1.76420736 -0.45635238
v -0.13870986 1.76420736 -0.45635238
v -0.13870986 1.76420736 -0.45635238
v -0.47711843 1.76420736 0.00163286
v -0.47711843 1.76420736 0.00163286
v -0.47711843 1.76420736 0.00163286
v -0.13870986 0.09096477 0.00163286
v -0.13870986 0.09096477 0.00163286
v -0.13870986 0.09096477 0.00163286
v -0.14239489 1.76420736 -0.45540762
v -0.14239489 1.76420736 -0.45540762
v -0.14239489 1.76420736 -0.45540762
v -0.14239489 1.76420736 -0.45540762
v -0.14239489 1.76420736 -0.45540762
v -0.14239489 1.76420736 -0.45540762
v -0.13870986 1.63877213 -0.53298891
v -0.13870986 1.63877213 -0.53298891
v -0.13870986 1.63877213 -0.53298891
v -0.13870986 1.63877213 -0.53298891
v -0.14265810 1.63794363 -0.53259993
v -0.14265810 1.63794363 -0.53259993
v -0.14265810 1.63794363 -0.53259993
v -0.14265810 1.63794363 -0.53259993
v -0.16125873 1.61855674 -0.53976893
v -0.16125873 1.61855674 -0.53976893
v -0.16125873 1.61855674 -0.53976893
v -0.16125873 1.61855674 -0.53976893
v -0.16125873 1.61855674 -0.53976893
v -0.16125873 1.61855674 -0.53976893
v -0.16125873 1.61855674 -0.53976893
v -0.16125873 1.61855674 -0.53976893
v -0.16125873 1.61855674 -0.53976893
v -0.16125873 1.61855674 -0.53976893
v -0.47711843 1.76420736 -0.01598411
v -0.47711843 1.76420736 -0.01598411
v -0.47711843 1.76420736 -0.01598411
v -0.47711843 1.76420736 -0.01598411
v -0.54270321 1.65467942 0.00163286
v -0.54270321 1.65467942 0.00163286
v -0.54270321 1.65467942 0.00163286
v -0.32734829 0.07141212 0.00163286
v -0.32734829 0.07141212 0.00163286
v -0.32734829 0.07141212 0.00163286
v -0.13870986 0.07141212 -0.29829997
v -0.13870986 0.07141212 -0.29829997
v -0.13870986 0.07141212 -0.29829997
v -0.17433181 1.65633643 -0.51242656
v -0.17433181 1.65633643 -0.51242656
v -0.17433181 1.65633643 -0.51242656
v -0.19394143 1.65136540 -0.50909209
v -0.19394143 1.65136540 -0.50909209
v -0.19394143 1.65136540 -0.50909209
v -0.19394143 1.65136540 -0.50909209
v -0.19394143 1.65136540 -0.50909209
v -0.19394143 1.65136540 -0.50909209
v -0.19394143 1.65136540 -0.50909209
v -0.19394143 1.65136540 -0.50909209
v -0.16770753 1.76420736 -0.44668251
v -0.16770753 1.76420736 -0.44668251
v -0.16770753 1.76420736 -0.44668251
v -0.17284025 1.63048708 -0.52904314
v -0.17284025 1.63048708 -0.52904314
v -0.17284025 1.63048708 -0.52904314
v -0.17284025 1.63048708 -0.52904314
v -0.17284025 1.63048708 -0.52904314
v -0.17284025 1.63048708 -0.52904314
v -0.13870986 1.62286496 -0.54226971
v -0.13870986 1.62286496 -0.54226971
v -0.13870986 1.62286496 -0.54226971
v -0.14265810 1.62220216 -0.54188073
v -0.14265810 1.62220216 -0.54188073
v -0.14265810 1.62220216 -0.54188073
v -0.14265810 1.62220216 -0.54188073
v -0.14265810 1.62220216 -0.54188073
v -0.13870986 1.61955094 -0.54365909
v -0.13870986 1.61955094 -0.54365909
v -0.13870986 1.61955094 -0.54365909
v -0.13870986 1.61955094 -0.54365909
v -0.13870986 1.60132384 -0.55043912
v -0.13870986 1.60132384 -0.55043912
v -0.13870986 1.60132384 -0.55043912
v -0.13870986 1.60132384 -0.55043912
v -0.14265810 1.60132384 -0.54955000
v -0.14265810 1.60132384 -0.54955000
v -0.14265810 1.60132384 -0.54955000
v -0.14265810 1.60132384 -0.54955000
v -0.14265810 1.60132384 -0.54955000
v -0.17284025 1.60032964 -0.54254764
v -0.17284025 1.60032964 -0.54254764
v -0.17284025 1.60032964 -0.54254764
v -0.17284025 1.60032964 -0.54254764
v -0.18240379 1.61027169 -0.53676796
v -0.18240379 1.61027169 -0.53676796
v -0.18240379 1.61027169 -0.53676796
v -0.18240379 1.61027169 -0.53676796
v -0.18240379 1.61027169 -0.53676796
v -0.18240379 1.61027169 -0.53676796
v -0.18240379 1.61027169 -0.53676796
v -0.18240379 1.61027169 -0.53676796
v -0.47457400 1.76420736 -0.04760570
v -0.47457400 1.76420736 -0.04760570
v -0.47457400 1.76420736 -0.04760570
v -0.47457400 1.76420736 -0.04760570
v -0.47457400 1.76420736 -0.04760570
v -0.54160649 1.65285671 -0.04760570
v -0.54160649 1.65285671 -0.04760570
v -0.54160649 1.65285671 -0.04760570
v -0.54160649 1.65285671 -0.04760570
v -0.54160649 1.65285671 -0.04760570
v -0.54160649 1.65285671 -0.04760570
v -0.54270321 1.65467942 -0.01598411
v -0.54270321 1.65467942 -0.01598411
v -0.54270321 1.65467942 -0.01598411
v -0.54270321 1.65467942 -0.01598411
v -0.55533761 1.63297272 0.00163286
v -0.55533761 1.63297272 0.00163286
v -0.55533761 1.63297272 0.00163286
v -0.53063905 0.07141212 0.00163286
v -0.53063905 0.07141212 0.00163286
v -0.53063905 0.07141212 0.00163286
v -0.13870986 0.07141212 -0.50775832
v -0.13870986 0.07141212 -0.50775832
v -0.13870986 0.07141212 -0.50775832
v -0.20517200 1.63313842 -0.51531637
v -0.20517200 1.63313842 -0.51531637
v -0.20517200 1.63313842 -0.51531637
v -0.20517200 1.63313842 -0.51531637
v -0.20517200 1.63313842 -0.51531637
v -0.20517200 1.63313842 -0.51531637
v -0.21504262 1.64357746 -0.50409043
v -0.21504262 1.64357746 -0.50409043
v -0.21504262 1.64357746 -0.50409043
v -0.21504262 1.64357746 -0.50409043
v -0.20438235 1.76420736 -0.43023261
v -0.20438235 1.76420736 -0.43023261
v -0.20438235 1.76420736 -0.43023261
v -0.20438235 1.76420736 -0.43023261
v -0.20438235 1.76420736 -0.43023261
v -0.20438235 1.76420736 -0.43023261
v -0.17183125 1.76420736 -0.44518200
v -0.17183125 1.76420736 -0.44518200
v -0.17183125 1.76420736 -0.44518200
v -0.13870986 1.56950939 -0.55633003
v -0.13870986 1.56950939 -0.55633003
v -0.13870986 1.56950939 -0.55633003
v -0.14265810 1.56950939 -0.55544078
v -0.14265810 1.56950939 -0.55544078
v -0.14265810 1.56950939 -0.55544078
v -0.14265810 1.56950939 -0.55544078
v -0.14265810 1.56950939 -0.55544078
v -0.14265810 1.56950939 -0.55544078
v -0.14265810 1.56950939 -0.55544078
v -0.19288857 1.58906198 -0.54015797
v -0.19288857 1.58906198 -0.54015797
v -0.19288857 1.58906198 -0.54015797
v -0.19288857 1.58906198 -0.54015797
v -0.19288857 1.58906198 -0.54015797
v -0.19288857 1.58906198 -0.54015797
v -0.19288857 1.58906198 -0.54015797
v -0.19288857 1.58906198 -0.54015797
v -0.19288857 1.58906198 -0.54015797
v -0.19288857 1.58906198 -0.54015797
v -0.19288857 1.58906198 -0.54015797
v -0.25026974 1.61259151 -0.50575769
v -0.25026974 1.61259151 -0.50575769
v -0.25026974 1.61259151 -0.50575769
v -0.25026974 1.61259151 -0.50575769
v -0.25026974 1.61259151 -0.50575769
v -0.25026974 1.61259151 -0.50575769
v -0.25026974 1.61259151 -0.50575769
v -0.25026974 1.61259151 -0.50575769
v -0.22912470 1.62253356 -0.51059258
v -0.22912470 1.62253356 -0.51059258
v -0.22912470 1.62253356 -0.51059258
v -0.22912470 1.62253356 -0.51059258
v -0.22912470 1.62253356 -0.51059258
v -0.20447010 1.60032964 -0.53115499
v -0.20447010 1.60032964 -0.53115499
v -0.20447010 1.60032964 -0.53115499
v -0.20447010 1.60032964 -0.53115499
v -0.47084510 1.76420736 -0.07811581
v -0.47084510 1.76420736 -0.07811581
v -0.47084510 1.76420736 -0.07811581
v -0.53897429 1.64887989 -0.09528818
v -0.53897429 1.64887989 -0.09528818
v -0.53897429 1.64887989 -0.09528818
v -0.53897429 1.64887989 -0.09528818
v -0.53897429 1.64887989 -0.09528818
v -0.53897429 1.64887989 -0.09528818
v -0.53897429 1.64887989 -0.09528818
v -0.53993940 1.65037119 -0.07939402
v -0.53993940 1.65037119 -0.07939402
v -0.53993940 1.65037119 -0.07939402
v -0.53993940 1.65037119 -0.07939402
v -0.53993940 1.65037119 -0.07939402
v -0.55314410 1.63297272 -0.04760570
v -0.55314410 1.63297272 -0.04760570
v -0.55314410 1.63297272 -0.04760570
v -0.55314410 1.63297272 -0.04760570
v -0.55314410 1.63297272 -0.04760570
v -0.55314410 1.63297272 -0.04760570
v -0.55533761 1.63297272 -0.01598411
v -0.55533761 1.63297272 -0.01598411
v -0.55533761 1.63297272 -0.01598411
v -0.55533761 1.63297272 -0.01598411
v -0.55533761 1.63297272 -0.01598411
v -0.55533761 1.63297272 -0.01598411
v -0.56077737 1.62153935 0.00163286
v -0.56077737 1.62153935 0.00163286
v -0.56077737 1.62153935 0.00163286
v -0.56077737 1.62153935 0.00163286
v -0.53063905 0.07141212 0.00141056
v -0.53063905 0.07141212 0.00141056
v -0.53063905 0.07141212 0.00141056
v -0.53063905 0.07141212 0.00141056
v -0.54498440 0.08715363 0.00163286
v -0.54498440 0.08715363 0.00163286
v -0.54498440 0.08715363 0.00163286
v -0.54498440 0.08715363 0.00163286
v -0.14134203 0.07141212 -0.50720257
v -0.14134203 0.07141212 -0.50720257
v -0.14134203 0.07141212 -0.50720257
v -0.14134203 0.07141212 -0.50720257
v -0.13870986 0.08267975 -0.51842850
v -0.13870986 0.08267975 -0.51842850
v -0.13870986 0.08267975 -0.51842850
v -0.13870986 0.08267975 -0.51842850
v -0.23890758 1.63313842 -0.49936661
v -0.23890758 1.63313842 -0.49936661
v -0.23890758 1.63313842 -0.49936661
v -0.23890758 1.63313842 -0.49936661
v -0.23890758 1.63313842 -0.49936661
v -0.23890758 1.63313842 -0.49936661
v -0.23579285 1.76420736 -0.41406059
v -0.23579285 1.76420736 -0.41406059
v -0.23579285 1.76420736 -0.41406059
v -0.23579285 1.76420736 -0.41406059
v -0.25794688 1.65186250 -0.47780395
v -0.25794688 1.65186250 -0.47780395
v -0.25794688 1.65186250 -0.47780395
v -0.25794688 1.65186250 -0.47780395
v -0.25794688 1.65186250 -0.47780395
v -0.13870986 1.56553257 -0.55649674
v -0.13870986 1.56553257 -0.55649674
v -0.13870986 1.56553257 -0.55649674
v -0.13870986 1.53786063 -0.55755264
v -0.13870986 1.53786063 -0.55755264
v -0.13870986 1.53786063 -0.55755264
v -0.13870986 1.53786063 -0.55755264
v -0.13870986 1.53786063 -0.55755264
v -0.14265810 1.53786063 -0.55660784
v -0.14265810 1.53786063 -0.55660784
v -0.14265810 1.53786063 -0.55660784
v -0.14265810 1.53786063 -0.55660784
v -0.14265810 1.53786063 -0.55660784
v -0.17433181 1.56950939 -0.54743814
v -0.17433181 1.56950939 -0.54743814
v -0.17433181 1.56950939 -0.54743814
v -0.17433181 1.56950939 -0.54743814
v -0.17433181 1.56950939 -0.54743814
v -0.25790304 1.59154761 -0.50931436
v -0.25790304 1.59154761 -0.50931436
v -0.25790304 1.59154761 -0.50931436
v -0.25790304 1.59154761 -0.50931436
v -0.25790304 1.59154761 -0.50931436
v -0.25790304 1.59154761 -0.50931436
v -0.25790304 1.59154761 -0.50931436
v -0.25790304 1.59154761 -0.50931436
v -0.19503817 1.56950939 -0.54104710
v -0.19503817 1.56950939 -0.54104710
v -0.19503817 1.56950939 -0.54104710
v -0.19503817 1.56950939 -0.54104710
v -0.19503817 1.56950939 -0.54104710
v -0.21091889 1.56950939 -0.53415596
v -0.21091889 1.56950939 -0.53415596
v -0.21091889 1.56950939 -0.53415596
v -0.21091889 1.56950939 -0.53415596
v -0.21091889 1.56950939 -0.53415596
v -0.21091889 1.56950939 -0.53415596
v -0.23776697 1.56950939 -0.52176297
v -0.23776697 1.56950939 -0.52176297
v -0.23776697 1.56950939 -0.52176297
v -0.23776697 1.56950939 -0.52176297
v -0.26101774 1.56950939 -0.51087046
v -0.26101774 1.56950939 -0.51087046
v -0.26101774 1.56950939 -0.51087046
v -0.26101774 1.56950939 -0.51087046
v -0.26101774 1.56950939 -0.51087046
v -0.23890758 1.60182095 -0.51476067
v -0.23890758 1.60182095 -0.51476067
v -0.23890758 1.60182095 -0.51476067
v -0.26891425 1.60182095 -0.50031137
v -0.26891425 1.60182095 -0.50031137
v -0.26891425 1.60182095 -0.50031137
v -0.26891425 1.60182095 -0.50031137
v -0.29128763 1.62269926 -0.47919327
v -0.29128763 1.62269926 -0.47919327
v -0.29128763 1.62269926 -0.47919327
v -0.29128763 1.62269926 -0.47919327
v -0.29128763 1.62269926 -0.47919327
v -0.29128763 1.62269926 -0.47919327
v -0.29128763 1.62269926 -0.47919327
v -0.29128763 1.62269926 -0.47919327
v -0.29128763 1.62269926 -0.47919327
v -0.26891425 1.63313842 -0.48452839
v -0.26891425 1.63313842 -0.48452839
v -0.26891425 1.63313842 -0.48452839
v -0.26891425 1.63313842 -0.48452839
v -0.26891425 1.63313842 -0.48452839
v -0.26891425 1.63313842 -0.48452839
v -0.46676525 1.76420736 -0.10384657
v -0.46676525 1.76420736 -0.10384657
v -0.46676525 1.76420736 -0.10384657
v -0.46676525 1.76420736 -0.10384657
v -0.53686857 1.64556587 -0.11640629
v -0.53686857 1.64556587 -0.11640629
v -0.53686857 1.64556587 -0.11640629
v -0.53686857 1.64556587 -0.11640629
v -0.53686857 1.64556587 -0.11640629
v -0.53686857 1.64556587 -0.11640629
v -0.54515982 1.63413262 -0.10795905
v -0.54515982 1.63413262 -0.10795905
v -0.54515982 1.63413262 -0.10795905
v -0.54515982 1.63413262 -0.10795905
v -0.54515982 1.63413262 -0.10795905
v -0.54985392 1.63297272 -0.07939402
v -0.54985392 1.63297272 -0.07939402
v -0.54985392 1.63297272 -0.07939402
v -0.54985392 1.63297272 -0.07939402
v -0.54985392 1.63297272 -0.07939402
v -0.54985392 1.63297272 -0.07939402
v -0.56380439 1.60132384 -0.07939402
v -0.56380439 1.60132384 -0.07939402
v -0.56380439 1.60132384 -0.07939402
v -0.56380439 1.60132384 -0.07939402
v -0.56380439 1.60132384 -0.07939402
v -0.56380439 1.60132384 -0.07939402
v -0.56380439 1.60132384 -0.07939402
v -0.56744552 1.60745478 -0.01598411
v -0.56744552 1.60745478 -0.01598411
v -0.56744552 1.60745478 -0.01598411
v -0.56744552 1.60745478 -0.01598411
v -0.56744552 1.60745478 -0.01598411
v -0.56744552 1.60745478 -0.01598411
v -0.56744552 1.60745478 -0.01598411
v -0.56744552 1.60745478 -0.01598411
v -0.56744552 1.60745478 -0.01598411
v -0.56744552 1.60745478 0.00163286
v -0.56744552 1.60745478 0.00163286
v -0.56744552 1.60745478 0.00163286
v -0.53050745 0.07141212 -0.01615081
v -0.53050745 0.07141212 -0.01615081
v -0.53050745 0.07141212 -0.01615081
v -0.53050745 0.07141212 -0.01615081
v -0.53050745 0.07141212 -0.01615081
v -0.54494053 0.08715363 -0.01592854
v -0.54494053 0.08715363 -0.01592854
v -0.54494053 0.08715363 -0.01592854
v -0.54494053 0.08715363 -0.01592854
v -0.54494053 0.08715363 -0.01592854
v -0.56086510 0.10952319 0.00163286
v -0.56086510 0.10952319 0.00163286
v -0.56086510 0.10952319 0.00163286
v -0.56086510 0.10952319 0.00163286
v -0.56082129 0.10952319 -0.01598411
v -0.56082129 0.10952319 -0.01598411
v -0.56082129 0.10952319 -0.01598411
v -0.56082129 0.10952319 -0.01598411
v -0.56082129 0.10952319 -0.01598411
v -0.56082129 0.10952319 -0.01598411
v -0.56082129 0.10952319 -0.01598411
v -0.14265810 0.07141212 -0.50686914
v -0.14265810 0.07141212 -0.50686914
v -0.14265810 0.07141212 -0.50686914
v -0.14265810 0.07141212 -0.50686914
v -0.14265810 0.08317681 -0.51798397
v -0.14265810 0.08317681 -0.51798397
v -0.14265810 0.08317681 -0.51798397
v -0.14265810 0.08317681 -0.51798397
v -0.14265810 0.08317681 -0.51798397
v -0.13870986 0.10190097 -0.53426707
v -0.13870986 0.10190097 -0.53426707
v -0.13870986 0.10190097 -0.53426707
v -0.13870986 0.10190097 -0.53426707
v -0.13870986 0.10190097 -0.53426707
v -0.13870986 0.10190097 -0.53426707
v -0.13870986 0.10190097 -0.53426707
v -0.13870986 0.10190097 -0.53426707
v -0.26720333 1.76420736 -0.39422065
v -0.26720333 1.76420736 -0.39422065
v -0.26720333 1.76420736 -0.39422065
v -0.26720333 1.76420736 -0.39422065
v -0.26720333 1.76420736 -0.39422065
v -0.27909192 1.64374316 -0.47224653
v -0.27909192 1.64374316 -0.47224653
v -0.27909192 1.64374316 -0.47224653
v -0.27909192 1.64374316 -0.47224653
v -0.27909192 1.64374316 -0.47224653
v -0.27909192 1.64374316 -0.47224653
v -0.13870986 1.53388381 -0.55760819
v -0.13870986 1.53388381 -0.55760819
v -0.13870986 1.53388381 -0.55760819
v -0.13870986 1.53388381 -0.55760819
v -0.14265810 1.50621188 -0.55705243
v -0.14265810 1.50621188 -0.55705243
v -0.14265810 1.50621188 -0.55705243
v -0.14265810 1.50621188 -0.55705243
v -0.14265810 1.50621188 -0.55705243
v -0.17433181 1.53786063 -0.54849404
v -0.17433181 1.53786063 -0.54849404
v -0.17433181 1.53786063 -0.54849404
v -0.17433181 1.53786063 -0.54849404
v -0.17433181 1.53786063 -0.54849404
v -0.17433181 1.53786063 -0.54849404
v -0.17433181 1.53786063 -0.54849404
v -0.17433181 1.53786063 -0.54849404
v -0.30155307 1.59966683 -0.48286116
v -0.30155307 1.59966683 -0.48286116
v -0.30155307 1.59966683 -0.48286116
v -0.30155307 1.59966683 -0.48286116
v -0.30155307 1.59966683 -0.48286116
v -0.27694234 1.56950939 -0.50314569
v -0.27694234 1.56950939 -0.50314569
v -0.27694234 1.56950939 -0.50314569
v -0.27694234 1.56950939 -0.50314569
v -0.27694234 1.56950939 -0.50314569
v -0.27694234 1.56950939 -0.50314569
v -0.27694234 1.56950939 -0.50314569
v -0.31844279 1.58806789 -0.47669247
v -0.31844279 1.58806789 -0.47669247
v -0.31844279 1.58806789 -0.47669247
v -0.31844279 1.58806789 -0.47669247
v -0.31844279 1.58806789 -0.47669247
v -0.31844279 1.58806789 -0.47669247
v -0.31844279 1.58806789 -0.47669247
v -0.31844279 1.58806789 -0.47669247
v -0.31844279 1.58806789 -0.47669247
v -0.31844279 1.58806789 -0.47669247
v -0.31844279 1.58806789 -0.47669247
v -0.19613491 1.53786063 -0.54154736
v -0.19613491 1.53786063 -0.54154736
v -0.19613491 1.53786063 -0.54154736
v -0.19613491 1.53786063 -0.54154736
v -0.19613491 1.53786063 -0.54154736
v -0.19613491 1.53786063 -0.54154736
v -0.19613491 1.53786063 -0.54154736
v -0.19613491 1.53786063 -0.54154736
v -0.19613491 1.53786063 -0.54154736
v -0.21197176 1.53786063 -0.53465611
v -0.21197176 1.53786063 -0.53465611
v -0.21197176 1.53786063 -0.53465611
v -0.21197176 1.53786063 -0.53465611
v -0.21197176 1.53786063 -0.53465611
v -0.23776697 1.53786063 -0.52287441
v -0.23776697 1.53786063 -0.52287441
v -0.23776697 1.53786063 -0.52287441
v -0.23776697 1.53786063 -0.52287441
v -0.23776697 1.53786063 -0.52287441
v -0.26220223 1.53786063 -0.51142621
v -0.26220223 1.53786063 -0.51142621
v -0.26220223 1.53786063 -0.51142621
v -0.26220223 1.53786063 -0.51142621
v -0.26220223 1.53786063 -0.51142621
v -0.26220223 1.53786063 -0.51142621
v -0.26220223 1.53786063 -0.51142621
v -0.26220223 1.53786063 -0.51142621
v -0.26220223 1.53786063 -0.51142621
v -0.26220223 1.53786063 -0.51142621
v -0.31238884 1.60944319 -0.47252443
v -0.31238884 1.60944319 -0.47252443
v -0.31238884 1.60944319 -0.47252443
v -0.31238884 1.60944319 -0.47252443
v -0.31238884 1.60944319 -0.47252443
v -0.32673413 1.62750447 -0.45135072
v -0.32673413 1.62750447 -0.45135072
v -0.32673413 1.62750447 -0.45135072
v -0.32673413 1.62750447 -0.45135072
v -0.32673413 1.62750447 -0.45135072
v -0.32673413 1.62750447 -0.45135072
v -0.32673413 1.62750447 -0.45135072
v -0.30414137 1.63562381 -0.46185422
v -0.30414137 1.63562381 -0.46185422
v -0.30414137 1.63562381 -0.46185422
v -0.30414137 1.63562381 -0.46185422
v -0.29585007 1.65849054 -0.45118400
v -0.29585007 1.65849054 -0.45118400
v -0.29585007 1.65849054 -0.45118400
v -0.29585007 1.65849054 -0.45118400
v -0.29585007 1.65849054 -0.45118400
v -0.46553692 1.76420736 -0.10990414
v -0.46553692 1.76420736 -0.10990414
v -0.46553692 1.76420736 -0.10990414
v -0.46553692 1.76420736 -0.10990414
v -0.53344679 1.63976634 -0.14280394
v -0.53344679 1.63976634 -0.14280394
v -0.53344679 1.63976634 -0.14280394
v -0.53344679 1.63976634 -0.14280394
v -0.53344679 1.63976634 -0.14280394
v -0.53344679 1.63976634 -0.14280394
v -0.53344679 1.63976634 -0.14280394
v -0.53344679 1.63976634 -0.14280394
v -0.54296643 1.62402475 -0.14280394
v -0.54296643 1.62402475 -0.14280394
v -0.54296643 1.62402475 -0.14280394
v -0.54296643 1.62402475 -0.14280394
v -0.54296643 1.62402475 -0.14280394
v -0.54296643 1.62402475 -0.14280394
v -0.55941743 1.60132384 -0.11107118
v -0.55941743 1.60132384 -0.11107118
v -0.55941743 1.60132384 -0.11107118
v -0.55941743 1.60132384 -0.11107118
v -0.55941743 1.60132384 -0.11107118
v -0.55941743 1.60132384 -0.11107118
v -0.55941743 1.60132384 -0.11107118
v -0.55941743 1.60132384 -0.11107118
v -0.57060415 1.58508527 -0.06333314
v -0.57060415 1.58508527 -0.06333314
v -0.57060415 1.58508527 -0.06333314
v -0.57060415 1.58508527 -0.06333314
v -0.57060415 1.58508527 -0.06333314
v -0.57060415 1.58508527 -0.06333314
v -0.57060415 1.58508527 -0.06333314
v -0.57060415 1.58508527 -0.06333314
v -0.57170087 1.58873069 -0.04215945
v -0.57170087 1.58873069 -0.04215945
v -0.57170087 1.58873069 -0.04215945
v -0.57170087 1.58873069 -0.04215945
v -0.57170087 1.58873069 -0.04215945
v -0.57170087 1.58873069 -0.04215945
v -0.56718230 1.59999824 -0.05066227
v -0.56718230 1.59999824 -0.05066227
v -0.56718230 1.59999824 -0.05066227
v -0.57249051 1.59154761 -0.01598411
v -0.57249051 1.59154761 -0.01598411
v -0.57249051 1.59154761 -0.01598411
v -0.57249051 1.59154761 -0.01598411
v -0.57249051 1.59154761 -0.01598411
v -0.57249051 1.59154761 -0.01598411
v -0.57029706 1.59867275 0.00163286
v -0.57029706 1.59867275 0.00163286
v -0.57029706 1.59867275 0.00163286
v -0.57029706 1.59867275 0.00163286
v -0.52901590 0.07306909 -0.04760570
v -0.52901590 0.07306909 -0.04760570
v -0.52901590 0.07306909 -0.04760570
v -0.52901590 0.07306909 -0.04760570
v -0.52901590 0.07306909 -0.04760570
v -0.52682245 0.07141212 -0.05160703
v -0.52682245 0.07141212 -0.05160703
v -0.52682245 0.07141212 -0.05160703
v -0.52682245 0.07141212 -0.05160703
v -0.54371214 0.08897633 -0.04760570
v -0.54371214 0.08897633 -0.04760570
v -0.54371214 0.08897633 -0.04760570
v -0.54371214 0.08897633 -0.04760570
v -0.54371214 0.08897633 -0.04760570
v -0.54371214 0.08897633 -0.04760570
v -0.54371214 0.08897633 -0.04760570
v -0.57170087 0.12543043 0.00163286
v -0.57170087 0.12543043 0.00163286
v -0.57170087 0.12543043 0.00163286
v -0.57170087 0.12543043 -0.01598411
v -0.57170087 0.12543043 -0.01598411
v -0.57170087 0.12543043 -0.01598411
v -0.57170087 0.12543043 -0.01598411
v -0.57170087 0.12543043 -0.01598411
v -0.57170087 0.12543043 -0.01598411
v -0.57099897 0.12642466 -0.03549057
v -0.57099897 0.12642466 -0.03549057
v -0.57099897 0.12642466 -0.03549057
v -0.57099897 0.12642466 -0.03549057
v -0.57099897 0.12642466 -0.03549057
v -0.57099897 0.12642466 -0.03549057
v -0.57099897 0.12642466 -0.03549057
v -0.56134772 0.11399713 -0.04671651
v -0.56134772 0.11399713 -0.04671651
v -0.56134772 0.11399713 -0.04671651
v -0.56134772 0.11399713 -0.04671651
v -0.56134772 0.11399713 -0.04671651
v -0.56134772 0.11399713 -0.04671651
v -0.55551302 0.10571211 -0.04704995
v -0.55551302 0.10571211 -0.04704995
v -0.55551302 0.10571211 -0.04704995
v -0.55551302 0.10571211 -0.04704995
v -0.14928238 0.07141212 -0.50509071
v -0.14928238 0.07141212 -0.50509071
v -0.14928238 0.07141212 -0.50509071
v -0.17437568 0.08748505 -0.51364917
v -0.17437568 0.08748505 -0.51364917
v -0.17437568 0.08748505 -0.51364917
v -0.17437568 0.08748505 -0.51364917
v -0.17437568 0.08748505 -0.51364917
v -0.17437568 0.08748505 -0.51364917
v -0.17437568 0.08748505 -0.51364917
v -0.17437568 0.08748505 -0.51364917
v -0.17437568 0.08748505 -0.51364917
v -0.17437568 0.08748505 -0.51364917
v -0.13870986 0.11532272 -0.54365909
v -0.13870986 0.11532272 -0.54365909
v -0.13870986 0.11532272 -0.54365909
v -0.14265810 0.10256376 -0.53376698
v -0.14265810 0.10256376 -0.53376698
v -0.14265810 0.10256376 -0.53376698
v -0.14265810 0.10256376 -0.53376698
v -0.14265810 0.10256376 -0.53376698
v -0.14265810 0.10571211 -0.53598994
v -0.14265810 0.10571211 -0.53598994
v -0.14265810 0.10571211 -0.53598994
v -0.14265810 0.10571211 -0.53598994
v -0.14265810 0.10571211 -0.53598994
v -0.14173685 0.10571211 -0.53621221
v -0.14173685 0.10571211 -0.53621221
v -0.14173685 0.10571211 -0.53621221
v -0.14265810 0.11847101 -0.54493737
v -0.14265810 0.11847101 -0.54493737
v -0.14265810 0.11847101 -0.54493737
v -0.14265810 0.11847101 -0.54493737
v -0.14265810 0.11847101 -0.54493737
v -0.14265810 0.11847101 -0.54493737
v -0.14265810 0.11847101 -0.54493737
v -0.14265810 0.11847101 -0.54493737
v -0.14265810 0.11847101 -0.54493737
v -0.31699511 1.64871418 -0.44384825
v -0.31699511 1.64871418 -0.44384825
v -0.31699511 1.64871418 -0.44384825
v -0.31699511 1.64871418 -0.44384825
v -0.31699511 1.64871418 -0.44384825
v -0.31699511 1.64871418 -0.44384825
v -0.31699511 1.64871418 -0.44384825
v -0.30330783 1.76420736 -0.36621138
v -0.30330783 1.76420736 -0.36621138
v -0.30330783 1.76420736 -0.36621138
v -0.30330783 1.76420736 -0.36621138
v -0.30330783 1.76420736 -0.36621138
v -0.13870986 1.47439742 -0.55833066
v -0.13870986 1.47439742 -0.55833066
v -0.13870986 1.47439742 -0.55833066
v -0.14265810 1.47439742 -0.55744147
v -0.14265810 1.47439742 -0.55744147
v -0.14265810 1.47439742 -0.55744147
v -0.14265810 1.47439742 -0.55744147
v -0.14265810 1.47439742 -0.55744147
v -0.14265810 1.47439742 -0.55744147
v -0.14265810 1.47439742 -0.55744147
v -0.14265810 1.25235879 -0.55983114
v -0.14265810 1.25235879 -0.55983114
v -0.14265810 1.25235879 -0.55983114
v -0.14265810 1.25235879 -0.55983114
v -0.14265810 1.25235879 -0.55983114
v -0.14265810 1.25235879 -0.55983114
v -0.14265810 1.25235879 -0.55983114
v -0.17433181 1.25235879 -0.55155063
v -0.17433181 1.25235879 -0.55155063
v -0.17433181 1.25235879 -0.55155063
v -0.17433181 1.25235879 -0.55155063
v -0.30124599 1.56950939 -0.48930773
v -0.30124599 1.56950939 -0.48930773
v -0.30124599 1.56950939 -0.48930773
v -0.30124599 1.56950939 -0.48930773
v -0.27803907 1.53786063 -0.50370139
v -0.27803907 1.53786063 -0.50370139
v -0.27803907 1.53786063 -0.50370139
v -0.27803907 1.53786063 -0.50370139
v -0.30124599 1.53786063 -0.49053040
v -0.30124599 1.53786063 -0.49053040
v -0.30124599 1.53786063 -0.49053040
v -0.30124599 1.53786063 -0.49053040
v -0.30124599 1.53786063 -0.49053040
v -0.30124599 1.53786063 -0.49053040
v -0.30124599 1.53786063 -0.49053040
v -0.30124599 1.53786063 -0.49053040
v -0.30124599 1.53786063 -0.49053040
v -0.35292414 1.59419870 -0.44734940
v -0.35292414 1.59419870 -0.44734940
v -0.35292414 1.59419870 -0.44734940
v -0.35292414 1.59419870 -0.44734940
v -0.35292414 1.59419870 -0.44734940
v -0.34787917 1.61540842 -0.44318134
v -0.34787917 1.61540842 -0.44318134
v -0.34787917 1.61540842 -0.44318134
v -0.34787917 1.61540842 -0.44318134
v -0.34787917 1.61540842 -0.44318134
v -0.34787917 1.61540842 -0.44318134
v -0.31980276 1.56950939 -0.47769278
v -0.31980276 1.56950939 -0.47769278
v -0.31980276 1.56950939 -0.47769278
v -0.31980276 1.56950939 -0.47769278
v -0.31980276 1.56950939 -0.47769278
v -0.31980276 1.56950939 -0.47769278
v -0.33572733 1.56950939 -0.46541095
v -0.33572733 1.56950939 -0.46541095
v -0.33572733 1.56950939 -0.46541095
v -0.33572733 1.56950939 -0.46541095
v -0.33572733 1.56950939 -0.46541095
v -0.35586339 1.56950939 -0.44962794
v -0.35586339 1.56950939 -0.44962794
v -0.35586339 1.56950939 -0.44962794
v -0.35586339 1.56950939 -0.44962794
v -0.35586339 1.56950939 -0.44962794
v -0.37165639 1.56950939 -0.43706822
v -0.37165639 1.56950939 -0.43706822
v -0.37165639 1.56950939 -0.43706822
v -0.37165639 1.56950939 -0.43706822
v -0.37165639 1.56950939 -0.43706822
v -0.37165639 1.56950939 -0.43706822
v -0.37165639 1.56950939 -0.43706822
v -0.17433181 1.22071004 -0.55188406
v -0.17433181 1.22071004 -0.55188406
v -0.17433181 1.22071004 -0.55188406
v -0.17433181 1.22071004 -0.55188406
v -0.17433181 1.22071004 -0.55188406
v -0.17433181 1.22071004 -0.55188406
v -0.17433181 1.22071004 -0.55188406
v -0.20034637 1.22071004 -0.54310340
v -0.20034637 1.22071004 -0.54310340
v -0.20034637 1.22071004 -0.54310340
v -0.20034637 1.22071004 -0.54310340
v -0.20034637 1.22071004 -0.54310340
v -0.20034637 1.22071004 -0.54310340
v -0.21618322 1.22071004 -0.53660119
v -0.21618322 1.22071004 -0.53660119
v -0.21618322 1.22071004 -0.53660119
v -0.21618322 1.22071004 -0.53660119
v -0.21618322 1.22071004 -0.53660119
v -0.21578839 1.25235879 -0.53643447
v -0.21578839 1.25235879 -0.53643447
v -0.21578839 1.25235879 -0.53643447
v -0.21578839 1.25235879 -0.53643447
v -0.21578839 1.25235879 -0.53643447
v -0.23776697 1.50621188 -0.52331907
v -0.23776697 1.50621188 -0.52331907
v -0.23776697 1.50621188 -0.52331907
v -0.23776697 1.50621188 -0.52331907
v -0.23776697 1.50621188 -0.52331907
v -0.27843389 1.50621188 -0.50392371
v -0.27843389 1.50621188 -0.50392371
v -0.27843389 1.50621188 -0.50392371
v -0.27843389 1.50621188 -0.50392371
v -0.23776697 1.22071004 -0.52676463
v -0.23776697 1.22071004 -0.52676463
v -0.23776697 1.22071004 -0.52676463
v -0.23776697 1.22071004 -0.52676463
v -0.23776697 1.22071004 -0.52676463
v -0.23776697 1.22071004 -0.52676463
v -0.23776697 1.22071004 -0.52676463
v -0.23776697 1.22071004 -0.52676463
v -0.26562402 1.25235879 -0.51314902
v -0.26562402 1.25235879 -0.51314902
v -0.26562402 1.25235879 -0.51314902
v -0.26562402 1.25235879 -0.51314902
v -0.28189957 1.22071004 -0.50564653
v -0.28189957 1.22071004 -0.50564653
v -0.28189957 1.22071004 -0.50564653
v -0.28189957 1.22071004 -0.50564653
v -0.28189957 1.22071004 -0.50564653
v -0.28189957 1.22071004 -0.50564653
v -0.28189957 1.22071004 -0.50564653
v -0.28189957 1.22071004 -0.50564653
v -0.28189957 1.22071004 -0.50564653
v -0.28189957 1.22071004 -0.50564653
v -0.28071511 1.31582212 -0.50509071
v -0.28071511 1.31582212 -0.50509071
v -0.28071511 1.31582212 -0.50509071
v -0.28071511 1.31582212 -0.50509071
v -0.38231665 1.61955094 -0.41406059
v -0.38231665 1.61955094 -0.41406059
v -0.38231665 1.61955094 -0.41406059
v -0.38231665 1.61955094 -0.41406059
v -0.38231665 1.61955094 -0.41406059
v -0.38231665 1.61955094 -0.41406059
v -0.38231665 1.61955094 -0.41406059
v -0.38231665 1.61955094 -0.41406059
v -0.38231665 1.61955094 -0.41406059
v -0.38231665 1.61955094 -0.41406059
v -0.38231665 1.61955094 -0.41406059
v -0.36314574 1.63131571 -0.42061830
v -0.36314574 1.63131571 -0.42061830
v -0.36314574 1.63131571 -0.42061830
v -0.36314574 1.63131571 -0.42061830
v -0.45715785 1.76420736 -0.13846916
v -0.45715785 1.76420736 -0.13846916
v -0.45715785 1.76420736 -0.13846916
v -0.45588565 1.76420736 -0.14269279
v -0.45588565 1.76420736 -0.14269279
v -0.45588565 1.76420736 -0.14269279
v -0.45588565 1.76420736 -0.14269279
v -0.51265270 1.65683353 -0.17448111
v -0.51265270 1.65683353 -0.17448111
v -0.51265270 1.65683353 -0.17448111
v -0.51265270 1.65683353 -0.17448111
v -0.51265270 1.65683353 -0.17448111
v -0.52919143 1.63081861 -0.17331406
v -0.52919143 1.63081861 -0.17331406
v -0.52919143 1.63081861 -0.17331406
v -0.52919143 1.63081861 -0.17331406
v -0.52919143 1.63081861 -0.17331406
v -0.53998333 1.61905384 -0.16186582
v -0.53998333 1.61905384 -0.16186582
v -0.53998333 1.61905384 -0.16186582
v -0.53998333 1.61905384 -0.16186582
v -0.53998333 1.61905384 -0.16186582
v -0.53998333 1.61905384 -0.16186582
v -0.53998333 1.61905384 -0.16186582
v -0.55182803 1.60132384 -0.14280394
v -0.55182803 1.60132384 -0.14280394
v -0.55182803 1.60132384 -0.14280394
v -0.55182803 1.60132384 -0.14280394
v -0.55182803 1.60132384 -0.14280394
v -0.55182803 1.60132384 -0.14280394
v -0.55182803 1.60132384 -0.14280394
v -0.55783814 1.56950939 -0.14280394
v -0.55783814 1.56950939 -0.14280394
v -0.55783814 1.56950939 -0.14280394
v -0.55783814 1.56950939 -0.14280394
v -0.55783814 1.56950939 -0.14280394
v -0.55783814 1.56950939 -0.14280394
v -0.55783814 1.56950939 -0.14280394
v -0.56529588 1.56950939 -0.11107118
v -0.56529588 1.56950939 -0.11107118
v -0.56529588 1.56950939 -0.11107118
v -0.56529588 1.56950939 -0.11107118
v -0.56529588 1.56950939 -0.11107118
v -0.56529588 1.56950939 -0.11107118
v -0.56963903 1.57249200 -0.07994976
v -0.56963903 1.57249200 -0.07994976
v -0.56963903 1.57249200 -0.07994976
v -0.56963903 1.57249200 -0.07994976
v -0.57139379 1.56387556 -0.06966857
v -0.57139379 1.56387556 -0.06966857
v -0.57139379 1.56387556 -0.06966857
v -0.57139379 1.56387556 -0.06966857
v -0.57139379 1.56387556 -0.06966857
v -0.57139379 1.56387556 -0.06966857
v -0.57275373 1.57249200 -0.05066227
v -0.57275373 1.57249200 -0.05066227
v -0.57275373 1.57249200 -0.05066227
v -0.57275373 1.57249200 -0.05066227
v -0.57547367 1.56950939 -0.01598411
v -0.57547367 1.56950939 -0.01598411
v -0.57547367 1.56950939 -0.01598411
v -0.57547367 1.56950939 -0.01598411
v -0.57547367 1.56950939 -0.01598411
v -0.57547367 1.56950939 -0.01598411
v -0.57547367 1.56950939 -0.01598411
v -0.57547367 1.56950939 -0.01598411
v -0.57547367 1.56950939 -0.01598411
v -0.57389438 1.58160555 0.00163286
v -0.57389438 1.58160555 0.00163286
v -0.57389438 1.58160555 0.00163286
v -0.57389438 1.58160555 0.00163286
v -0.57249051 1.59154761 0.00163286
v -0.57249051 1.59154761 0.00163286
v -0.57249051 1.59154761 0.00163286
v -0.52721727 0.07522321 -0.07939402
v -0.52721727 0.07522321 -0.07939402
v -0.52721727 0.07522321 -0.07939402
v -0.52721727 0.07522321 -0.07939402
v -0.52721727 0.07522321 -0.07939402
v -0.52721727 0.07522321 -0.07939402
v -0.54208899 0.09113046 -0.07939402
v -0.54208899 0.09113046 -0.07939402
v -0.54208899 0.09113046 -0.07939402
v -0.54208899 0.09113046 -0.07939402
v -0.54208899 0.09113046 -0.07939402
v -0.54208899 0.09113046 -0.07939402
v -0.52326906 0.07141212 -0.07939402
v -0.52326906 0.07141212 -0.07939402
v -0.52326906 0.07141212 -0.07939402
v -0.55441630 0.10571211 -0.05855377
v -0.55441630 0.10571211 -0.05855377
v -0.55441630 0.10571211 -0.05855377
v -0.55441630 0.10571211 -0.05855377
v -0.55441630 0.10571211 -0.05855377
v -0.57964122 0.14282896 0.00163286
v -0.57964122 0.14282896 0.00163286
v -0.57964122 0.14282896 0.00163286
v -0.57964122 0.14282896 0.00163286
v -0.57955348 0.14282896 -0.01598411
v -0.57955348 0.14282896 -0.01598411
v -0.57955348 0.14282896 -0.01598411
v -0.57955348 0.14282896 -0.01598411
v -0.57955348 0.14282896 -0.01598411
v -0.57955348 0.14282896 -0.01598411
v -0.57955348 0.14282896 -0.01598411
v -0.55612725 0.11118021 -0.07939402
v -0.55612725 0.11118021 -0.07939402
v -0.55612725 0.11118021 -0.07939402
v -0.55612725 0.11118021 -0.07939402
v -0.55612725 0.11118021 -0.07939402
v -0.55612725 0.11118021 -0.07939402
v -0.55612725 0.11118021 -0.07939402
v -0.55612725 0.11118021 -0.07939402
v -0.57613170 0.14050914 -0.04671651
v -0.57613170 0.14050914 -0.04671651
v -0.57613170 0.14050914 -0.04671651
v -0.57613170 0.14050914 -0.04671651
v -0.57003385 0.12841305 -0.05671983
v -0.57003385 0.12841305 -0.05671983
v -0.57003385 0.12841305 -0.05671983
v -0.57003385 0.12841305 -0.05671983
v -0.57003385 0.12841305 -0.05671983
v -0.55235445 0.10571211 -0.07939402
v -0.55235445 0.10571211 -0.07939402
v -0.55235445 0.10571211 -0.07939402
v -0.55235445 0.10571211 -0.07939402
v -0.55235445 0.10571211 -0.07939402
v -0.55235445 0.10571211 -0.07939402
v -0.17310347 0.07141212 -0.49836627
v -0.17310347 0.07141212 -0.49836627
v -0.17310347 0.07141212 -0.49836627
v -0.17437568 0.07141212 -0.49792174
v -0.17437568 0.07141212 -0.49792174
v -0.17437568 0.07141212 -0.49792174
v -0.17437568 0.07141212 -0.49792174
v -0.19595943 0.09195893 -0.50987011
v -0.19595943 0.09195893 -0.50987011
v -0.19595943 0.09195893 -0.50987011
v -0.19595943 0.09195893 -0.50987011
v -0.19595943 0.09195893 -0.50987011
v -0.19595943 0.09195893 -0.50987011
v -0.19595943 0.09195893 -0.50987011
v -0.19595943 0.09195893 -0.50987011
v -0.19595943 0.09195893 -0.50987011
v -0.19595943 0.09195893 -0.50987011
v -0.17608659 0.10571211 -0.52670902
v -0.17608659 0.10571211 -0.52670902
v -0.17608659 0.10571211 -0.52670902
v -0.17608659 0.10571211 -0.52670902
v -0.17608659 0.10571211 -0.52670902
v -0.15397641 0.10571211 -0.53293335
v -0.15397641 0.10571211 -0.53293335
v -0.15397641 0.10571211 -0.53293335
v -0.15397641 0.10571211 -0.53293335
v -0.15397641 0.10571211 -0.53293335
v -0.13870986 0.11747679 -0.54515964
v -0.13870986 0.11747679 -0.54515964
v -0.13870986 0.11747679 -0.54515964
v -0.14643086 0.10571211 -0.53504515
v -0.14643086 0.10571211 -0.53504515
v -0.14643086 0.10571211 -0.53504515
v -0.14643086 0.10571211 -0.53504515
v -0.14643086 0.10571211 -0.53504515
v -0.16761979 0.12311063 -0.54182518
v -0.16761979 0.12311063 -0.54182518
v -0.16761979 0.12311063 -0.54182518
v -0.16761979 0.12311063 -0.54182518
v -0.16761979 0.12311063 -0.54182518
v -0.16761979 0.12311063 -0.54182518
v -0.16761979 0.12311063 -0.54182518
v -0.16761979 0.12311063 -0.54182518
v -0.14265810 0.14282896 -0.55755264
v -0.14265810 0.14282896 -0.55755264
v -0.14265810 0.14282896 -0.55755264
v -0.14265810 0.14282896 -0.55755264
v -0.14265810 0.14282896 -0.55755264
v -0.14265810 0.14282896 -0.55755264
v -0.14265810 0.14282896 -0.55755264
v -0.13870986 0.14299470 -0.55849737
v -0.13870986 0.14299470 -0.55849737
v -0.13870986 0.14299470 -0.55849737
v -0.13870986 0.14299470 -0.55849737
v -0.13870986 0.14299470 -0.55849737
v -0.35173967 1.65153110 -0.41456077
v -0.35173967 1.65153110 -0.41456077
v -0.35173967 1.65153110 -0.41456077
v -0.35173967 1.65153110 -0.41456077
v -0.35173967 1.65153110 -0.41456077
v -0.35173967 1.65153110 -0.41456077
v -0.30400977 1.76420736 -0.36565563
v -0.30400977 1.76420736 -0.36565563
v -0.30400977 1.76420736 -0.36565563
v -0.30400977 1.76420736 -0.36565563
v -0.30400977 1.76420736 -0.36565563
v -0.13870986 1.43877172 -0.55871969
v -0.13870986 1.43877172 -0.55871969
v -0.13870986 1.43877172 -0.55871969
v -0.13870986 1.24854779 -0.56077594
v -0.13870986 1.24854779 -0.56077594
v -0.13870986 1.24854779 -0.56077594
v -0.13870986 1.24854779 -0.56077594
v -0.13870986 1.21673322 -0.56110936
v -0.13870986 1.21673322 -0.56110936
v -0.13870986 1.21673322 -0.56110936
v -0.13870986 1.21673322 -0.56110936
v -0.13870986 1.21673322 -0.56110936
v -0.14265810 1.22071004 -0.56010902
v -0.14265810 1.22071004 -0.56010902
v -0.14265810 1.22071004 -0.56010902
v -0.14265810 1.22071004 -0.56010902
v -0.32059240 1.53786063 -0.47824854
v -0.32059240 1.53786063 -0.47824854
v -0.32059240 1.53786063 -0.47824854
v -0.32059240 1.53786063 -0.47824854
v -0.32059240 1.53786063 -0.47824854
v -0.32059240 1.53786063 -0.47824854
v -0.32059240 1.53786063 -0.47824854
v -0.32059240 1.53786063 -0.47824854
v -0.30124599 1.25235879 -0.49392042
v -0.30124599 1.25235879 -0.49392042
v -0.30124599 1.25235879 -0.49392042
v -0.30124599 1.25235879 -0.49392042
v -0.30124599 1.25235879 -0.49392042
v -0.30124599 1.25235879 -0.49392042
v -0.38648424 1.60132384 -0.41767287
v -0.38648424 1.60132384 -0.41767287
v -0.38648424 1.60132384 -0.41767287
v -0.38648424 1.60132384 -0.41767287
v -0.38648424 1.60132384 -0.41767287
v -0.38648424 1.60132384 -0.41767287
v -0.38648424 1.60132384 -0.41767287
v -0.36389151 1.60331225 -0.43517867
v -0.36389151 1.60331225 -0.43517867
v -0.36389151 1.60331225 -0.43517867
v -0.36389151 1.60331225 -0.43517867
v -0.33647314 1.53786063 -0.46607780
v -0.33647314 1.53786063 -0.46607780
v -0.33647314 1.53786063 -0.46607780
v -0.33647314 1.53786063 -0.46607780
v -0.33647314 1.53786063 -0.46607780
v -0.33647314 1.53786063 -0.46607780
v -0.35687241 1.53786063 -0.45023924
v -0.35687241 1.53786063 -0.45023924
v -0.35687241 1.53786063 -0.45023924
v -0.35687241 1.53786063 -0.45023924
v -0.35687241 1.53786063 -0.45023924
v -0.35687241 1.53786063 -0.45023924
v -0.37266538 1.53786063 -0.43784624
v -0.37266538 1.53786063 -0.43784624
v -0.37266538 1.53786063 -0.43784624
v -0.37266538 1.53786063 -0.43784624
v -0.37266538 1.53786063 -0.43784624
v -0.39047635 1.56950939 -0.42117405
v -0.39047635 1.56950939 -0.42117405
v -0.39047635 1.56950939 -0.42117405
v -0.39047635 1.56950939 -0.42117405
v -0.39047635 1.56950939 -0.42117405
v -0.39144149 1.53786063 -0.42200765
v -0.39144149 1.53786063 -0.42200765
v -0.39144149 1.53786063 -0.42200765
v -0.39144149 1.53786063 -0.42200765
v -0.39144149 1.53786063 -0.42200765
v -0.39144149 1.53786063 -0.42200765
v -0.39144149 1.53786063 -0.42200765
v -0.39144149 1.53786063 -0.42200765
v -0.14265810 0.20629226 -0.56516629
v -0.14265810 0.20629226 -0.56516629
v -0.14265810 0.20629226 -0.56516629
v -0.14265810 0.20629226 -0.56516629
v -0.14265810 0.20629226 -0.56516629
v -0.14265810 0.20629226 -0.56516629
v -0.14265810 0.20629226 -0.56516629
v -0.17433181 0.20629226 -0.55683011
v -0.17433181 0.20629226 -0.55683011
v -0.17433181 0.20629226 -0.55683011
v -0.17433181 0.20629226 -0.55683011
v -0.17433181 0.20629226 -0.55683011
v -0.20604938 0.20629226 -0.54604882
v -0.20604938 0.20629226 -0.54604882
v -0.20604938 0.20629226 -0.54604882
v -0.20604938 0.20629226 -0.54604882
v -0.20604938 0.20629226 -0.54604882
v -0.22276363 0.18110576 -0.53949106
v -0.22276363 0.18110576 -0.53949106
v -0.22276363 0.18110576 -0.53949106
v -0.22276363 0.18110576 -0.53949106
v -0.22276363 0.18110576 -0.53949106
v -0.22276363 0.18110576 -0.53949106
v -0.22276363 0.18110576 -0.53949106
v -0.22276363 0.18110576 -0.53949106
v -0.23851275 0.20629226 -0.53187740
v -0.26952842 0.20629226 -0.51715034
v -0.26952842 0.20629226 -0.51715034
v -0.26952842 0.20629226 -0.51715034
v -0.26952842 0.20629226 -0.51715034
v -0.26952842 0.20629226 -0.51715034
v -0.26952842 0.20629226 -0.51715034
v -0.26597500 1.22071004 -0.51331568
v -0.26597500 1.22071004 -0.51331568
v -0.26597500 1.22071004 -0.51331568
v -0.26597500 1.22071004 -0.51331568
v -0.28733939 0.20629226 -0.50842518
v -0.28733939 0.20629226 -0.50842518
v -0.28733939 0.20629226 -0.50842518
v -0.28733939 0.20629226 -0.50842518
v -0.28733939 0.20629226 -0.50842518
v -0.28733939 0.20629226 -0.50842518
v -0.30326399 0.20629226 -0.49914435
v -0.30326399 0.20629226 -0.49914435
v -0.30326399 0.20629226 -0.49914435
v -0.30326399 0.20629226 -0.49914435
v -0.30326399 0.20629226 -0.49914435
v -0.30326399 0.20629226 -0.49914435
v -0.30326399 0.20629226 -0.49914435
v -0.30124599 1.22071004 -0.49419826
v -0.30124599 1.22071004 -0.49419826
v -0.30124599 1.22071004 -0.49419826
v -0.30124599 1.22071004 -0.49419826
v -0.41333231 1.61905384 -0.38188323
v -0.41333231 1.61905384 -0.38188323
v -0.41333231 1.61905384 -0.38188323
v -0.41333231 1.61905384 -0.38188323
v -0.41333231 1.61905384 -0.38188323
v -0.41333231 1.61905384 -0.38188323
v -0.41333231 1.61905384 -0.38188323
v -0.39381042 1.62982428 -0.39377609
v -0.39381042 1.62982428 -0.39377609
v -0.39381042 1.62982428 -0.39377609
v -0.39381042 1.62982428 -0.39377609
v -0.38415918 1.65302241 -0.38438407
v -0.38415918 1.65302241 -0.38438407
v -0.38415918 1.65302241 -0.38438407
v -0.38415918 1.65302241 -0.38438407
v -0.38415918 1.65302241 -0.38438407
v -0.38415918 1.65302241 -0.38438407
v -0.37279698 1.64076054 -0.40555778
v -0.37279698 1.64076054 -0.40555778
v -0.37279698 1.64076054 -0.40555778
v -0.37279698 1.64076054 -0.40555778
v -0.37279698 1.64076054 -0.40555778
v -0.40240884 1.60132384 -0.40188986
v -0.40240884 1.60132384 -0.40188986
v -0.40240884 1.60132384 -0.40188986
v -0.40240884 1.60132384 -0.40188986
v -0.40240884 1.60132384 -0.40188986
v -0.44812077 1.76420736 -0.16658960
v -0.44812077 1.76420736 -0.16658960
v -0.44812077 1.76420736 -0.16658960
v -0.44812077 1.76420736 -0.16658960
v -0.44812077 1.76420736 -0.16658960
v -0.44812077 1.76420736 -0.16658960
v -0.50909925 1.65153110 -0.19537692
v -0.50909925 1.65153110 -0.19537692
v -0.50909925 1.65153110 -0.19537692
v -0.50909925 1.65153110 -0.19537692
v -0.51611835 1.63429832 -0.20604713
v -0.51611835 1.63429832 -0.20604713
v -0.51611835 1.63429832 -0.20604713
v -0.51611835 1.63429832 -0.20604713
v -0.51611835 1.63429832 -0.20604713
v -0.51611835 1.63429832 -0.20604713
v -0.51190686 1.62452197 -0.23088871
v -0.51190686 1.62452197 -0.23088871
v -0.51190686 1.62452197 -0.23088871
v -0.51190686 1.62452197 -0.23088871
v -0.51190686 1.62452197 -0.23088871
v -0.51190686 1.62452197 -0.23088871
v -0.51190686 1.62452197 -0.23088871
v -0.51190686 1.62452197 -0.23088871
v -0.51190686 1.62452197 -0.23088871
v -0.51190686 1.62452197 -0.23088871
v -0.51190686 1.62452197 -0.23088871
v -0.53660536 1.60994029 -0.18298392
v -0.53660536 1.60994029 -0.18298392
v -0.53660536 1.60994029 -0.18298392
v -0.53660536 1.60994029 -0.18298392
v -0.53660536 1.60994029 -0.18298392
v -0.53660536 1.60994029 -0.18298392
v -0.54279095 1.60016394 -0.17331406
v -0.54279095 1.60016394 -0.17331406
v -0.54279095 1.60016394 -0.17331406
v -0.53998333 1.58873069 -0.19359857
v -0.53998333 1.58873069 -0.19359857
v -0.53998333 1.58873069 -0.19359857
v -0.53998333 1.58873069 -0.19359857
v -0.53998333 1.58873069 -0.19359857
v -0.53998333 1.58873069 -0.19359857
v -0.53998333 1.58873069 -0.19359857
v -0.53998333 1.58873069 -0.19359857
v -0.54809910 1.56950939 -0.17448111
v -0.54809910 1.56950939 -0.17448111
v -0.54809910 1.56950939 -0.17448111
v -0.54809910 1.56950939 -0.17448111
v -0.55911034 1.53786063 -0.14280394
v -0.55911034 1.53786063 -0.14280394
v -0.55911034 1.53786063 -0.14280394
v -0.55911034 1.53786063 -0.14280394
v -0.55911034 1.53786063 -0.14280394
v -0.55911034 1.53786063 -0.14280394
v -0.56661201 1.53786063 -0.11107118
v -0.56661201 1.53786063 -0.11107118
v -0.56661201 1.53786063 -0.11107118
v -0.56661201 1.53786063 -0.11107118
v -0.56661201 1.53786063 -0.11107118
v -0.56661201 1.53786063 -0.11107118
v -0.56661201 1.53786063 -0.11107118
v -0.57003385 1.53786063 -0.08950848
v -0.57003385 1.53786063 -0.08950848
v -0.57003385 1.53786063 -0.08950848
v -0.57003385 1.53786063 -0.08950848
v -0.57003385 1.53786063 -0.08950848
v -0.57003385 1.53786063 -0.08950848
v -0.57003385 1.53786063 -0.08950848
v -0.57178861 1.53786063 -0.07361432
v -0.57178861 1.53786063 -0.07361432
v -0.57178861 1.53786063 -0.07361432
v -0.57178861 1.53786063 -0.07361432
v -0.57450849 1.53786063 -0.04760570
v -0.57450849 1.53786063 -0.04760570
v -0.57450849 1.53786063 -0.04760570
v -0.57450849 1.53786063 -0.04760570
v -0.57450849 1.53786063 -0.04760570
v -0.57450849 1.53786063 -0.04760570
v -0.57450849 1.53786063 -0.04760570
v -0.57547367 1.56950939 0.00163286
v -0.57547367 1.56950939 0.00163286
v -0.57547367 1.56950939 0.00163286
v -0.57670200 1.53786063 -0.01598411
v -0.57670200 1.53786063 -0.01598411
v -0.57670200 1.53786063 -0.01598411
v -0.57670200 1.53786063 -0.01598411
v -0.57670200 1.53786063 -0.01598411
v -0.57670200 1.53786063 -0.01598411
v -0.57604396 1.55525911 0.00163286
v -0.57604396 1.55525911 0.00163286
v -0.57604396 1.55525911 0.00163286
v -0.57604396 1.55525911 0.00163286
v -0.52230388 0.07141212 -0.08645191
v -0.52230388 0.07141212 -0.08645191
v -0.52230388 0.07141212 -0.08645191
v -0.52230388 0.07141212 -0.08645191
v -0.52230388 0.07141212 -0.08645191
v -0.54046583 0.09328458 -0.10201263
v -0.54046583 0.09328458 -0.10201263
v -0.54046583 0.09328458 -0.10201263
v -0.54046583 0.09328458 -0.10201263
v -0.54046583 0.09328458 -0.10201263
v -0.54046583 0.09328458 -0.10201263
v -0.54046583 0.09328458 -0.10201263
v -0.54046583 0.09328458 -0.10201263
v -0.58687967 0.17447776 0.00163286
v -0.58687967 0.17447776 0.00163286
v -0.58687967 0.17447776 0.00163286
v -0.58687967 0.17447776 0.00163286
v -0.58687967 0.17447776 0.00163286
v -0.58674806 0.17447776 -0.01598411
v -0.58674806 0.17447776 -0.01598411
v -0.58674806 0.17447776 -0.01598411
v -0.58674806 0.17447776 -0.01598411
v -0.58674806 0.17447776 -0.01598411
v -0.58674806 0.17447776 -0.01598411
v -0.57573688 0.14680578 -0.07939402
v -0.57573688 0.14680578 -0.07939402
v -0.57573688 0.14680578 -0.07939402
v -0.57573688 0.14680578 -0.07939402
v -0.57573688 0.14680578 -0.07939402
v -0.57573688 0.14680578 -0.07939402
v -0.57573688 0.14680578 -0.07939402
v -0.57573688 0.14680578 -0.07939402
v -0.56880552 0.13089854 -0.07939402
v -0.56880552 0.13089854 -0.07939402
v -0.56880552 0.13089854 -0.07939402
v -0.56880552 0.13089854 -0.07939402
v -0.56880552 0.13089854 -0.07939402
v -0.56880552 0.13089854 -0.07939402
v -0.54910815 0.10869472 -0.11201595
v -0.54910815 0.10869472 -0.11201595
v -0.54910815 0.10869472 -0.11201595
v -0.54910815 0.10869472 -0.11201595
v -0.54910815 0.10869472 -0.11201595
v -0.54910815 0.10869472 -0.11201595
v -0.54748499 0.10571211 -0.11007085
v -0.54748499 0.10571211 -0.11007085
v -0.54748499 0.10571211 -0.11007085
v -0.54748499 0.10571211 -0.11007085
v -0.54748499 0.10571211 -0.11007085
v -0.54748499 0.10571211 -0.11007085
v -0.55138934 0.10571211 -0.08628519
v -0.55138934 0.10571211 -0.08628519
v -0.55138934 0.10571211 -0.08628519
v -0.55138934 0.10571211 -0.08628519
v -0.21223499 0.07141212 -0.48202759
v -0.21223499 0.07141212 -0.48202759
v -0.21223499 0.07141212 -0.48202759
v -0.21223499 0.07141212 -0.48202759
v -0.23781087 0.08566236 -0.48425055
v -0.23781087 0.08566236 -0.48425055
v -0.23781087 0.08566236 -0.48425055
v -0.23781087 0.08566236 -0.48425055
v -0.23781087 0.08566236 -0.48425055
v -0.26035970 0.09129614 -0.47885984
v -0.26035970 0.09129614 -0.47885984
v -0.26035970 0.09129614 -0.47885984
v -0.26035970 0.09129614 -0.47885984
v -0.26035970 0.09129614 -0.47885984
v -0.26035970 0.09129614 -0.47885984
v -0.26035970 0.09129614 -0.47885984
v -0.26035970 0.09129614 -0.47885984
v -0.21710448 0.09825557 -0.50503516
v -0.21710448 0.09825557 -0.50503516
v -0.21710448 0.09825557 -0.50503516
v -0.21710448 0.09825557 -0.50503516
v -0.21710448 0.09825557 -0.50503516
v -0.21710448 0.09825557 -0.50503516
v -0.20635647 0.10968888 -0.51837295
v -0.20635647 0.10968888 -0.51837295
v -0.20635647 0.10968888 -0.51837295
v -0.20635647 0.10968888 -0.51837295
v -0.18880871 0.12791593 -0.53860188
v -0.18880871 0.12791593 -0.53860188
v -0.18880871 0.12791593 -0.53860188
v -0.18880871 0.12791593 -0.53860188
v -0.18880871 0.12791593 -0.53860188
v -0.18880871 0.12791593 -0.53860188
v -0.18880871 0.12791593 -0.53860188
v -0.18880871 0.12791593 -0.53860188
v -0.18880871 0.12791593 -0.53860188
v -0.17665690 0.11200869 -0.53115499
v -0.17665690 0.11200869 -0.53115499
v -0.17665690 0.11200869 -0.53115499
v -0.17665690 0.11200869 -0.53115499
v -0.17665690 0.14017779 -0.54754931
v -0.17665690 0.14017779 -0.54754931
v -0.17665690 0.14017779 -0.54754931
v -0.17665690 0.14017779 -0.54754931
v -0.20065345 0.14895990 -0.54315895
v -0.20065345 0.14895990 -0.54315895
v -0.20065345 0.14895990 -0.54315895
v -0.20065345 0.14895990 -0.54315895
v -0.20065345 0.14895990 -0.54315895
v -0.20065345 0.14895990 -0.54315895
v -0.17433181 0.17447776 -0.55671901
v -0.17433181 0.17447776 -0.55671901
v -0.17433181 0.17447776 -0.55671901
v -0.17433181 0.17447776 -0.55671901
v -0.17433181 0.17447776 -0.55671901
v -0.17433181 0.17447776 -0.55671901
v -0.17433181 0.17447776 -0.55671901
v -0.17433181 0.17447776 -0.55671901
v -0.14265810 0.17447776 -0.56499952
v -0.14265810 0.17447776 -0.56499952
v -0.14265810 0.17447776 -0.56499952
v -0.14265810 0.17447776 -0.56499952
v -0.14265810 0.17447776 -0.56499952
v -0.14265810 0.17447776 -0.56499952
v -0.13870986 0.17447776 -0.56583309
v -0.13870986 0.17447776 -0.56583309
v -0.13870986 0.17447776 -0.56583309
v -0.33612216 1.76420736 -0.33664599
v -0.33612216 1.76420736 -0.33664599
v -0.33612216 1.76420736 -0.33664599
v -0.33612216 1.76420736 -0.33664599
v -0.13870986 0.20629226 -0.56611103
v -0.13870986 0.20629226 -0.56611103
v -0.13870986 0.20629226 -0.56611103
v -0.13870986 0.20629226 -0.56611103
v -0.33673635 1.50621188 -0.46635571
v -0.33673635 1.50621188 -0.46635571
v -0.33673635 1.50621188 -0.46635571
v -0.33673635 1.50621188 -0.46635571
v -0.33673635 1.50621188 -0.46635571
v -0.33673635 1.50621188 -0.46635571
v -0.32291746 1.25235879 -0.47991577
v -0.32291746 1.25235879 -0.47991577
v -0.32291746 1.25235879 -0.47991577
v -0.32291746 1.25235879 -0.47991577
v -0.33906141 1.22071004 -0.46824521
v -0.33906141 1.22071004 -0.46824521
v -0.33906141 1.22071004 -0.46824521
v -0.33906141 1.22071004 -0.46824521
v -0.33906141 1.22071004 -0.46824521
v -0.33906141 1.22071004 -0.46824521
v -0.33906141 1.22071004 -0.46824521
v -0.33875433 1.25235879 -0.46807849
v -0.33875433 1.25235879 -0.46807849
v -0.33875433 1.25235879 -0.46807849
v -0.33875433 1.25235879 -0.46807849
v -0.32318068 1.22071004 -0.48002690
v -0.32318068 1.22071004 -0.48002690
v -0.32318068 1.22071004 -0.48002690
v -0.32318068 1.22071004 -0.48002690
v -0.32318068 1.22071004 -0.48002690
v -0.32318068 1.22071004 -0.48002690
v -0.32318068 1.22071004 -0.48002690
v -0.40635708 1.56950939 -0.40622464
v -0.40635708 1.56950939 -0.40622464
v -0.40635708 1.56950939 -0.40622464
v -0.40635708 1.56950939 -0.40622464
v -0.40635708 1.56950939 -0.40622464
v -0.40635708 1.56950939 -0.40622464
v -0.40635708 1.56950939 -0.40622464
v -0.35722336 1.50621188 -0.45046154
v -0.35722336 1.50621188 -0.45046154
v -0.35722336 1.50621188 -0.45046154
v -0.35722336 1.50621188 -0.45046154
v -0.35722336 1.50621188 -0.45046154
v -0.37301636 1.50621188 -0.43812412
v -0.37301636 1.50621188 -0.43812412
v -0.37301636 1.50621188 -0.43812412
v -0.37301636 1.50621188 -0.43812412
v -0.37301636 1.50621188 -0.43812412
v -0.37301636 1.50621188 -0.43812412
v -0.37301636 1.50621188 -0.43812412
v -0.40723449 1.53786063 -0.40716940
v -0.40723449 1.53786063 -0.40716940
v -0.40723449 1.53786063 -0.40716940
v -0.40723449 1.53786063 -0.40716940
v -0.40723449 1.53786063 -0.40716940
v -0.39170471 1.50621188 -0.42222995
v -0.39170471 1.50621188 -0.42222995
v -0.39170471 1.50621188 -0.42222995
v -0.39170471 1.50621188 -0.42222995
v -0.40833122 1.41093409 -0.40828088
v -0.40833122 1.41093409 -0.40828088
v -0.40833122 1.41093409 -0.40828088
v -0.40833122 1.41093409 -0.40828088
v -0.40833122 1.41093409 -0.40828088
v -0.40758544 1.50621188 -0.40750283
v -0.40758544 1.50621188 -0.40750283
v -0.40758544 1.50621188 -0.40750283
v -0.40758544 1.50621188 -0.40750283
v -0.40758544 1.50621188 -0.40750283
v -0.20916413 0.17215796 -0.54449266
v -0.20916413 0.17215796 -0.54449266
v -0.20916413 0.17215796 -0.54449266
v -0.20916413 0.17215796 -0.54449266
v -0.22179849 0.16006179 -0.53904647
v -0.22179849 0.16006179 -0.53904647
v -0.22179849 0.16006179 -0.53904647
v -0.22179849 0.16006179 -0.53904647
v -0.22179849 0.16006179 -0.53904647
v -0.22179849 0.16006179 -0.53904647
v -0.22179849 0.16006179 -0.53904647
v -0.22179849 0.16006179 -0.53904647
v -0.26952842 0.17447776 -0.51687247
v -0.26952842 0.17447776 -0.51687247
v -0.26952842 0.17447776 -0.51687247
v -0.26952842 0.17447776 -0.51687247
v -0.26952842 0.17447776 -0.51687247
v -0.26952842 0.17447776 -0.51687247
v -0.28707618 0.17447776 -0.50825846
v -0.28707618 0.17447776 -0.50825846
v -0.28707618 0.17447776 -0.50825846
v -0.28707618 0.17447776 -0.50825846
v -0.30291301 0.17447776 -0.49908879
v -0.30291301 0.17447776 -0.49908879
v -0.30291301 0.17447776 -0.49908879
v -0.30291301 0.17447776 -0.49908879
v -0.30291301 0.17447776 -0.49908879
v -0.32752374 0.17447776 -0.48319465
v -0.32752374 0.17447776 -0.48319465
v -0.32752374 0.17447776 -0.48319465
v -0.32752374 0.17447776 -0.48319465
v -0.32752374 0.17447776 -0.48319465
v -0.32752374 0.17447776 -0.48319465
v -0.32752374 0.20629226 -0.48330578
v -0.32752374 0.20629226 -0.48330578
v -0.32752374 0.20629226 -0.48330578
v -0.32752374 0.20629226 -0.48330578
v -0.32752374 0.20629226 -0.48330578
v -0.41701734 1.60132384 -0.38605130
v -0.41701734 1.60132384 -0.38605130
v -0.41701734 1.60132384 -0.38605130
v -0.41701734 1.60132384 -0.38605130
v -0.41701734 1.60132384 -0.38605130
v -0.41701734 1.60132384 -0.38605130
v -0.44364610 1.61656833 -0.34859443
v -0.44364610 1.61656833 -0.34859443
v -0.44364610 1.61656833 -0.34859443
v -0.44364610 1.61656833 -0.34859443
v -0.44364610 1.61656833 -0.34859443
v -0.44364610 1.61656833 -0.34859443
v -0.44364610 1.61656833 -0.34859443
v -0.44364610 1.61656833 -0.34859443
v -0.44364610 1.61656833 -0.34859443
v -0.42061463 1.63081861 -0.36326596
v -0.42061463 1.63081861 -0.36326596
v -0.42061463 1.63081861 -0.36326596
v -0.42061463 1.63081861 -0.36326596
v -0.42061463 1.63081861 -0.36326596
v -0.40530422 1.64009774 -0.37288025
v -0.40530422 1.64009774 -0.37288025
v -0.40530422 1.64009774 -0.37288025
v -0.40530422 1.64009774 -0.37288025
v -0.40530422 1.64009774 -0.37288025
v -0.40530422 1.64009774 -0.37288025
v -0.40530422 1.64009774 -0.37288025
v -0.33708730 1.76420736 -0.33564568
v -0.33708730 1.76420736 -0.33564568
v -0.33708730 1.76420736 -0.33564568
v -0.33708730 1.76420736 -0.33564568
v -0.44395316 1.76420736 -0.17670408
v -0.44395316 1.76420736 -0.17670408
v -0.44395316 1.76420736 -0.17670408
v -0.50501937 1.64556587 -0.21649504
v -0.50501937 1.64556587 -0.21649504
v -0.50501937 1.64556587 -0.21649504
v -0.50501937 1.64556587 -0.21649504
v -0.50501937 1.64556587 -0.21649504
v -0.50501937 1.64556587 -0.21649504
v -0.47931191 1.62303066 -0.29174224
v -0.47931191 1.62303066 -0.29174224
v -0.47931191 1.62303066 -0.29174224
v -0.47931191 1.62303066 -0.29174224
v -0.47931191 1.62303066 -0.29174224
v -0.47931191 1.62303066 -0.29174224
v -0.50624770 1.61424851 -0.25206241
v -0.50624770 1.61424851 -0.25206241
v -0.50624770 1.61424851 -0.25206241
v -0.50624770 1.61424851 -0.25206241
v -0.50624770 1.61424851 -0.25206241
v -0.50624770 1.61424851 -0.25206241
v -0.50624770 1.61424851 -0.25206241
v -0.51633763 1.60281515 -0.24005842
v -0.51633763 1.60281515 -0.24005842
v -0.51633763 1.60281515 -0.24005842
v -0.51633763 1.60281515 -0.24005842
v -0.51633763 1.60281515 -0.24005842
v -0.51633763 1.60281515 -0.24005842
v -0.53248161 1.60016394 -0.20493565
v -0.53248161 1.60016394 -0.20493565
v -0.53248161 1.60016394 -0.20493565
v -0.53248161 1.60016394 -0.20493565
v -0.53248161 1.60016394 -0.20493565
v -0.43145040 1.76420736 -0.20543583
v -0.43145040 1.76420736 -0.20543583
v -0.43145040 1.76420736 -0.20543583
v -0.43145040 1.76420736 -0.20543583
v -0.43145040 1.76420736 -0.20543583
v -0.43145040 1.76420736 -0.20543583
v -0.43145040 1.76420736 -0.20543583
v -0.50067633 1.63429832 -0.24005842
v -0.50067633 1.63429832 -0.24005842
v -0.50067633 1.63429832 -0.24005842
v -0.50067633 1.63429832 -0.24005842
v -0.50067633 1.63429832 -0.24005842
v -0.48523426 1.63346970 -0.26940146
v -0.48523426 1.63346970 -0.26940146
v -0.48523426 1.63346970 -0.26940146
v -0.48523426 1.63346970 -0.26940146
v -0.53577185 1.56950939 -0.21260487
v -0.53577185 1.56950939 -0.21260487
v -0.53577185 1.56950939 -0.21260487
v -0.53577185 1.56950939 -0.21260487
v -0.53577185 1.56950939 -0.21260487
v -0.53577185 1.56950939 -0.21260487
v -0.53577185 1.56950939 -0.21260487
v -0.54103613 1.56950939 -0.19676627
v -0.54103613 1.56950939 -0.19676627
v -0.54103613 1.56950939 -0.19676627
v -0.54103613 1.56950939 -0.19676627
v -0.54103613 1.56950939 -0.19676627
v -0.54937136 1.53786063 -0.17448111
v -0.54937136 1.53786063 -0.17448111
v -0.54937136 1.53786063 -0.17448111
v -0.54937136 1.53786063 -0.17448111
v -0.54937136 1.53786063 -0.17448111
v -0.55950516 1.50621188 -0.14280394
v -0.55950516 1.50621188 -0.14280394
v -0.55950516 1.50621188 -0.14280394
v -0.55950516 1.50621188 -0.14280394
v -0.56924421 1.22071004 -0.11879598
v -0.56924421 1.22071004 -0.11879598
v -0.56924421 1.22071004 -0.11879598
v -0.56924421 1.22071004 -0.11879598
v -0.56924421 1.22071004 -0.11879598
v -0.56924421 1.22071004 -0.11879598
v -0.56924421 1.22071004 -0.11879598
v -0.57205182 1.22071004 -0.10301296
v -0.57205182 1.22071004 -0.10301296
v -0.57205182 1.22071004 -0.10301296
v -0.57205182 1.22071004 -0.10301296
v -0.57205182 1.22071004 -0.10301296
v -0.57205182 1.22071004 -0.10301296
v -0.57082349 1.41093409 -0.09601064
v -0.57082349 1.41093409 -0.09601064
v -0.57082349 1.41093409 -0.09601064
v -0.57082349 1.41093409 -0.09601064
v -0.57503492 1.22071004 -0.07939402
v -0.57503492 1.22071004 -0.07939402
v -0.57503492 1.22071004 -0.07939402
v -0.57503492 1.22071004 -0.07939402
v -0.57503492 1.22071004 -0.07939402
v -0.57503492 1.22071004 -0.07939402
v -0.57503492 1.22071004 -0.07939402
v -0.57814968 1.22071004 -0.04760570
v -0.57814968 1.22071004 -0.04760570
v -0.57814968 1.22071004 -0.04760570
v -0.57814968 1.22071004 -0.04760570
v -0.57814968 1.22071004 -0.04760570
v -0.58034313 1.22071004 -0.01598411
v -0.58034313 1.22071004 -0.01598411
v -0.58034313 1.22071004 -0.01598411
v -0.58034313 1.22071004 -0.01598411
v -0.58034313 1.22071004 -0.01598411
v -0.58034313 1.22071004 -0.01598411
v -0.57687747 1.52361035 0.00163286
v -0.57687747 1.52361035 0.00163286
v -0.57687747 1.52361035 0.00163286
v -0.57687747 1.52361035 0.00163286
v -0.57670200 1.53786063 0.00163286
v -0.57670200 1.53786063 0.00163286
v -0.57670200 1.53786063 0.00163286
v -0.52375162 0.07837150 -0.11407219
v -0.52375162 0.07837150 -0.11407219
v -0.52375162 0.07837150 -0.11407219
v -0.52375162 0.07837150 -0.11407219
v -0.52375162 0.07837150 -0.11407219
v -0.52375162 0.07837150 -0.11407219
v -0.51774150 0.07141212 -0.11018201
v -0.51774150 0.07141212 -0.11018201
v -0.51774150 0.07141212 -0.11018201
v -0.53805304 0.09643287 -0.12318631
v -0.53805304 0.09643287 -0.12318631
v -0.53805304 0.09643287 -0.12318631
v -0.53805304 0.09643287 -0.12318631
v -0.53805304 0.09643287 -0.12318631
v -0.53805304 0.09643287 -0.12318631
v -0.53805304 0.09643287 -0.12318631
v -0.53805304 0.09643287 -0.12318631
v -0.53805304 0.09643287 -0.12318631
v -0.53805304 0.09643287 -0.12318631
v -0.58034313 1.22071004 0.00163286
v -0.58034313 1.22071004 0.00163286
v -0.58034313 1.22071004 0.00163286
v -0.58420366 0.17447776 -0.04760570
v -0.58420366 0.17447776 -0.04760570
v -0.58420366 0.17447776 -0.04760570
v -0.58420366 0.17447776 -0.04760570
v -0.58108890 0.17447776 -0.07939402
v -0.58108890 0.17447776 -0.07939402
v -0.58108890 0.17447776 -0.07939402
v -0.58108890 0.17447776 -0.07939402
v -0.58108890 0.17447776 -0.07939402
v -0.58108890 0.17447776 -0.07939402
v -0.58108890 0.17447776 -0.07939402
v -0.57341176 0.15210819 -0.11107118
v -0.57341176 0.15210819 -0.11107118
v -0.57341176 0.15210819 -0.11107118
v -0.57341176 0.15210819 -0.11107118
v -0.57341176 0.15210819 -0.11107118
v -0.56634879 0.13620095 -0.11107118
v -0.56634879 0.13620095 -0.11107118
v -0.56634879 0.13620095 -0.11107118
v -0.56634879 0.13620095 -0.11107118
v -0.56634879 0.13620095 -0.11107118
v -0.56634879 0.13620095 -0.11107118
v -0.56634879 0.13620095 -0.11107118
v -0.54651982 0.11631688 -0.14280394
v -0.54651982 0.11631688 -0.14280394
v -0.54651982 0.11631688 -0.14280394
v -0.54651982 0.11631688 -0.14280394
v -0.54651982 0.11631688 -0.14280394
v -0.54651982 0.11631688 -0.14280394
v -0.54651982 0.11631688 -0.14280394
v -0.54643208 0.10571211 -0.11473907
v -0.54643208 0.10571211 -0.11473907
v -0.54643208 0.10571211 -0.11473907
v -0.54643208 0.10571211 -0.11473907
v -0.54643208 0.10571211 -0.11473907
v -0.22359715 0.07141212 -0.47674802
v -0.22359715 0.07141212 -0.47674802
v -0.22359715 0.07141212 -0.47674802
v -0.23781087 0.07141212 -0.47013474
v -0.23781087 0.07141212 -0.47013474
v -0.23781087 0.07141212 -0.47013474
v -0.23781087 0.07141212 -0.47013474
v -0.28150475 0.09759278 -0.47358030
v -0.28150475 0.09759278 -0.47358030
v -0.28150475 0.09759278 -0.47358030
v -0.28150475 0.09759278 -0.47358030
v -0.28150475 0.09759278 -0.47358030
v -0.28150475 0.09759278 -0.47358030
v -0.28150475 0.09759278 -0.47358030
v -0.28150475 0.09759278 -0.47358030
v -0.28150475 0.09759278 -0.47358030
v -0.28150475 0.09759278 -0.47358030
v -0.23960949 0.07141212 -0.46924555
v -0.23960949 0.07141212 -0.46924555
v -0.23960949 0.07141212 -0.46924555
v -0.24434738 0.07141212 -0.46680030
v -0.24434738 0.07141212 -0.46680030
v -0.24434738 0.07141212 -0.46680030
v -0.24434738 0.07141212 -0.46680030
v -0.27053741 0.07837150 -0.46035370
v -0.27053741 0.07837150 -0.46035370
v -0.27053741 0.07837150 -0.46035370
v -0.27053741 0.07837150 -0.46035370
v -0.27400309 0.10571211 -0.48336133
v -0.27400309 0.10571211 -0.48336133
v -0.27400309 0.10571211 -0.48336133
v -0.27400309 0.10571211 -0.48336133
v -0.27400309 0.10571211 -0.48336133
v -0.23776697 0.12079082 -0.51203752
v -0.23776697 0.12079082 -0.51203752
v -0.23776697 0.12079082 -0.51203752
v -0.23776697 0.12079082 -0.51203752
v -0.23776697 0.12079082 -0.51203752
v -0.20916413 0.14017779 -0.53582317
v -0.20916413 0.14017779 -0.53582317
v -0.20916413 0.14017779 -0.53582317
v -0.20916413 0.14017779 -0.53582317
v -0.20916413 0.14017779 -0.53582317
v -0.25483218 0.12625892 -0.50792503
v -0.25483218 0.12625892 -0.50792503
v -0.25483218 0.12625892 -0.50792503
v -0.25483218 0.12625892 -0.50792503
v -0.25483218 0.12625892 -0.50792503
v -0.25483218 0.12625892 -0.50792503
v -0.25483218 0.12625892 -0.50792503
v -0.35972390 1.22071004 -0.45240662
v -0.35972390 1.22071004 -0.45240662
v -0.35972390 1.22071004 -0.45240662
v -0.35972390 1.22071004 -0.45240662
v -0.35972390 1.22071004 -0.45240662
v -0.35972390 1.22071004 -0.45240662
v -0.35972390 1.22071004 -0.45240662
v -0.35946068 1.25235879 -0.45218432
v -0.35946068 1.25235879 -0.45218432
v -0.35946068 1.25235879 -0.45218432
v -0.35946068 1.25235879 -0.45218432
v -0.34340450 0.20629226 -0.47157964
v -0.34340450 0.20629226 -0.47157964
v -0.34340450 0.20629226 -0.47157964
v -0.34340450 0.20629226 -0.47157964
v -0.34340450 0.20629226 -0.47157964
v -0.34340450 0.20629226 -0.47157964
v -0.38021091 0.17447776 -0.44373709
v -0.38021091 0.17447776 -0.44373709
v -0.38021091 0.17447776 -0.44373709
v -0.38021091 0.17447776 -0.44373709
v -0.38021091 0.17447776 -0.44373709
v -0.38021091 0.17447776 -0.44373709
v -0.38021091 0.17447776 -0.44373709
v -0.38021091 0.17447776 -0.44373709
v -0.42083400 1.56950939 -0.39027491
v -0.42083400 1.56950939 -0.39027491
v -0.42083400 1.56950939 -0.39027491
v -0.42083400 1.56950939 -0.39027491
v -0.42083400 1.56950939 -0.39027491
v -0.42171139 1.53786063 -0.39133081
v -0.42171139 1.53786063 -0.39133081
v -0.42171139 1.53786063 -0.39133081
v -0.42171139 1.53786063 -0.39133081
v -0.42171139 1.53786063 -0.39133081
v -0.42171139 1.53786063 -0.39133081
v -0.42171139 1.53786063 -0.39133081
v -0.37551689 1.22071004 -0.44001362
v -0.37551689 1.22071004 -0.44001362
v -0.37551689 1.22071004 -0.44001362
v -0.37551689 1.22071004 -0.44001362
v -0.37551689 1.22071004 -0.44001362
v -0.37551689 1.22071004 -0.44001362
v -0.37551689 1.22071004 -0.44001362
v -0.39367881 1.25235879 -0.42389715
v -0.39367881 1.25235879 -0.42389715
v -0.39367881 1.25235879 -0.42389715
v -0.39367881 1.25235879 -0.42389715
v -0.39367881 1.25235879 -0.42389715
v -0.40947181 1.25235879 -0.40955910
v -0.40947181 1.25235879 -0.40955910
v -0.40947181 1.25235879 -0.40955910
v -0.40947181 1.25235879 -0.40955910
v -0.40947181 1.25235879 -0.40955910
v -0.40947181 1.25235879 -0.40955910
v -0.42215008 1.47439742 -0.39194211
v -0.42215008 1.47439742 -0.39194211
v -0.42215008 1.47439742 -0.39194211
v -0.42215008 1.47439742 -0.39194211
v -0.42215008 1.47439742 -0.39194211
v -0.42215008 1.47439742 -0.39194211
v -0.42193073 1.50621188 -0.39166427
v -0.42193073 1.50621188 -0.39166427
v -0.42193073 1.50621188 -0.39166427
v -0.42193073 1.50621188 -0.39166427
v -0.42193073 1.50621188 -0.39166427
v -0.28597945 0.15790772 -0.50764716
v -0.28597945 0.15790772 -0.50764716
v -0.28597945 0.15790772 -0.50764716
v -0.28597945 0.15790772 -0.50764716
v -0.28597945 0.15790772 -0.50764716
v -0.28597945 0.15790772 -0.50764716
v -0.28597945 0.15790772 -0.50764716
v -0.28597945 0.15790772 -0.50764716
v -0.28597945 0.15790772 -0.50764716
v -0.23776697 0.14282896 -0.52398592
v -0.23776697 0.14282896 -0.52398592
v -0.23776697 0.14282896 -0.52398592
v -0.23776697 0.14282896 -0.52398592
v -0.23776697 0.14282896 -0.52398592
v -0.32375100 0.14912559 -0.48041594
v -0.32375100 0.14912559 -0.48041594
v -0.32375100 0.14912559 -0.48041594
v -0.32375100 0.14912559 -0.48041594
v -0.32375100 0.14912559 -0.48041594
v -0.32375100 0.14912559 -0.48041594
v -0.32375100 0.14912559 -0.48041594
v -0.32375100 0.14912559 -0.48041594
v -0.32375100 0.14912559 -0.48041594
v -0.32375100 0.14912559 -0.48041594
v -0.34340450 0.17447776 -0.47163522
v -0.34340450 0.17447776 -0.47163522
v -0.34340450 0.17447776 -0.47163522
v -0.34340450 0.17447776 -0.47163522
v -0.34340450 0.17447776 -0.47163522
v -0.44763818 1.59535861 -0.35331821
v -0.44763818 1.59535861 -0.35331821
v -0.44763818 1.59535861 -0.35331821
v -0.44763818 1.59535861 -0.35331821
v -0.44763818 1.59535861 -0.35331821
v -0.44763818 1.59535861 -0.35331821
v -0.44763818 1.59535861 -0.35331821
v -0.46027258 1.60264945 -0.33364502
v -0.46027258 1.60264945 -0.33364502
v -0.46027258 1.60264945 -0.33364502
v -0.46027258 1.60264945 -0.33364502
v -0.47286311 1.60977459 -0.31291592
v -0.47286311 1.60977459 -0.31291592
v -0.47286311 1.60977459 -0.31291592
v -0.47286311 1.60977459 -0.31291592
v -0.47286311 1.60977459 -0.31291592
v -0.47286311 1.60977459 -0.31291592
v -0.47286311 1.60977459 -0.31291592
v -0.47286311 1.60977459 -0.31291592
v -0.45022649 1.63297272 -0.32536447
v -0.45022649 1.63297272 -0.32536447
v -0.45022649 1.63297272 -0.32536447
v -0.45022649 1.63297272 -0.32536447
v -0.44443572 1.64954269 -0.31791759
v -0.44443572 1.64954269 -0.31791759
v -0.44443572 1.64954269 -0.31791759
v -0.44443572 1.64954269 -0.31791759
v -0.44443572 1.64954269 -0.31791759
v -0.44443572 1.64954269 -0.31791759
v -0.44443572 1.64954269 -0.31791759
v -0.44443572 1.64954269 -0.31791759
v -0.43763596 1.63297272 -0.34131423
v -0.43763596 1.63297272 -0.34131423
v -0.43763596 1.63297272 -0.34131423
v -0.43763596 1.63297272 -0.34131423
v -0.41464841 1.65169680 -0.35176212
v -0.41464841 1.65169680 -0.35176212
v -0.41464841 1.65169680 -0.35176212
v -0.41464841 1.65169680 -0.35176212
v -0.41464841 1.65169680 -0.35176212
v -0.36696237 1.76420736 -0.30274588
v -0.36696237 1.76420736 -0.30274588
v -0.36696237 1.76420736 -0.30274588
v -0.36696237 1.76420736 -0.30274588
v -0.36696237 1.76420736 -0.30274588
v -0.43430188 1.76420736 -0.19921154
v -0.43430188 1.76420736 -0.19921154
v -0.43430188 1.76420736 -0.19921154
v -0.47246829 1.64424026 -0.27996054
v -0.47246829 1.64424026 -0.27996054
v -0.47246829 1.64424026 -0.27996054
v -0.47246829 1.64424026 -0.27996054
v -0.47246829 1.64424026 -0.27996054
v -0.47246829 1.64424026 -0.27996054
v -0.47246829 1.64424026 -0.27996054
v -0.47246829 1.64424026 -0.27996054
v -0.47246829 1.64424026 -0.27996054
v -0.46606335 1.63346970 -0.30191228
v -0.46606335 1.63346970 -0.30191228
v -0.46606335 1.63346970 -0.30191228
v -0.46606335 1.63346970 -0.30191228
v -0.46606335 1.63346970 -0.30191228
v -0.46606335 1.63346970 -0.30191228
v -0.48273376 1.59999824 -0.30191228
v -0.48273376 1.59999824 -0.30191228
v -0.48273376 1.59999824 -0.30191228
v -0.48273376 1.59999824 -0.30191228
v -0.48273376 1.59999824 -0.30191228
v -0.50054467 1.60281515 -0.26912361
v -0.50054467 1.60281515 -0.26912361
v -0.50054467 1.60281515 -0.26912361
v -0.50975728 1.59320450 -0.25834227
v -0.50975728 1.59320450 -0.25834227
v -0.50975728 1.59320450 -0.25834227
v -0.50975728 1.59320450 -0.25834227
v -0.50975728 1.59320450 -0.25834227
v -0.50975728 1.59320450 -0.25834227
v -0.50975728 1.59320450 -0.25834227
v -0.50975728 1.59320450 -0.25834227
v -0.52423412 1.56950939 -0.23789102
v -0.52423412 1.56950939 -0.23789102
v -0.52423412 1.56950939 -0.23789102
v -0.52423412 1.56950939 -0.23789102
v -0.52423412 1.56950939 -0.23789102
v -0.52423412 1.56950939 -0.23789102
v -0.52423412 1.56950939 -0.23789102
v -0.41776311 1.76420736 -0.23022182
v -0.41776311 1.76420736 -0.23022182
v -0.41776311 1.76420736 -0.23022182
v -0.47830290 1.65252531 -0.25873128
v -0.47830290 1.65252531 -0.25873128
v -0.47830290 1.65252531 -0.25873128
v -0.53634214 1.53786063 -0.21449438
v -0.53634214 1.53786063 -0.21449438
v -0.53634214 1.53786063 -0.21449438
v -0.53634214 1.53786063 -0.21449438
v -0.53634214 1.53786063 -0.21449438
v -0.53634214 1.53786063 -0.21449438
v -0.54169416 1.53786063 -0.19865580
v -0.54169416 1.53786063 -0.19865580
v -0.54169416 1.53786063 -0.19865580
v -0.54169416 1.53786063 -0.19865580
v -0.54169416 1.53786063 -0.19865580
v -0.54169416 1.53786063 -0.19865580
v -0.54169416 1.53786063 -0.19865580
v -0.54976618 1.50621188 -0.17448111
v -0.54976618 1.50621188 -0.17448111
v -0.54976618 1.50621188 -0.17448111
v -0.54976618 1.50621188 -0.17448111
v -0.54976618 1.50621188 -0.17448111
v -0.54976618 1.50621188 -0.17448111
v -0.56292701 1.22071004 -0.14280394
v -0.56292701 1.22071004 -0.14280394
v -0.56292701 1.22071004 -0.14280394
v -0.56292701 1.22071004 -0.14280394
v -0.56292701 1.22071004 -0.14280394
v -0.56292701 1.22071004 -0.14280394
v -0.56292701 1.22071004 -0.14280394
v -0.57205182 0.17447776 -0.13185586
v -0.57205182 0.17447776 -0.13185586
v -0.57205182 0.17447776 -0.13185586
v -0.57205182 0.17447776 -0.13185586
v -0.57205182 0.17447776 -0.13185586
v -0.57643878 0.17447776 -0.11107118
v -0.57643878 0.17447776 -0.11107118
v -0.57643878 0.17447776 -0.11107118
v -0.57643878 0.17447776 -0.11107118
v -0.57643878 0.17447776 -0.11107118
v -0.51234555 0.07141212 -0.13324521
v -0.51234555 0.07141212 -0.13324521
v -0.51234555 0.07141212 -0.13324521
v -0.51234555 0.07141212 -0.13324521
v -0.51234555 0.07141212 -0.13324521
v -0.51585513 0.07141212 -0.11968517
v -0.51585513 0.07141212 -0.11968517
v -0.51585513 0.07141212 -0.11968517
v -0.54204518 0.10571211 -0.13230045
v -0.54204518 0.10571211 -0.13230045
v -0.54204518 0.10571211 -0.13230045
v -0.54204518 0.10571211 -0.13230045
v -0.53897429 0.10571211 -0.14280394
v -0.53897429 0.10571211 -0.14280394
v -0.53897429 0.10571211 -0.14280394
v -0.53897429 0.10571211 -0.14280394
v -0.53897429 0.10571211 -0.14280394
v -0.53515762 0.10040969 -0.14280394
v -0.53515762 0.10040969 -0.14280394
v -0.53515762 0.10040969 -0.14280394
v -0.53515762 0.10040969 -0.14280394
v -0.53515762 0.10040969 -0.14280394
v -0.53515762 0.10040969 -0.14280394
v -0.51431966 0.08682226 -0.17453668
v -0.51431966 0.08682226 -0.17453668
v -0.51431966 0.08682226 -0.17453668
v -0.51431966 0.08682226 -0.17453668
v -0.51431966 0.08682226 -0.17453668
v -0.51431966 0.08682226 -0.17453668
v -0.51431966 0.08682226 -0.17453668
v -0.51932079 0.08185121 -0.14280394
v -0.51932079 0.08185121 -0.14280394
v -0.51932079 0.08185121 -0.14280394
v -0.51932079 0.08185121 -0.14280394
v -0.57148153 0.15658213 -0.12979962
v -0.57148153 0.15658213 -0.12979962
v -0.57148153 0.15658213 -0.12979962
v -0.57148153 0.15658213 -0.12979962
v -0.57148153 0.15658213 -0.12979962
v -0.57148153 0.15658213 -0.12979962
v -0.57148153 0.15658213 -0.12979962
v -0.57148153 0.15658213 -0.12979962
v -0.57148153 0.15658213 -0.12979962
v -0.57148153 0.15658213 -0.12979962
v -0.56270766 0.14481740 -0.14130343
v -0.56270766 0.14481740 -0.14130343
v -0.56270766 0.14481740 -0.14130343
v -0.56270766 0.14481740 -0.14130343
v -0.53906208 0.12675603 -0.19065315
v -0.53906208 0.12675603 -0.19065315
v -0.53906208 0.12675603 -0.19065315
v -0.53906208 0.12675603 -0.19065315
v -0.53906208 0.12675603 -0.19065315
v -0.53906208 0.12675603 -0.19065315
v -0.53906208 0.12675603 -0.19065315
v -0.53906208 0.12675603 -0.19065315
v -0.53906208 0.12675603 -0.19065315
v -0.53906208 0.12675603 -0.19065315
v -0.53906208 0.12675603 -0.19065315
v -0.53906208 0.12675603 -0.19065315
v -0.53906208 0.12675603 -0.19065315
v -0.53669310 0.10571211 -0.15013970
v -0.53669310 0.10571211 -0.15013970
v -0.53669310 0.10571211 -0.15013970
v -0.53669310 0.10571211 -0.15013970
v -0.53669310 0.10571211 -0.15013970
v -0.27597722 0.07141212 -0.44990578
v -0.27597722 0.07141212 -0.44990578
v -0.27597722 0.07141212 -0.44990578
v -0.27597722 0.07141212 -0.44990578
v -0.28611106 0.07141212 -0.44368151
v -0.28611106 0.07141212 -0.44368151
v -0.28611106 0.07141212 -0.44368151
v -0.28611106 0.07141212 -0.44368151
v -0.30124599 0.08798216 -0.45112842
v -0.30124599 0.08798216 -0.45112842
v -0.30124599 0.08798216 -0.45112842
v -0.30124599 0.08798216 -0.45112842
v -0.30124599 0.08798216 -0.45112842
v -0.30124599 0.08798216 -0.45112842
v -0.31853056 0.09411306 -0.44501531
v -0.31853056 0.09411306 -0.44501531
v -0.31853056 0.09411306 -0.44501531
v -0.31853056 0.09411306 -0.44501531
v -0.31853056 0.09411306 -0.44501531
v -0.31853056 0.09411306 -0.44501531
v -0.31853056 0.09411306 -0.44501531
v -0.31853056 0.09411306 -0.44501531
v -0.30387816 0.10935751 -0.46830079
v -0.30387816 0.10935751 -0.46830079
v -0.30387816 0.10935751 -0.46830079
v -0.30387816 0.10935751 -0.46830079
v -0.29510427 0.11880244 -0.48174968
v -0.29510427 0.11880244 -0.48174968
v -0.29510427 0.11880244 -0.48174968
v -0.29510427 0.11880244 -0.48174968
v -0.29510427 0.11880244 -0.48174968
v -0.29510427 0.11880244 -0.48174968
v -0.27597722 0.13686375 -0.50292337
v -0.27597722 0.13686375 -0.50292337
v -0.27597722 0.13686375 -0.50292337
v -0.27597722 0.13686375 -0.50292337
v -0.27597722 0.13686375 -0.50292337
v -0.27597722 0.13686375 -0.50292337
v -0.36437407 0.17447776 -0.45579663
v -0.36437407 0.17447776 -0.45579663
v -0.36437407 0.17447776 -0.45579663
v -0.36437407 0.17447776 -0.45579663
v -0.41333231 0.15625072 -0.41350484
v -0.41333231 0.15625072 -0.41350484
v -0.41333231 0.15625072 -0.41350484
v -0.41333231 0.15625072 -0.41350484
v -0.41333231 0.15625072 -0.41350484
v -0.41333231 0.15625072 -0.41350484
v -0.41333231 0.15625072 -0.41350484
v -0.41333231 0.15625072 -0.41350484
v -0.41333231 0.15625072 -0.41350484
v -0.41333231 0.15625072 -0.41350484
v -0.41333231 0.15625072 -0.41350484
v -0.41333231 0.15625072 -0.41350484
v -0.41333231 0.15625072 -0.41350484
v -0.41333231 0.15625072 -0.41350484
v -0.41333231 0.15625072 -0.41350484
v -0.41333231 0.15625072 -0.41350484
v -0.39626712 0.17447776 -0.42984360
v -0.39626712 0.17447776 -0.42984360
v -0.39626712 0.17447776 -0.42984360
v -0.39626712 0.17447776 -0.42984360
v -0.39626712 0.17447776 -0.42984360
v -0.43667084 1.56950939 -0.37226894
v -0.43667084 1.56950939 -0.37226894
v -0.43667084 1.56950939 -0.37226894
v -0.43667084 1.56950939 -0.37226894
v -0.43667084 1.56950939 -0.37226894
v -0.43667084 1.56950939 -0.37226894
v -0.43754822 1.53786063 -0.37315813
v -0.43754822 1.53786063 -0.37315813
v -0.43754822 1.53786063 -0.37315813
v -0.43754822 1.53786063 -0.37315813
v -0.43754822 1.53786063 -0.37315813
v -0.43754822 1.53786063 -0.37315813
v -0.39381042 1.22071004 -0.42417505
v -0.39381042 1.22071004 -0.42417505
v -0.39381042 1.22071004 -0.42417505
v -0.39381042 1.22071004 -0.42417505
v -0.39381042 1.22071004 -0.42417505
v -0.40973502 1.22071004 -0.40972579
v -0.40973502 1.22071004 -0.40972579
v -0.40973502 1.22071004 -0.40972579
v -0.40973502 1.22071004 -0.40972579
v -0.40973502 1.22071004 -0.40972579
v -0.40973502 1.22071004 -0.40972579
v -0.42364165 1.25235879 -0.39366493
v -0.42364165 1.25235879 -0.39366493
v -0.42364165 1.25235879 -0.39366493
v -0.42364165 1.25235879 -0.39366493
v -0.42364165 1.25235879 -0.39366493
v -0.43947849 1.25235879 -0.37543663
v -0.43947849 1.25235879 -0.37543663
v -0.43947849 1.25235879 -0.37543663
v -0.43947849 1.25235879 -0.37543663
v -0.43947849 1.25235879 -0.37543663
v -0.43947849 1.25235879 -0.37543663
v -0.43947849 1.25235879 -0.37543663
v -0.43947849 1.25235879 -0.37543663
v -0.43947849 1.25235879 -0.37543663
v -0.30107051 0.14299470 -0.49169746
v -0.30107051 0.14299470 -0.49169746
v -0.30107051 0.14299470 -0.49169746
v -0.30107051 0.14299470 -0.49169746
v -0.31624931 0.12808162 -0.47502524
v -0.31624931 0.12808162 -0.47502524
v -0.31624931 0.12808162 -0.47502524
v -0.31624931 0.12808162 -0.47502524
v -0.31624931 0.12808162 -0.47502524
v -0.31624931 0.12808162 -0.47502524
v -0.31624931 0.12808162 -0.47502524
v -0.31624931 0.12808162 -0.47502524
v -0.31624931 0.12808162 -0.47502524
v -0.31624931 0.12808162 -0.47502524
v -0.31624931 0.12808162 -0.47502524
v -0.33379710 0.14017779 -0.46846750
v -0.33379710 0.14017779 -0.46846750
v -0.33379710 0.14017779 -0.46846750
v -0.35858330 0.14282896 -0.45123959
v -0.35858330 0.14282896 -0.45123959
v -0.35858330 0.14282896 -0.45123959
v -0.35858330 0.14282896 -0.45123959
v -0.35858330 0.14282896 -0.45123959
v -0.35858330 0.14282896 -0.45123959
v -0.47659203 1.58856499 -0.31869563
v -0.47659203 1.58856499 -0.31869563
v -0.47659203 1.58856499 -0.31869563
v -0.47659203 1.58856499 -0.31869563
v -0.47659203 1.58856499 -0.31869563
v -0.47659203 1.58856499 -0.31869563
v -0.47659203 1.58856499 -0.31869563
v -0.47659203 1.58856499 -0.31869563
v -0.47659203 1.58856499 -0.31869563
v -0.47659203 1.58856499 -0.31869563
v -0.45031425 1.56950939 -0.35643035
v -0.45031425 1.56950939 -0.35643035
v -0.45031425 1.56950939 -0.35643035
v -0.45031425 1.56950939 -0.35643035
v -0.45031425 1.56950939 -0.35643035
v -0.45031425 1.56950939 -0.35643035
v -0.44987553 1.65699923 -0.30124539
v -0.44987553 1.65699923 -0.30124539
v -0.44987553 1.65699923 -0.30124539
v -0.44987553 1.65699923 -0.30124539
v -0.39438075 1.76420736 -0.26790097
v -0.39438075 1.76420736 -0.26790097
v -0.39438075 1.76420736 -0.26790097
v -0.39438075 1.76420736 -0.26790097
v -0.39438075 1.76420736 -0.26790097
v -0.50282592 1.56950939 -0.27745971
v -0.50282592 1.56950939 -0.27745971
v -0.50282592 1.56950939 -0.27745971
v -0.50282592 1.56950939 -0.27745971
v -0.50282592 1.56950939 -0.27745971
v -0.51164365 1.56950939 -0.26167670
v -0.51164365 1.56950939 -0.26167670
v -0.51164365 1.56950939 -0.26167670
v -0.51164365 1.56950939 -0.26167670
v -0.51164365 1.56950939 -0.26167670
v -0.51234555 1.53786063 -0.26289931
v -0.51234555 1.53786063 -0.26289931
v -0.51234555 1.53786063 -0.26289931
v -0.51234555 1.53786063 -0.26289931
v -0.51234555 1.53786063 -0.26289931
v -0.51234555 1.53786063 -0.26289931
v -0.52555025 1.53786063 -0.23789102
v -0.52555025 1.53786063 -0.23789102
v -0.52555025 1.53786063 -0.23789102
v -0.52555025 1.53786063 -0.23789102
v -0.52555025 1.53786063 -0.23789102
v -0.52555025 1.53786063 -0.23789102
v -0.53783363 1.22071004 -0.21905145
v -0.53783363 1.22071004 -0.21905145
v -0.53783363 1.22071004 -0.21905145
v -0.53783363 1.22071004 -0.21905145
v -0.53783363 1.22071004 -0.21905145
v -0.53783363 1.22071004 -0.21905145
v -0.53783363 1.22071004 -0.21905145
v -0.54349285 1.22071004 -0.20315729
v -0.54349285 1.22071004 -0.20315729
v -0.54349285 1.22071004 -0.20315729
v -0.54349285 1.22071004 -0.20315729
v -0.54349285 1.22071004 -0.20315729
v -0.54349285 1.22071004 -0.20315729
v -0.55301249 1.22071004 -0.17448111
v -0.55301249 1.22071004 -0.17448111
v -0.55301249 1.22071004 -0.17448111
v -0.55301249 1.22071004 -0.17448111
v -0.55301249 1.22071004 -0.17448111
v -0.55902261 0.20629226 -0.17448111
v -0.55902261 0.20629226 -0.17448111
v -0.55902261 0.20629226 -0.17448111
v -0.55902261 0.20629226 -0.17448111
v -0.55902261 0.20629226 -0.17448111
v -0.55902261 0.20629226 -0.17448111
v -0.56744552 0.17447776 -0.14763887
v -0.56744552 0.17447776 -0.14763887
v -0.56744552 0.17447776 -0.14763887
v -0.56744552 0.17447776 -0.14763887
v -0.56744552 0.17447776 -0.14763887
v -0.50958180 0.07141212 -0.14280394
v -0.50958180 0.07141212 -0.14280394
v -0.50958180 0.07141212 -0.14280394
v -0.50958180 0.07141212 -0.14280394
v -0.51028371 0.09146182 -0.19810006
v -0.51028371 0.09146182 -0.19810006
v -0.51028371 0.09146182 -0.19810006
v -0.51028371 0.09146182 -0.19810006
v -0.51028371 0.09146182 -0.19810006
v -0.51028371 0.09146182 -0.19810006
v -0.51028371 0.09146182 -0.19810006
v -0.51028371 0.09146182 -0.19810006
v -0.51028371 0.09146182 -0.19810006
v -0.51028371 0.09146182 -0.19810006
v -0.53015655 0.10720339 -0.17448111
v -0.53015655 0.10720339 -0.17448111
v -0.53015655 0.10720339 -0.17448111
v -0.53015655 0.10720339 -0.17448111
v -0.49957958 0.07141212 -0.17453668
v -0.49957958 0.07141212 -0.17453668
v -0.49957958 0.07141212 -0.17453668
v -0.49957958 0.07141212 -0.17453668
v -0.50699347 0.07141212 -0.15119562
v -0.50699347 0.07141212 -0.15119562
v -0.50699347 0.07141212 -0.15119562
v -0.55911034 0.17447776 -0.17448111
v -0.55911034 0.17447776 -0.17448111
v -0.55911034 0.17447776 -0.17448111
v -0.55911034 0.17447776 -0.17448111
v -0.55911034 0.17447776 -0.17448111
v -0.55911034 0.17447776 -0.17448111
v -0.53998333 0.15608503 -0.22444212
v -0.53998333 0.15608503 -0.22444212
v -0.53998333 0.15608503 -0.22444212
v -0.53998333 0.15608503 -0.22444212
v -0.53998333 0.15608503 -0.22444212
v -0.53998333 0.15608503 -0.22444212
v -0.53998333 0.15608503 -0.22444212
v -0.53998333 0.15608503 -0.22444212
v -0.53998333 0.15608503 -0.22444212
v -0.53998333 0.15608503 -0.22444212
v -0.53998333 0.15608503 -0.22444212
v -0.55147707 0.14282896 -0.17448111
v -0.55147707 0.14282896 -0.17448111
v -0.55147707 0.14282896 -0.17448111
v -0.55147707 0.14282896 -0.17448111
v -0.55147707 0.14282896 -0.17448111
v -0.51353002 0.11863669 -0.23789102
v -0.51353002 0.11863669 -0.23789102
v -0.51353002 0.11863669 -0.23789102
v -0.51353002 0.11863669 -0.23789102
v -0.51353002 0.11863669 -0.23789102
v -0.51353002 0.11863669 -0.23789102
v -0.52269876 0.11184300 -0.20493565
v -0.52269876 0.11184300 -0.20493565
v -0.51598674 0.10571211 -0.21077092
v -0.51598674 0.10571211 -0.21077092
v -0.51598674 0.10571211 -0.21077092
v -0.51598674 0.10571211 -0.21077092
v -0.51598674 0.10571211 -0.21077092
v -0.51598674 0.10571211 -0.21077092
v -0.51598674 0.10571211 -0.21077092
v -0.51901370 0.10571211 -0.20287941
v -0.51901370 0.10571211 -0.20287941
v -0.51901370 0.10571211 -0.20287941
v -0.54252774 0.14448598 -0.20321286
v -0.54252774 0.14448598 -0.20321286
v -0.54252774 0.14448598 -0.20321286
v -0.54252774 0.14448598 -0.20321286
v -0.53511375 0.13504104 -0.21177125
v -0.53511375 0.13504104 -0.21177125
v -0.53511375 0.13504104 -0.21177125
v -0.53511375 0.13504104 -0.21177125
v -0.53511375 0.13504104 -0.21177125
v -0.53511375 0.13504104 -0.21177125
v -0.30387816 0.07141212 -0.43067718
v -0.30387816 0.07141212 -0.43067718
v -0.30387816 0.07141212 -0.43067718
v -0.30576453 0.07141212 -0.42928785
v -0.30576453 0.07141212 -0.42928785
v -0.30576453 0.07141212 -0.42928785
v -0.30576453 0.07141212 -0.42928785
v -0.33063850 0.08599372 -0.42700931
v -0.33063850 0.08599372 -0.42700931
v -0.33063850 0.08599372 -0.42700931
v -0.33063850 0.08599372 -0.42700931
v -0.33063850 0.08599372 -0.42700931
v -0.35314351 0.09146182 -0.41572779
v -0.35314351 0.09146182 -0.41572779
v -0.35314351 0.09146182 -0.41572779
v -0.35314351 0.09146182 -0.41572779
v -0.35314351 0.09146182 -0.41572779
v -0.35314351 0.09146182 -0.41572779
v -0.35314351 0.09146182 -0.41572779
v -0.35314351 0.09146182 -0.41572779
v -0.35314351 0.09146182 -0.41572779
v -0.35314351 0.09146182 -0.41572779
v -0.33967561 0.10339230 -0.43690145
v -0.33967561 0.10339230 -0.43690145
v -0.33967561 0.10339230 -0.43690145
v -0.33967561 0.10339230 -0.43690145
v -0.33967561 0.10339230 -0.43690145
v -0.32603219 0.10571211 -0.44923890
v -0.32603219 0.10571211 -0.44923890
v -0.32603219 0.10571211 -0.44923890
v -0.32603219 0.10571211 -0.44923890
v -0.32603219 0.10571211 -0.44923890
v -0.47299471 0.17447776 -0.34553784
v -0.47299471 0.17447776 -0.34553784
v -0.47299471 0.17447776 -0.34553784
v -0.47299471 0.17447776 -0.34553784
v -0.47299471 0.17447776 -0.34553784
v -0.47299471 0.17447776 -0.34553784
v -0.47299471 0.17447776 -0.34553784
v -0.47299471 0.17447776 -0.34553784
v -0.45715785 0.17447776 -0.36454415
v -0.45715785 0.17447776 -0.36454415
v -0.45715785 0.17447776 -0.36454415
v -0.45715785 0.17447776 -0.36454415
v -0.44368994 0.17447776 -0.38038275
v -0.44368994 0.17447776 -0.38038275
v -0.44368994 0.17447776 -0.38038275
v -0.44368994 0.17447776 -0.38038275
v -0.44368994 0.17447776 -0.38038275
v -0.44368994 0.17447776 -0.38038275
v -0.42973948 0.17447776 -0.39638805
v -0.42973948 0.17447776 -0.39638805
v -0.42973948 0.17447776 -0.39638805
v -0.42973948 0.17447776 -0.39638805
v -0.41403425 0.17447776 -0.41417173
v -0.41403425 0.17447776 -0.41417173
v -0.41403425 0.17447776 -0.41417173
v -0.41403425 0.17447776 -0.41417173
v -0.41403425 0.17447776 -0.41417173
v -0.41403425 0.17447776 -0.41417173
v -0.37428856 0.14282896 -0.43906885
v -0.37428856 0.14282896 -0.43906885
v -0.37428856 0.14282896 -0.43906885
v -0.37428856 0.14282896 -0.43906885
v -0.37428856 0.14282896 -0.43906885
v -0.39604777 0.14465165 -0.42178535
v -0.39604777 0.14465165 -0.42178535
v -0.39604777 0.14465165 -0.42178535
v -0.39604777 0.14465165 -0.42178535
v -0.40648869 0.13504104 -0.40655810
v -0.40648869 0.13504104 -0.40655810
v -0.40648869 0.13504104 -0.40655810
v -0.40648869 0.13504104 -0.40655810
v -0.40648869 0.13504104 -0.40655810
v -0.40648869 0.13504104 -0.40655810
v -0.40648869 0.13504104 -0.40655810
v -0.42171139 0.14465165 -0.39616576
v -0.42171139 0.14465165 -0.39616576
v -0.42171139 0.14465165 -0.39616576
v -0.43899593 0.14282896 -0.37488091
v -0.43899593 0.14282896 -0.37488091
v -0.43899593 0.14282896 -0.37488091
v -0.43899593 0.14282896 -0.37488091
v -0.43899593 0.14282896 -0.37488091
v -0.45246384 0.14282896 -0.35904232
v -0.45246384 0.14282896 -0.35904232
v -0.45246384 0.14282896 -0.35904232
v -0.45246384 0.14282896 -0.35904232
v -0.46830067 0.14282896 -0.33936912
v -0.46830067 0.14282896 -0.33936912
v -0.46830067 0.14282896 -0.33936912
v -0.46830067 0.14282896 -0.33936912
v -0.46830067 0.14282896 -0.33936912
v -0.46830067 0.14282896 -0.33936912
v -0.45114774 1.53786063 -0.35737512
v -0.45114774 1.53786063 -0.35737512
v -0.45114774 1.53786063 -0.35737512
v -0.45114774 1.53786063 -0.35737512
v -0.45114774 1.53786063 -0.35737512
v -0.45114774 1.53786063 -0.35737512
v -0.45114774 1.53786063 -0.35737512
v -0.45114774 1.53786063 -0.35737512
v -0.42381710 1.22071004 -0.39388722
v -0.42381710 1.22071004 -0.39388722
v -0.42381710 1.22071004 -0.39388722
v -0.42381710 1.22071004 -0.39388722
v -0.42381710 1.22071004 -0.39388722
v -0.42381710 1.22071004 -0.39388722
v -0.42381710 1.22071004 -0.39388722
v -0.45285866 1.28400767 -0.35932019
v -0.45285866 1.28400767 -0.35932019
v -0.45285866 1.28400767 -0.35932019
v -0.45285866 1.28400767 -0.35932019
v -0.45198128 1.41093409 -0.35837546
v -0.45198128 1.41093409 -0.35837546
v -0.45198128 1.41093409 -0.35837546
v -0.45198128 1.41093409 -0.35837546
v -0.43961009 1.22071004 -0.37565896
v -0.43961009 1.22071004 -0.37565896
v -0.43961009 1.22071004 -0.37565896
v -0.43961009 1.22071004 -0.37565896
v -0.45320961 1.22071004 -0.35982037
v -0.45320961 1.22071004 -0.35982037
v -0.45320961 1.22071004 -0.35982037
v -0.45320961 1.22071004 -0.35982037
v -0.45320961 1.22071004 -0.35982037
v -0.45320961 1.22071004 -0.35982037
v -0.45320961 1.22071004 -0.35982037
v -0.45320961 1.22071004 -0.35982037
v -0.33059463 0.11283723 -0.45179531
v -0.33059463 0.11283723 -0.45179531
v -0.33059463 0.11283723 -0.45179531
v -0.35143259 0.12460190 -0.44596004
v -0.35143259 0.12460190 -0.44596004
v -0.35143259 0.12460190 -0.44596004
v -0.35143259 0.12460190 -0.44596004
v -0.35143259 0.12460190 -0.44596004
v -0.35143259 0.12460190 -0.44596004
v -0.35143259 0.12460190 -0.44596004
v -0.35143259 0.12460190 -0.44596004
v -0.46619496 1.56950939 -0.33625698
v -0.46619496 1.56950939 -0.33625698
v -0.46619496 1.56950939 -0.33625698
v -0.46619496 1.56950939 -0.33625698
v -0.47777647 1.56950939 -0.32041842
v -0.47777647 1.56950939 -0.32041842
v -0.47777647 1.56950939 -0.32041842
v -0.47777647 1.56950939 -0.32041842
v -0.47777647 1.56950939 -0.32041842
v -0.47777647 1.56950939 -0.32041842
v -0.48918250 1.56950939 -0.30124539
v -0.48918250 1.56950939 -0.30124539
v -0.48918250 1.56950939 -0.30124539
v -0.48918250 1.56950939 -0.30124539
v -0.48918250 1.56950939 -0.30124539
v -0.46702847 1.53786063 -0.33731291
v -0.46702847 1.53786063 -0.33731291
v -0.46702847 1.53786063 -0.33731291
v -0.46702847 1.53786063 -0.33731291
v -0.46702847 1.53786063 -0.33731291
v -0.46702847 1.53786063 -0.33731291
v -0.50348395 1.53786063 -0.27884907
v -0.50348395 1.53786063 -0.27884907
v -0.50348395 1.53786063 -0.27884907
v -0.50348395 1.53786063 -0.27884907
v -0.50348395 1.53786063 -0.27884907
v -0.50348395 1.53786063 -0.27884907
v -0.50374717 1.50621188 -0.27918249
v -0.50374717 1.50621188 -0.27918249
v -0.50374717 1.50621188 -0.27918249
v -0.50374717 1.50621188 -0.27918249
v -0.50374717 1.50621188 -0.27918249
v -0.51410031 1.25235879 -0.26601145
v -0.51410031 1.25235879 -0.26601145
v -0.51410031 1.25235879 -0.26601145
v -0.51410031 1.25235879 -0.26601145
v -0.51410031 1.25235879 -0.26601145
v -0.51410031 1.25235879 -0.26601145
v -0.52905983 1.22071004 -0.23789102
v -0.52905983 1.22071004 -0.23789102
v -0.52905983 1.22071004 -0.23789102
v -0.52905983 1.22071004 -0.23789102
v -0.52905983 1.22071004 -0.23789102
v -0.53357834 0.20629226 -0.24228138
v -0.53357834 0.20629226 -0.24228138
v -0.53357834 0.20629226 -0.24228138
v -0.53357834 0.20629226 -0.24228138
v -0.53357834 0.20629226 -0.24228138
v -0.53357834 0.20629226 -0.24228138
v -0.54090452 0.20629226 -0.22638722
v -0.54090452 0.20629226 -0.22638722
v -0.54090452 0.20629226 -0.22638722
v -0.54090452 0.20629226 -0.22638722
v -0.54090452 0.20629226 -0.22638722
v -0.54840624 0.20629226 -0.20615828
v -0.54840624 0.20629226 -0.20615828
v -0.54840624 0.20629226 -0.20615828
v -0.54840624 0.20629226 -0.20615828
v -0.54840624 0.20629226 -0.20615828
v -0.54840624 0.20629226 -0.20615828
v -0.54840624 0.20629226 -0.20615828
v -0.50602835 0.09676424 -0.21921816
v -0.50602835 0.09676424 -0.21921816
v -0.50602835 0.09676424 -0.21921816
v -0.50602835 0.09676424 -0.21921816
v -0.50602835 0.09676424 -0.21921816
v -0.50602835 0.09676424 -0.21921816
v -0.50602835 0.09676424 -0.21921816
v -0.50602835 0.09676424 -0.21921816
v -0.50602835 0.09676424 -0.21921816
v -0.49242884 0.07787444 -0.20877026
v -0.49242884 0.07787444 -0.20877026
v -0.49242884 0.07787444 -0.20877026
v -0.49242884 0.07787444 -0.20877026
v -0.49931636 0.07141212 -0.17520358
v -0.49931636 0.07141212 -0.17520358
v -0.49931636 0.07141212 -0.17520358
v -0.49931636 0.07141212 -0.17520358
v -0.54827464 0.17447776 -0.20615828
v -0.54827464 0.17447776 -0.20615828
v -0.54827464 0.17447776 -0.20615828
v -0.54827464 0.17447776 -0.20615828
v -0.51300359 0.14465165 -0.26817885
v -0.51300359 0.14465165 -0.26817885
v -0.51300359 0.14465165 -0.26817885
v -0.51300359 0.14465165 -0.26817885
v -0.51300359 0.14465165 -0.26817885
v -0.52905983 0.14448598 -0.23616824
v -0.52905983 0.14448598 -0.23616824
v -0.52905983 0.14448598 -0.23616824
v -0.52905983 0.14448598 -0.23616824
v -0.54081678 0.17447776 -0.22633164
v -0.54081678 0.17447776 -0.22633164
v -0.54081678 0.17447776 -0.22633164
v -0.54081678 0.17447776 -0.22633164
v -0.54081678 0.17447776 -0.22633164
v -0.53362226 0.17447776 -0.24222581
v -0.53362226 0.17447776 -0.24222581
v -0.53362226 0.17447776 -0.24222581
v -0.53362226 0.17447776 -0.24222581
v -0.53362226 0.17447776 -0.24222581
v -0.53362226 0.17447776 -0.24222581
v -0.50830960 0.15625072 -0.28729630
v -0.50830960 0.15625072 -0.28729630
v -0.50830960 0.15625072 -0.28729630
v -0.50830960 0.15625072 -0.28729630
v -0.50830960 0.15625072 -0.28729630
v -0.50830960 0.15625072 -0.28729630
v -0.50830960 0.15625072 -0.28729630
v -0.50830960 0.15625072 -0.28729630
v -0.50830960 0.15625072 -0.28729630
v -0.50830960 0.15625072 -0.28729630
v -0.50914305 0.10571211 -0.22688738
v -0.50914305 0.10571211 -0.22688738
v -0.50914305 0.10571211 -0.22688738
v -0.50914305 0.10571211 -0.22688738
v -0.50883603 0.12493333 -0.25667503
v -0.50883603 0.12493333 -0.25667503
v -0.50883603 0.12493333 -0.25667503
v -0.50883603 0.12493333 -0.25667503
v -0.50883603 0.12493333 -0.25667503
v -0.50883603 0.12493333 -0.25667503
v -0.50883603 0.12493333 -0.25667503
v -0.50883603 0.12493333 -0.25667503
v -0.50883603 0.12493333 -0.25667503
v -0.50883603 0.12493333 -0.25667503
v -0.50137818 0.10272951 -0.23794661
v -0.50137818 0.10272951 -0.23794661
v -0.50137818 0.10272951 -0.23794661
v -0.50137818 0.10272951 -0.23794661
v -0.50137818 0.10272951 -0.23794661
v -0.50137818 0.10272951 -0.23794661
v -0.33256873 0.07141212 -0.40878102
v -0.33256873 0.07141212 -0.40878102
v -0.33256873 0.07141212 -0.40878102
v -0.33256873 0.07141212 -0.40878102
v -0.37420079 0.10090675 -0.40683597
v -0.37420079 0.10090675 -0.40683597
v -0.37420079 0.10090675 -0.40683597
v -0.37420079 0.10090675 -0.40683597
v -0.35963616 0.10571211 -0.42311913
v -0.35963616 0.10571211 -0.42311913
v -0.35963616 0.10571211 -0.42311913
v -0.35963616 0.10571211 -0.42311913
v -0.35963616 0.10571211 -0.42311913
v -0.33537638 0.07141212 -0.40655810
v -0.33537638 0.07141212 -0.40655810
v -0.33537638 0.07141212 -0.40655810
v -0.34002656 0.07141212 -0.40272346
v -0.34002656 0.07141212 -0.40272346
v -0.34002656 0.07141212 -0.40272346
v -0.34002656 0.07141212 -0.40272346
v -0.36253154 0.08019420 -0.39455411
v -0.36253154 0.08019420 -0.39455411
v -0.36253154 0.08019420 -0.39455411
v -0.36253154 0.08019420 -0.39455411
v -0.36253154 0.08019420 -0.39455411
v -0.36253154 0.08019420 -0.39455411
v -0.38556299 0.09013624 -0.38571784
v -0.38556299 0.09013624 -0.38571784
v -0.38556299 0.09013624 -0.38571784
v -0.38556299 0.09013624 -0.38571784
v -0.38556299 0.09013624 -0.38571784
v -0.38556299 0.09013624 -0.38571784
v -0.38556299 0.09013624 -0.38571784
v -0.38556299 0.09013624 -0.38571784
v -0.38556299 0.09013624 -0.38571784
v -0.38556299 0.09013624 -0.38571784
v -0.47983834 0.14282896 -0.32353055
v -0.47983834 0.14282896 -0.32353055
v -0.47983834 0.14282896 -0.32353055
v -0.47983834 0.14282896 -0.32353055
v -0.47983834 0.14282896 -0.32353055
v -0.47983834 0.14282896 -0.32353055
v -0.48404980 0.17447776 -0.32964370
v -0.48404980 0.17447776 -0.32964370
v -0.48404980 0.17447776 -0.32964370
v -0.48404980 0.17447776 -0.32964370
v -0.48404980 0.17447776 -0.32964370
v -0.48040861 1.18889558 -0.32441974
v -0.48040861 1.18889558 -0.32441974
v -0.48040861 1.18889558 -0.32441974
v -0.48040861 1.18889558 -0.32441974
v -0.48040861 1.18889558 -0.32441974
v -0.48040861 1.18889558 -0.32441974
v -0.46904644 1.22071004 -0.34009162
v -0.46904644 1.22071004 -0.34009162
v -0.46904644 1.22071004 -0.34009162
v -0.46904644 1.22071004 -0.34009162
v -0.46904644 1.22071004 -0.34009162
v -0.46904644 1.22071004 -0.34009162
v -0.38538751 0.12228215 -0.41650581
v -0.38538751 0.12228215 -0.41650581
v -0.38538751 0.12228215 -0.41650581
v -0.38538751 0.12228215 -0.41650581
v -0.38538751 0.12228215 -0.41650581
v -0.38538751 0.12228215 -0.41650581
v -0.38538751 0.12228215 -0.41650581
v -0.38538751 0.12228215 -0.41650581
v -0.38538751 0.12228215 -0.41650581
v -0.38538751 0.12228215 -0.41650581
v -0.41640317 0.12244783 -0.38543996
v -0.41640317 0.12244783 -0.38543996
v -0.41640317 0.12244783 -0.38543996
v -0.41640317 0.12244783 -0.38543996
v -0.41640317 0.12244783 -0.38543996
v -0.41640317 0.12244783 -0.38543996
v -0.41640317 0.12244783 -0.38543996
v -0.41640317 0.12244783 -0.38543996
v -0.44654146 0.12393911 -0.35198444
v -0.44654146 0.12393911 -0.35198444
v -0.44654146 0.12393911 -0.35198444
v -0.44654146 0.12393911 -0.35198444
v -0.44654146 0.12393911 -0.35198444
v -0.44654146 0.12393911 -0.35198444
v -0.44654146 0.12393911 -0.35198444
v -0.44654146 0.12393911 -0.35198444
v -0.44654146 0.12393911 -0.35198444
v -0.44654146 0.12393911 -0.35198444
v -0.47575849 0.12675603 -0.31741741
v -0.47575849 0.12675603 -0.31741741
v -0.47575849 0.12675603 -0.31741741
v -0.47575849 0.12675603 -0.31741741
v -0.47575849 0.12675603 -0.31741741
v -0.47575849 0.12675603 -0.31741741
v -0.47575849 0.12675603 -0.31741741
v -0.47575849 0.12675603 -0.31741741
v -0.47575849 0.12675603 -0.31741741
v -0.47575849 0.12675603 -0.31741741
v -0.47575849 0.12675603 -0.31741741
v -0.46887100 1.25235879 -0.33986929
v -0.46887100 1.25235879 -0.33986929
v -0.46887100 1.25235879 -0.33986929
v -0.46887100 1.25235879 -0.33986929
v -0.46887100 1.25235879 -0.33986929
v -0.46887100 1.25235879 -0.33986929
v -0.46887100 1.25235879 -0.33986929
v -0.46887100 1.25235879 -0.33986929
v -0.46786201 1.41093409 -0.33847997
v -0.46786201 1.41093409 -0.33847997
v -0.46786201 1.41093409 -0.33847997
v -0.46786201 1.41093409 -0.33847997
v -0.47843450 1.53786063 -0.32141873
v -0.47843450 1.53786063 -0.32141873
v -0.47843450 1.53786063 -0.32141873
v -0.47843450 1.53786063 -0.32141873
v -0.47843450 1.53786063 -0.32141873
v -0.47843450 1.53786063 -0.32141873
v -0.47843450 1.53786063 -0.32141873
v -0.49058634 1.53786063 -0.30124539
v -0.49058634 1.53786063 -0.30124539
v -0.49058634 1.53786063 -0.30124539
v -0.49058634 1.53786063 -0.30124539
v -0.49058634 1.53786063 -0.30124539
v -0.49058634 1.53786063 -0.30124539
v -0.49058634 1.53786063 -0.30124539
v -0.50541419 1.22071004 -0.28223908
v -0.50541419 1.22071004 -0.28223908
v -0.50541419 1.22071004 -0.28223908
v -0.50541419 1.22071004 -0.28223908
v -0.50541419 1.22071004 -0.28223908
v -0.50541419 1.22071004 -0.28223908
v -0.50541419 1.22071004 -0.28223908
v -0.50541419 1.22071004 -0.28223908
v -0.51427585 1.22071004 -0.26628932
v -0.51427585 1.22071004 -0.26628932
v -0.51427585 1.22071004 -0.26628932
v -0.51427585 1.22071004 -0.26628932
v -0.51427585 1.22071004 -0.26628932
v -0.51954013 0.17447776 -0.26962379
v -0.51954013 0.17447776 -0.26962379
v -0.51954013 0.17447776 -0.26962379
v -0.51954013 0.17447776 -0.26962379
v -0.51954013 0.17447776 -0.26962379
v -0.51954013 0.17447776 -0.26962379
v -0.47944352 0.09063335 -0.26084310
v -0.47944352 0.09063335 -0.26084310
v -0.47944352 0.09063335 -0.26084310
v -0.47944352 0.09063335 -0.26084310
v -0.47944352 0.09063335 -0.26084310
v -0.47944352 0.09063335 -0.26084310
v -0.47944352 0.09063335 -0.26084310
v -0.47944352 0.09063335 -0.26084310
v -0.47944352 0.09063335 -0.26084310
v -0.47944352 0.09063335 -0.26084310
v -0.48554137 0.08450245 -0.23794661
v -0.48554137 0.08450245 -0.23794661
v -0.48554137 0.08450245 -0.23794661
v -0.48554137 0.08450245 -0.23794661
v -0.47834679 0.07141212 -0.22605377
v -0.47834679 0.07141212 -0.22605377
v -0.47834679 0.07141212 -0.22605377
v -0.47834679 0.07141212 -0.22605377
v -0.48391819 0.07141212 -0.21382751
v -0.48391819 0.07141212 -0.21382751
v -0.48391819 0.07141212 -0.21382751
v -0.48391819 0.07141212 -0.21382751
v -0.50300133 0.13520673 -0.27784872
v -0.50300133 0.13520673 -0.27784872
v -0.50300133 0.13520673 -0.27784872
v -0.50300133 0.13520673 -0.27784872
v -0.50300133 0.13520673 -0.27784872
v -0.50896758 0.17447776 -0.28846335
v -0.50896758 0.17447776 -0.28846335
v -0.50896758 0.17447776 -0.28846335
v -0.50896758 0.17447776 -0.28846335
v -0.49984279 0.17447776 -0.30435753
v -0.49984279 0.17447776 -0.30435753
v -0.49984279 0.17447776 -0.30435753
v -0.49984279 0.17447776 -0.30435753
v -0.49984279 0.17447776 -0.30435753
v -0.49984279 0.17447776 -0.30435753
v -0.49549973 0.14465165 -0.29918912
v -0.49549973 0.14465165 -0.29918912
v -0.49549973 0.14465165 -0.29918912
v -0.49549973 0.14465165 -0.29918912
v -0.48040861 0.12079082 -0.30124539
v -0.48040861 0.12079082 -0.30124539
v -0.48040861 0.12079082 -0.30124539
v -0.48040861 0.12079082 -0.30124539
v -0.48400593 0.10571211 -0.27451429
v -0.48400593 0.10571211 -0.27451429
v -0.48400593 0.10571211 -0.27451429
v -0.48400593 0.10571211 -0.27451429
v -0.48808578 0.10571211 -0.26706737
v -0.48808578 0.10571211 -0.26706737
v -0.48808578 0.10571211 -0.26706737
v -0.48808578 0.10571211 -0.26706737
v -0.48808578 0.10571211 -0.26706737
v -0.35678464 0.07141212 -0.38855213
v -0.35678464 0.07141212 -0.38855213
v -0.35678464 0.07141212 -0.38855213
v -0.36976999 0.07141212 -0.37671486
v -0.36976999 0.07141212 -0.37671486
v -0.36976999 0.07141212 -0.37671486
v -0.37354276 0.07141212 -0.37326926
v -0.37354276 0.07141212 -0.37326926
v -0.37354276 0.07141212 -0.37326926
v -0.37354276 0.07141212 -0.37326926
v -0.37354276 0.07141212 -0.37326926
v -0.39424914 0.08019420 -0.36232120
v -0.39424914 0.08019420 -0.36232120
v -0.39424914 0.08019420 -0.36232120
v -0.39424914 0.08019420 -0.36232120
v -0.39424914 0.08019420 -0.36232120
v -0.41583288 0.09146182 -0.35309592
v -0.41583288 0.09146182 -0.35309592
v -0.41583288 0.09146182 -0.35309592
v -0.41583288 0.09146182 -0.35309592
v -0.41583288 0.09146182 -0.35309592
v -0.41583288 0.09146182 -0.35309592
v -0.40670803 0.10107249 -0.37426960
v -0.40670803 0.10107249 -0.37426960
v -0.40670803 0.10107249 -0.37426960
v -0.40670803 0.10107249 -0.37426960
v -0.40670803 0.10107249 -0.37426960
v -0.40670803 0.10107249 -0.37426960
v -0.39315239 0.10571211 -0.39327592
v -0.39315239 0.10571211 -0.39327592
v -0.39315239 0.10571211 -0.39327592
v -0.39315239 0.10571211 -0.39327592
v -0.49435911 1.22071004 -0.30124539
v -0.49435911 1.22071004 -0.30124539
v -0.49435911 1.22071004 -0.30124539
v -0.49435911 1.22071004 -0.30124539
v -0.49435911 1.22071004 -0.30124539
v -0.49435911 1.22071004 -0.30124539
v -0.49435911 1.22071004 -0.30124539
v -0.48027706 1.22071004 -0.32419744
v -0.48027706 1.22071004 -0.32419744
v -0.48027706 1.22071004 -0.32419744
v -0.48027706 1.22071004 -0.32419744
v -0.47996995 1.28400767 -0.32369727
v -0.47996995 1.28400767 -0.32369727
v -0.47996995 1.28400767 -0.32369727
v -0.47996995 1.28400767 -0.32369727
v -0.47996995 1.28400767 -0.32369727
v -0.39600390 0.11167732 -0.39616576
v -0.39600390 0.11167732 -0.39616576
v -0.39600390 0.11167732 -0.39616576
v -0.43390706 0.10571211 -0.34764966
v -0.43390706 0.10571211 -0.34764966
v -0.43390706 0.10571211 -0.34764966
v -0.43390706 0.10571211 -0.34764966
v -0.43390706 0.10571211 -0.34764966
v -0.45680690 0.11482561 -0.32919911
v -0.45680690 0.11482561 -0.32919911
v -0.45680690 0.11482561 -0.32919911
v -0.43833789 0.10571211 -0.34248129
v -0.43833789 0.10571211 -0.34248129
v -0.43833789 0.10571211 -0.34248129
v -0.43833789 0.10571211 -0.34248129
v -0.44592729 0.09278747 -0.31980708
v -0.44592729 0.09278747 -0.31980708
v -0.44592729 0.09278747 -0.31980708
v -0.44592729 0.09278747 -0.31980708
v -0.44592729 0.09278747 -0.31980708
v -0.44592729 0.09278747 -0.31980708
v -0.44592729 0.09278747 -0.31980708
v -0.44592729 0.09278747 -0.31980708
v -0.44592729 0.09278747 -0.31980708
v -0.44592729 0.09278747 -0.31980708
v -0.44592729 0.09278747 -0.31980708
v -0.44592729 0.09278747 -0.31980708
v -0.44592729 0.09278747 -0.31980708
v -0.44592729 0.09278747 -0.31980708
v -0.46768650 0.10471789 -0.30124539
v -0.46768650 0.10471789 -0.30124539
v -0.46768650 0.10471789 -0.30124539
v -0.47356501 0.09759278 -0.28196120
v -0.47356501 0.09759278 -0.28196120
v -0.47356501 0.09759278 -0.28196120
v -0.47356501 0.09759278 -0.28196120
v -0.47356501 0.09759278 -0.28196120
v -0.47356501 0.09759278 -0.28196120
v -0.47356501 0.09759278 -0.28196120
v -0.47356501 0.09759278 -0.28196120
v -0.45184967 0.08682226 -0.30124539
v -0.45184967 0.08682226 -0.30124539
v -0.45184967 0.08682226 -0.30124539
v -0.45184967 0.08682226 -0.30124539
v -0.45184967 0.08682226 -0.30124539
v -0.45184967 0.08682226 -0.30124539
v -0.45057744 0.07141212 -0.27612594
v -0.45057744 0.07141212 -0.27612594
v -0.45057744 0.07141212 -0.27612594
v -0.45057744 0.07141212 -0.27612594
v -0.46654591 0.07141212 -0.24811666
v -0.46654591 0.07141212 -0.24811666
v -0.46654591 0.07141212 -0.24811666
v -0.47062576 0.07141212 -0.24094759
v -0.47062576 0.07141212 -0.24094759
v -0.47062576 0.07141212 -0.24094759
v -0.47224891 0.07141212 -0.23794661
v -0.47224891 0.07141212 -0.23794661
v -0.47224891 0.07141212 -0.23794661
v -0.47224891 0.07141212 -0.23794661
v -0.37692070 0.07141212 -0.36949024
v -0.37692070 0.07141212 -0.36949024
v -0.37692070 0.07141212 -0.36949024
v -0.40183854 0.07141212 -0.34136978
v -0.40183854 0.07141212 -0.34136978
v -0.40183854 0.07141212 -0.34136978
v -0.40183854 0.07141212 -0.34136978
v -0.40183854 0.07141212 -0.34136978
v -0.42460674 0.08151984 -0.32908797
v -0.42460674 0.08151984 -0.32908797
v -0.42460674 0.08151984 -0.32908797
v -0.42460674 0.08151984 -0.32908797
v -0.42460674 0.08151984 -0.32908797
v -0.43697795 0.10272951 -0.34092522
v -0.43697795 0.10272951 -0.34092522
v -0.43697795 0.10272951 -0.34092522
v -0.43697795 0.10272951 -0.34092522
v -0.41771927 0.07141212 -0.32247463
v -0.41771927 0.07141212 -0.32247463
v -0.41771927 0.07141212 -0.32247463
v -0.41771927 0.07141212 -0.32247463
v -0.43359998 0.07141212 -0.30252358
v -0.43359998 0.07141212 -0.30252358
v -0.43359998 0.07141212 -0.30252358
v -0.43456510 0.07141212 -0.30124539
v -0.43456510 0.07141212 -0.30124539
v -0.43456510 0.07141212 -0.30124539
v -0.43456510 0.07141212 -0.30124539
v -0.44430411 0.07141212 -0.28679612
v -0.44430411 0.07141212 -0.28679612
v -0.44430411 0.07141212 -0.28679612
v -0.40530422 0.07141212 -0.33731291
v -0.40530422 0.07141212 -0.33731291
v -0.40530422 0.07141212 -0.33731291
v 0.26863325 0.17443870 0.51784283
v 0.26863325 0.17443870 0.51784283
v 0.26863325 0.17443870 0.51784283
v 0.26863325 0.17443870 0.51784283
v 0.26863325 0.17443870 0.51784283
v 0.26863325 0.17443870 0.51784283
v 0.26863325 0.17443870 0.51784283
v 0.26863325 0.17443870 0.51784283
v 0.26863325 0.17443870 0.51784283
v 0.26863325 0.14586011 0.51127404
v 0.26863325 0.14586011 0.51127404
v 0.26863325 0.14586011 0.51127404
v 0.28677484 0.15701279 0.50798959
v 0.28677484 0.15701279 0.50798959
v 0.28677484 0.15701279 0.50798959
v 0.28677484 0.15701279 0.50798959
v 0.28677484 0.15701279 0.50798959
v 0.28677484 0.15701279 0.50798959
v 0.28677484 0.15701279 0.50798959
v 0.28677484 0.15701279 0.50798959
v 0.28677484 0.15701279 0.50798959
v 0.28783464 0.17443870 0.50854540
v 0.28783464 0.17443870 0.50854540
v 0.28783464 0.17443870 0.50854540
v 0.28783464 0.17443870 0.50854540
v 0.28783464 0.17443870 0.50854540
v 0.26863325 0.20615396 0.51769125
v 0.26863325 0.20615396 0.51769125
v 0.26863325 0.20615396 0.51769125
v 0.26863325 0.20615396 0.51769125
v 0.26863325 0.14359473 0.51026332
v 0.26863325 0.14359473 0.51026332
v 0.26863325 0.14359473 0.51026332
v 0.26863325 0.14359473 0.51026332
v 0.32798302 0.17443870 0.48358378
v 0.32798302 0.17443870 0.48358378
v 0.32798302 0.17443870 0.48358378
v 0.32798302 0.17443870 0.48358378
v 0.32798302 0.17443870 0.48358378
v 0.32798302 0.17443870 0.48358378
v 0.30370075 0.17443870 0.49945009
v 0.30370075 0.17443870 0.49945009
v 0.30370075 0.17443870 0.49945009
v 0.30370075 0.17443870 0.49945009
v 0.30370075 0.17443870 0.49945009
v 0.30370075 0.17443870 0.49945009
v 0.27633253 0.13592730 0.50293660
v 0.27633253 0.13592730 0.50293660
v 0.27633253 0.13592730 0.50293660
v 0.27633253 0.13592730 0.50293660
v 0.27633253 0.13592730 0.50293660
v 0.27633253 0.13592730 0.50293660
v 0.30167460 0.14237495 0.49182010
v 0.30167460 0.14237495 0.49182010
v 0.30167460 0.14237495 0.49182010
v 0.30167460 0.14237495 0.49182010
v 0.32418019 0.14864828 0.48075417
v 0.32418019 0.14864828 0.48075417
v 0.32418019 0.14864828 0.48075417
v 0.32418019 0.14864828 0.48075417
v 0.32418019 0.14864828 0.48075417
v 0.32418019 0.14864828 0.48075417
v 0.32418019 0.14864828 0.48075417
v 0.32418019 0.14864828 0.48075417
v 0.28209916 1.22069228 0.50566524
v 0.28209916 1.22069228 0.50566524
v 0.28209916 1.22069228 0.50566524
v 0.28209916 1.22069228 0.50566524
v 0.28209916 1.22069228 0.50566524
v 0.28209916 1.22069228 0.50566524
v 0.28209916 1.22069228 0.50566524
v 0.28209916 1.22069228 0.50566524
v 0.28209916 1.22069228 0.50566524
v 0.26863325 1.22069228 0.51213294
v 0.26863325 1.22069228 0.51213294
v 0.26863325 1.22069228 0.51213294
v 0.26863325 1.22069228 0.51213294
v 0.26863325 0.13226795 0.50475568
v 0.26863325 0.13226795 0.50475568
v 0.26863325 0.13226795 0.50475568
v 0.26863325 0.13226795 0.50475568
v 0.38022584 0.16816537 0.44356439
v 0.38022584 0.16816537 0.44356439
v 0.38022584 0.16816537 0.44356439
v 0.38022584 0.16816537 0.44356439
v 0.38022584 0.16816537 0.44356439
v 0.38022584 0.16816537 0.44356439
v 0.38022584 0.16816537 0.44356439
v 0.38022584 0.16816537 0.44356439
v 0.38022584 0.16816537 0.44356439
v 0.34384915 0.17443870 0.47175986
v 0.34384915 0.17443870 0.47175986
v 0.34384915 0.17443870 0.47175986
v 0.34384915 0.17443870 0.47175986
v 0.34384915 0.17443870 0.47175986
v 0.34384915 0.17443870 0.47175986
v 0.32346323 1.22069228 0.48034987
v 0.32346323 1.22069228 0.48034987
v 0.32346323 1.22069228 0.48034987
v 0.32346323 1.22069228 0.48034987
v 0.32346323 1.22069228 0.48034987
v 0.32346323 1.22069228 0.48034987
v 0.32346323 1.22069228 0.48034987
v 0.30133173 1.22069228 0.49454874
v 0.30133173 1.22069228 0.49454874
v 0.30133173 1.22069228 0.49454874
v 0.30133173 1.22069228 0.49454874
v 0.30133173 1.22069228 0.49454874
v 0.29547158 0.11867570 0.48176470
v 0.29547158 0.11867570 0.48176470
v 0.29547158 0.11867570 0.48176470
v 0.29547158 0.11867570 0.48176470
v 0.29547158 0.11867570 0.48176470
v 0.29547158 0.11867570 0.48176470
v 0.31660560 0.12756291 0.47519588
v 0.31660560 0.12756291 0.47519588
v 0.31660560 0.12756291 0.47519588
v 0.31660560 0.12756291 0.47519588
v 0.31660560 0.12756291 0.47519588
v 0.31660560 0.12756291 0.47519588
v 0.31660560 0.12756291 0.47519588
v 0.31660560 0.12756291 0.47519588
v 0.31660560 0.12756291 0.47519588
v 0.31660560 0.12756291 0.47519588
v 0.33406138 0.13993537 0.46867755
v 0.33406138 0.13993537 0.46867755
v 0.33406138 0.13993537 0.46867755
v 0.35868660 0.14272344 0.45139647
v 0.35868660 0.14272344 0.45139647
v 0.35868660 0.14272344 0.45139647
v 0.35868660 0.14272344 0.45139647
v 0.35868660 0.14272344 0.45139647
v 0.37452149 0.14272344 0.43906724
v 0.37452149 0.14272344 0.43906724
v 0.37452149 0.14272344 0.43906724
v 0.37452149 0.14272344 0.43906724
v 0.37452149 0.14272344 0.43906724
v 0.37452149 0.14272344 0.43906724
v 0.37452149 0.14272344 0.43906724
v 0.30133173 1.47441399 0.49136534
v 0.30133173 1.47441399 0.49136534
v 0.30133173 1.47441399 0.49136534
v 0.30133173 1.47441399 0.49136534
v 0.30133173 1.53784430 0.49055687
v 0.30133173 1.53784430 0.49055687
v 0.30133173 1.53784430 0.49055687
v 0.30133173 1.53784430 0.49055687
v 0.30133173 1.53784430 0.49055687
v 0.30133173 1.53784430 0.49055687
v 0.30133173 1.53784430 0.49055687
v 0.27851450 1.50612926 0.50394714
v 0.27851450 1.50612926 0.50394714
v 0.27851450 1.50612926 0.50394714
v 0.27851450 1.50612926 0.50394714
v 0.27851450 1.50612926 0.50394714
v 0.27851450 1.50612926 0.50394714
v 0.26863325 1.22574580 0.51208246
v 0.26863325 1.22574580 0.51208246
v 0.26863325 1.22574580 0.51208246
v 0.26863325 1.22574580 0.51208246
v 0.26863325 1.22574580 0.51208246
v 0.26863325 0.11222807 0.49116319
v 0.26863325 0.11222807 0.49116319
v 0.26863325 0.11222807 0.49116319
v 0.26863325 0.11222807 0.49116319
v 0.26863325 0.11222807 0.49116319
v 0.41323602 0.15683849 0.41309506
v 0.41323602 0.15683849 0.41309506
v 0.41323602 0.15683849 0.41309506
v 0.41323602 0.15683849 0.41309506
v 0.41323602 0.15683849 0.41309506
v 0.41323602 0.15683849 0.41309506
v 0.41323602 0.15683849 0.41309506
v 0.41323602 0.15683849 0.41309506
v 0.41323602 0.15683849 0.41309506
v 0.41392177 0.17443870 0.41380247
v 0.41392177 0.17443870 0.41380247
v 0.41392177 0.17443870 0.41380247
v 0.41392177 0.17443870 0.41380247
v 0.41392177 0.17443870 0.41380247
v 0.41392177 0.17443870 0.41380247
v 0.41392177 0.17443870 0.41380247
v 0.41392177 0.17443870 0.41380247
v 0.41392177 0.17443870 0.41380247
v 0.41392177 0.17443870 0.41380247
v 0.41392177 0.17443870 0.41380247
v 0.39331767 0.17705256 0.43229628
v 0.39331767 0.17705256 0.43229628
v 0.39331767 0.17705256 0.43229628
v 0.38066220 0.18925074 0.44391808
v 0.38066220 0.18925074 0.44391808
v 0.38066220 0.18925074 0.44391808
v 0.38066220 0.18925074 0.44391808
v 0.38066220 0.18925074 0.44391808
v 0.38066220 0.18925074 0.44391808
v 0.36769503 0.17705256 0.45351866
v 0.36769503 0.17705256 0.45351866
v 0.36769503 0.17705256 0.45351866
v 0.38066220 0.19099331 0.44391808
v 0.38066220 0.19099331 0.44391808
v 0.38066220 0.19099331 0.44391808
v 0.38066220 0.19099331 0.44391808
v 0.38066220 0.19099331 0.44391808
v 0.38066220 0.19099331 0.44391808
v 0.38066220 0.19099331 0.44391808
v 0.38066220 0.19099331 0.44391808
v 0.33929816 1.22069228 0.46822280
v 0.33929816 1.22069228 0.46822280
v 0.33929816 1.22069228 0.46822280
v 0.33929816 1.22069228 0.46822280
v 0.33929816 1.22069228 0.46822280
v 0.33901760 1.25240743 0.46802065
v 0.33901760 1.25240743 0.46802065
v 0.32072017 1.53784430 0.47827819
v 0.32072017 1.53784430 0.47827819
v 0.32072017 1.53784430 0.47827819
v 0.32072017 1.53784430 0.47827819
v 0.32072017 1.53784430 0.47827819
v 0.32072017 1.53784430 0.47827819
v 0.32072017 1.53784430 0.47827819
v 0.28178748 0.09759033 0.47367999
v 0.28178748 0.09759033 0.47367999
v 0.28178748 0.09759033 0.47367999
v 0.28178748 0.09759033 0.47367999
v 0.28178748 0.09759033 0.47367999
v 0.28178748 0.09759033 0.47367999
v 0.28178748 0.09759033 0.47367999
v 0.28178748 0.09759033 0.47367999
v 0.28178748 0.09759033 0.47367999
v 0.28178748 0.09759033 0.47367999
v 0.30416831 0.10926571 0.46857652
v 0.30416831 0.10926571 0.46857652
v 0.30416831 0.10926571 0.46857652
v 0.30416831 0.10926571 0.46857652
v 0.31875640 0.09393088 0.44508028
v 0.31875640 0.09393088 0.44508028
v 0.31875640 0.09393088 0.44508028
v 0.31875640 0.09393088 0.44508028
v 0.31875640 0.09393088 0.44508028
v 0.31875640 0.09393088 0.44508028
v 0.31875640 0.09393088 0.44508028
v 0.31875640 0.09393088 0.44508028
v 0.31875640 0.09393088 0.44508028
v 0.31875640 0.09393088 0.44508028
v 0.33081961 0.11275087 0.45200279
v 0.33081961 0.11275087 0.45200279
v 0.33081961 0.11275087 0.45200279
v 0.33081961 0.11275087 0.45200279
v 0.35173544 0.12442624 0.44604030
v 0.35173544 0.12442624 0.44604030
v 0.35173544 0.12442624 0.44604030
v 0.35173544 0.12442624 0.44604030
v 0.35173544 0.12442624 0.44604030
v 0.35173544 0.12442624 0.44604030
v 0.35173544 0.12442624 0.44604030
v 0.39627895 0.14481463 0.42153350
v 0.39627895 0.14481463 0.42153350
v 0.39627895 0.14481463 0.42153350
v 0.39627895 0.14481463 0.42153350
v 0.38558725 0.12198656 0.41663212
v 0.38558725 0.12198656 0.41663212
v 0.38558725 0.12198656 0.41663212
v 0.38558725 0.12198656 0.41663212
v 0.38558725 0.12198656 0.41663212
v 0.38558725 0.12198656 0.41663212
v 0.38558725 0.12198656 0.41663212
v 0.38558725 0.12198656 0.41663212
v 0.27810928 1.53784430 0.50374508
v 0.27810928 1.53784430 0.50374508
v 0.27810928 1.53784430 0.50374508
v 0.27810928 1.53784430 0.50374508
v 0.27810928 1.53784430 0.50374508
v 0.27810928 1.53784430 0.50374508
v 0.27810928 1.53784430 0.50374508
v 0.27810928 1.53784430 0.50374508
v 0.31972271 1.56955957 0.47752026
v 0.31972271 1.56955957 0.47752026
v 0.31972271 1.56955957 0.47752026
v 0.31972271 1.56955957 0.47752026
v 0.31972271 1.56955957 0.47752026
v 0.30133173 1.56955957 0.48909152
v 0.30133173 1.56955957 0.48909152
v 0.30133173 1.56955957 0.48909152
v 0.30133173 1.56955957 0.48909152
v 0.30133173 1.56955957 0.48909152
v 0.26863325 1.51850152 0.50854540
v 0.26863325 1.51850152 0.50854540
v 0.26863325 1.51850152 0.50854540
v 0.26863325 1.51850152 0.50854540
v 0.26863325 1.51850152 0.50854540
v 0.26863325 1.50612926 0.50869703
v 0.26863325 1.50612926 0.50869703
v 0.26863325 1.50612926 0.50869703
v 0.26863325 1.50612926 0.50869703
v 0.26863325 0.11187958 0.49091059
v 0.26863325 0.11187958 0.49091059
v 0.26863325 0.11187958 0.49091059
v 0.26863325 0.11187958 0.49091059
v 0.44384605 0.16799106 0.38025084
v 0.44384605 0.16799106 0.38025084
v 0.44384605 0.16799106 0.38025084
v 0.44384605 0.16799106 0.38025084
v 0.44384605 0.16799106 0.38025084
v 0.44384605 0.16799106 0.38025084
v 0.44384605 0.16799106 0.38025084
v 0.44384605 0.16799106 0.38025084
v 0.40672126 0.13575312 0.40642515
v 0.40672126 0.13575312 0.40642515
v 0.40672126 0.13575312 0.40642515
v 0.40672126 0.13575312 0.40642515
v 0.40672126 0.13575312 0.40642515
v 0.40672126 0.13575312 0.40642515
v 0.42168340 0.14481463 0.39601606
v 0.42168340 0.14481463 0.39601606
v 0.42168340 0.14481463 0.39601606
v 0.43917039 0.14272344 0.37489471
v 0.43917039 0.14272344 0.37489471
v 0.43917039 0.14272344 0.37489471
v 0.43917039 0.14272344 0.37489471
v 0.43917039 0.14272344 0.37489471
v 0.43917039 0.14272344 0.37489471
v 0.45276099 0.14272344 0.35902843
v 0.45276099 0.14272344 0.35902843
v 0.45276099 0.14272344 0.35902843
v 0.45276099 0.14272344 0.35902843
v 0.45276099 0.14272344 0.35902843
v 0.43249977 0.17687838 0.39318639
v 0.43249977 0.17687838 0.39318639
v 0.43249977 0.17687838 0.39318639
v 0.44403309 0.18907642 0.38050348
v 0.44403309 0.18907642 0.38050348
v 0.44403309 0.18907642 0.38050348
v 0.44403309 0.18907642 0.38050348
v 0.44403309 0.18907642 0.38050348
v 0.44403309 0.18907642 0.38050348
v 0.44403309 0.19081913 0.38050348
v 0.44403309 0.19081913 0.38050348
v 0.44403309 0.19081913 0.38050348
v 0.44403309 0.19081913 0.38050348
v 0.44403309 0.19081913 0.38050348
v 0.44403309 0.19081913 0.38050348
v 0.44403309 0.19081913 0.38050348
v 0.40974486 1.22069228 0.40950742
v 0.40974486 1.22069228 0.40950742
v 0.40974486 1.22069228 0.40950742
v 0.40974486 1.22069228 0.40950742
v 0.40974486 1.22069228 0.40950742
v 0.40974486 1.22069228 0.40950742
v 0.40974486 1.22069228 0.40950742
v 0.40974486 1.22069228 0.40950742
v 0.40974486 1.22069228 0.40950742
v 0.39387879 1.22069228 0.42416102
v 0.39387879 1.22069228 0.42416102
v 0.39387879 1.22069228 0.42416102
v 0.39387879 1.22069228 0.42416102
v 0.39387879 1.22069228 0.42416102
v 0.37573719 1.22069228 0.44002730
v 0.37573719 1.22069228 0.44002730
v 0.37573719 1.22069228 0.44002730
v 0.37573719 1.22069228 0.44002730
v 0.37573719 1.22069228 0.44002730
v 0.37573719 1.22069228 0.44002730
v 0.37573719 1.22069228 0.44002730
v 0.35990226 1.22069228 0.45235649
v 0.35990226 1.22069228 0.45235649
v 0.35990226 1.22069228 0.45235649
v 0.35990226 1.22069228 0.45235649
v 0.35962173 1.25240743 0.45220494
v 0.35962173 1.25240743 0.45220494
v 0.35962173 1.25240743 0.45220494
v 0.35962173 1.25240743 0.45220494
v 0.35962173 1.25240743 0.45220494
v 0.35962173 1.25240743 0.45220494
v 0.35962173 1.25240743 0.45220494
v 0.33683565 1.50612926 0.46635321
v 0.33683565 1.50612926 0.46635321
v 0.33683565 1.50612926 0.46635321
v 0.33683565 1.50612926 0.46635321
v 0.33683565 1.50612926 0.46635321
v 0.33655512 1.53784430 0.46610054
v 0.33655512 1.53784430 0.46610054
v 0.33655512 1.53784430 0.46610054
v 0.33655512 1.53784430 0.46610054
v 0.33655512 1.53784430 0.46610054
v 0.26863325 0.09375657 0.47691387
v 0.26863325 0.09375657 0.47691387
v 0.26863325 0.09375657 0.47691387
v 0.26863325 0.08103561 0.46382672
v 0.26863325 0.08103561 0.46382672
v 0.26863325 0.08103561 0.46382672
v 0.26863325 0.08103561 0.46382672
v 0.27056587 0.07859604 0.46023914
v 0.27056587 0.07859604 0.46023914
v 0.27056587 0.07859604 0.46023914
v 0.27056587 0.07859604 0.46023914
v 0.28047827 0.06570077 0.44068420
v 0.28047827 0.06570077 0.44068420
v 0.28047827 0.06570077 0.44068420
v 0.28047827 0.06570077 0.44068420
v 0.28047827 0.06570077 0.44068420
v 0.28047827 0.06570077 0.44068420
v 0.28047827 0.06570077 0.44068420
v 0.28047827 0.06570077 0.44068420
v 0.28047827 0.06570077 0.44068420
v 0.30133173 0.08800603 0.45124486
v 0.30133173 0.08800603 0.45124486
v 0.30133173 0.08800603 0.45124486
v 0.30133173 0.08800603 0.45124486
v 0.35341868 0.09166550 0.41582364
v 0.35341868 0.09166550 0.41582364
v 0.35341868 0.09166550 0.41582364
v 0.35341868 0.09166550 0.41582364
v 0.35341868 0.09166550 0.41582364
v 0.35341868 0.09166550 0.41582364
v 0.35341868 0.09166550 0.41582364
v 0.35341868 0.09166550 0.41582364
v 0.35341868 0.09166550 0.41582364
v 0.33989042 0.10316657 0.43694499
v 0.33989042 0.10316657 0.43694499
v 0.33989042 0.10316657 0.43694499
v 0.33989042 0.10316657 0.43694499
v 0.33989042 0.10316657 0.43694499
v 0.30441770 0.07040583 0.42926449
v 0.30441770 0.07040583 0.42926449
v 0.30441770 0.07040583 0.42926449
v 0.30441770 0.07040583 0.42926449
v 0.31704199 0.06360970 0.41203392
v 0.31704199 0.06360970 0.41203392
v 0.31704199 0.06360970 0.41203392
v 0.31704199 0.06360970 0.41203392
v 0.31704199 0.06360970 0.41203392
v 0.31704199 0.06360970 0.41203392
v 0.31704199 0.06360970 0.41203392
v 0.31704199 0.06360970 0.41203392
v 0.31704199 0.06360970 0.41203392
v 0.33081961 0.08608916 0.42704117
v 0.33081961 0.08608916 0.42704117
v 0.33081961 0.08608916 0.42704117
v 0.36314404 0.11257657 0.42678857
v 0.36314404 0.11257657 0.42678857
v 0.36314404 0.11257657 0.42678857
v 0.36314404 0.11257657 0.42678857
v 0.36314404 0.11257657 0.42678857
v 0.37455270 0.10072700 0.40682939
v 0.37455270 0.10072700 0.40682939
v 0.37455270 0.10072700 0.40682939
v 0.37455270 0.10072700 0.40682939
v 0.37455270 0.10072700 0.40682939
v 0.39621660 0.11153109 0.39606658
v 0.39621660 0.11153109 0.39606658
v 0.39621660 0.11153109 0.39606658
v 0.39621660 0.11153109 0.39606658
v 0.39621660 0.11153109 0.39606658
v 0.41663367 0.12216087 0.38530377
v 0.41663367 0.12216087 0.38530377
v 0.41663367 0.12216087 0.38530377
v 0.41663367 0.12216087 0.38530377
v 0.41663367 0.12216087 0.38530377
v 0.41663367 0.12216087 0.38530377
v 0.41663367 0.12216087 0.38530377
v 0.26863325 1.53784430 0.50829273
v 0.26863325 1.53784430 0.50829273
v 0.26863325 1.53784430 0.50829273
v 0.26863325 1.53784430 0.50829273
v 0.27667540 1.56955957 0.50303763
v 0.27667540 1.56955957 0.50303763
v 0.27667540 1.56955957 0.50303763
v 0.27667540 1.56955957 0.50303763
v 0.27667540 1.56955957 0.50303763
v 0.26863325 1.56955957 0.50692844
v 0.26863325 1.56955957 0.50692844
v 0.26863325 1.56955957 0.50692844
v 0.26863325 1.56955957 0.50692844
v 0.26863325 1.56955957 0.50692844
v 0.26863325 1.56955957 0.50692844
v 0.26863325 1.55195940 0.50768632
v 0.26863325 1.55195940 0.50768632
v 0.26863325 1.55195940 0.50768632
v 0.26863325 1.55195940 0.50768632
v 0.33555764 1.56955957 0.46534261
v 0.33555764 1.56955957 0.46534261
v 0.33555764 1.56955957 0.46534261
v 0.33555764 1.56955957 0.46534261
v 0.31832001 1.58785677 0.47645912
v 0.31832001 1.58785677 0.47645912
v 0.31832001 1.58785677 0.47645912
v 0.31832001 1.58785677 0.47645912
v 0.31832001 1.58785677 0.47645912
v 0.31832001 1.58785677 0.47645912
v 0.31832001 1.58785677 0.47645912
v 0.31832001 1.58785677 0.47645912
v 0.31832001 1.58785677 0.47645912
v 0.31832001 1.58785677 0.47645912
v 0.31832001 1.58785677 0.47645912
v 0.47317806 0.17443870 0.34543598
v 0.47317806 0.17443870 0.34543598
v 0.47317806 0.17443870 0.34543598
v 0.47317806 0.17443870 0.34543598
v 0.47317806 0.17443870 0.34543598
v 0.47317806 0.17443870 0.34543598
v 0.47317806 0.17443870 0.34543598
v 0.47317806 0.17443870 0.34543598
v 0.47317806 0.17443870 0.34543598
v 0.47317806 0.17443870 0.34543598
v 0.45466244 0.17687838 0.36766899
v 0.45466244 0.17687838 0.36766899
v 0.45466244 0.17687838 0.36766899
v 0.46859592 0.14272344 0.33952400
v 0.46859592 0.14272344 0.33952400
v 0.46859592 0.14272344 0.33952400
v 0.46859592 0.14272344 0.33952400
v 0.46859592 0.14272344 0.33952400
v 0.46859592 0.14272344 0.33952400
v 0.44680730 0.12372914 0.35205534
v 0.44680730 0.12372914 0.35205534
v 0.44680730 0.12372914 0.35205534
v 0.44680730 0.12372914 0.35205534
v 0.44680730 0.12372914 0.35205534
v 0.44680730 0.12372914 0.35205534
v 0.44680730 0.12372914 0.35205534
v 0.44680730 0.12372914 0.35205534
v 0.44680730 0.12372914 0.35205534
v 0.45325974 1.22069228 0.35978636
v 0.45325974 1.22069228 0.35978636
v 0.45325974 1.22069228 0.35978636
v 0.45325974 1.22069228 0.35978636
v 0.45325974 1.22069228 0.35978636
v 0.43985614 1.22069228 0.37565264
v 0.43985614 1.22069228 0.37565264
v 0.43985614 1.22069228 0.37565264
v 0.43985614 1.22069228 0.37565264
v 0.42402121 1.22069228 0.39364117
v 0.42402121 1.22069228 0.39364117
v 0.42402121 1.22069228 0.39364117
v 0.42402121 1.22069228 0.39364117
v 0.42402121 1.22069228 0.39364117
v 0.42386538 1.25240743 0.39338851
v 0.42386538 1.25240743 0.39338851
v 0.42386538 1.25240743 0.39338851
v 0.42386538 1.25240743 0.39338851
v 0.42215097 1.50612926 0.39146841
v 0.42215097 1.50612926 0.39146841
v 0.42215097 1.50612926 0.39146841
v 0.42215097 1.50612926 0.39146841
v 0.42215097 1.50612926 0.39146841
v 0.40952668 1.25240743 0.40925479
v 0.40952668 1.25240743 0.40925479
v 0.40952668 1.25240743 0.40925479
v 0.40952668 1.25240743 0.40925479
v 0.39157209 1.53784430 0.42203879
v 0.39157209 1.53784430 0.42203879
v 0.39157209 1.53784430 0.42203879
v 0.39157209 1.53784430 0.42203879
v 0.39157209 1.53784430 0.42203879
v 0.39157209 1.53784430 0.42203879
v 0.39157209 1.53784430 0.42203879
v 0.39157209 1.53784430 0.42203879
v 0.39366058 1.25240743 0.42395890
v 0.39366058 1.25240743 0.42395890
v 0.39366058 1.25240743 0.42395890
v 0.39366058 1.25240743 0.42395890
v 0.37548780 1.25240743 0.43982521
v 0.37548780 1.25240743 0.43982521
v 0.37548780 1.25240743 0.43982521
v 0.37548780 1.25240743 0.43982521
v 0.37299412 1.53784430 0.43790507
v 0.37299412 1.53784430 0.43790507
v 0.37299412 1.53784430 0.43790507
v 0.37299412 1.53784430 0.43790507
v 0.37299412 1.53784430 0.43790507
v 0.37299412 1.53784430 0.43790507
v 0.37299412 1.53784430 0.43790507
v 0.35740855 1.50612926 0.45048690
v 0.35740855 1.50612926 0.45048690
v 0.35740855 1.50612926 0.45048690
v 0.35740855 1.50612926 0.45048690
v 0.35712802 1.53784430 0.45023426
v 0.35712802 1.53784430 0.45023426
v 0.35712802 1.53784430 0.45023426
v 0.35712802 1.53784430 0.45023426
v 0.35616174 1.56955957 0.44947633
v 0.35616174 1.56955957 0.44947633
v 0.35616174 1.56955957 0.44947633
v 0.35616174 1.56955957 0.44947633
v 0.35616174 1.56955957 0.44947633
v 0.26863325 0.07807325 0.46069390
v 0.26863325 0.07807325 0.46069390
v 0.26863325 0.07807325 0.46069390
v 0.26863325 0.07807325 0.46069390
v 0.26863325 0.07563356 0.45796528
v 0.26863325 0.07563356 0.45796528
v 0.26863325 0.07563356 0.45796528
v 0.26863325 0.06326121 0.44412020
v 0.26863325 0.06326121 0.44412020
v 0.26863325 0.06326121 0.44412020
v 0.26863325 0.00192187 0.34609285
v 0.26863325 0.00192187 0.34609285
v 0.26863325 0.00192187 0.34609285
v 0.26863325 0.00192187 0.34609285
v 0.26863325 0.00192187 0.34609285
v 0.38571194 0.09061991 0.38570803
v 0.38571194 0.09061991 0.38570803
v 0.38571194 0.09061991 0.38570803
v 0.38571194 0.09061991 0.38570803
v 0.38571194 0.09061991 0.38570803
v 0.38571194 0.09061991 0.38570803
v 0.38571194 0.09061991 0.38570803
v 0.38571194 0.09061991 0.38570803
v 0.33306393 0.06883744 0.40546510
v 0.33306393 0.06883744 0.40546510
v 0.33306393 0.06883744 0.40546510
v 0.33306393 0.06883744 0.40546510
v 0.36270767 0.08051281 0.39450017
v 0.36270767 0.08051281 0.39450017
v 0.36270767 0.08051281 0.39450017
v 0.36270767 0.08051281 0.39450017
v 0.36270767 0.08051281 0.39450017
v 0.35083148 0.06238992 0.38217098
v 0.35083148 0.06238992 0.38217098
v 0.35083148 0.06238992 0.38217098
v 0.35083148 0.06238992 0.38217098
v 0.35083148 0.06238992 0.38217098
v 0.35083148 0.06238992 0.38217098
v 0.29060891 -0.00278318 0.32148495
v 0.29060891 -0.00278318 0.32148495
v 0.29060891 -0.00278318 0.32148495
v 0.29060891 -0.00278318 0.32148495
v 0.29060891 -0.00278318 0.32148495
v 0.29060891 -0.00278318 0.32148495
v 0.29060891 -0.00278318 0.32148495
v 0.40687713 0.10107549 0.37433887
v 0.40687713 0.10107549 0.37433887
v 0.40687713 0.10107549 0.37433887
v 0.40687713 0.10107549 0.37433887
v 0.40687713 0.10107549 0.37433887
v 0.40687713 0.10107549 0.37433887
v 0.42698249 0.11240237 0.36322236
v 0.42698249 0.11240237 0.36322236
v 0.42698249 0.11240237 0.36322236
v 0.42698249 0.11240237 0.36322236
v 0.26878911 1.60162342 0.50025856
v 0.26878911 1.60162342 0.50025856
v 0.26878911 1.60162342 0.50025856
v 0.26878911 1.60162342 0.50025856
v 0.26878911 1.60162342 0.50025856
v 0.26878911 1.60162342 0.50025856
v 0.26878911 1.60162342 0.50025856
v 0.26878911 1.60162342 0.50025856
v 0.26863325 1.60144901 0.50035959
v 0.26863325 1.60144901 0.50035959
v 0.26863325 1.60144901 0.50035959
v 0.37202781 1.56955957 0.43714711
v 0.37202781 1.56955957 0.43714711
v 0.37202781 1.56955957 0.43714711
v 0.37202781 1.56955957 0.43714711
v 0.37202781 1.56955957 0.43714711
v 0.37202781 1.56955957 0.43714711
v 0.35320050 1.59447873 0.44720250
v 0.35320050 1.59447873 0.44720250
v 0.35320050 1.59447873 0.44720250
v 0.35320050 1.59447873 0.44720250
v 0.35320050 1.59447873 0.44720250
v 0.34815076 1.61573827 0.44331172
v 0.34815076 1.61573827 0.44331172
v 0.34815076 1.61573827 0.44331172
v 0.34815076 1.61573827 0.44331172
v 0.34815076 1.61573827 0.44331172
v 0.34815076 1.61573827 0.44331172
v 0.34815076 1.61573827 0.44331172
v 0.34815076 1.61573827 0.44331172
v 0.31270918 1.60894215 0.47241676
v 0.31270918 1.60894215 0.47241676
v 0.31270918 1.60894215 0.47241676
v 0.31270918 1.60894215 0.47241676
v 0.30183047 1.59953213 0.48272479
v 0.30183047 1.59953213 0.48272479
v 0.30183047 1.59953213 0.48272479
v 0.30183047 1.59953213 0.48272479
v 0.48025388 0.14272344 0.32365772
v 0.48025388 0.14272344 0.32365772
v 0.48025388 0.14272344 0.32365772
v 0.48025388 0.14272344 0.32365772
v 0.48025388 0.14272344 0.32365772
v 0.48025388 0.14272344 0.32365772
v 0.48433730 0.17443870 0.32956970
v 0.48433730 0.17443870 0.32956970
v 0.48433730 0.17443870 0.32956970
v 0.48433730 0.17443870 0.32956970
v 0.48433730 0.17443870 0.32956970
v 0.48081502 1.22069228 0.32441568
v 0.48081502 1.22069228 0.32441568
v 0.48081502 1.22069228 0.32441568
v 0.48081502 1.22069228 0.32441568
v 0.48081502 1.22069228 0.32441568
v 0.48081502 1.22069228 0.32441568
v 0.46912584 1.22069228 0.34023142
v 0.46912584 1.22069228 0.34023142
v 0.46912584 1.22069228 0.34023142
v 0.46912584 1.22069228 0.34023142
v 0.46912584 1.22069228 0.34023142
v 0.46912584 1.22069228 0.34023142
v 0.47604582 0.12651731 0.31754366
v 0.47604582 0.12651731 0.31754366
v 0.47604582 0.12651731 0.31754366
v 0.47604582 0.12651731 0.31754366
v 0.47604582 0.12651731 0.31754366
v 0.47604582 0.12651731 0.31754366
v 0.47604582 0.12651731 0.31754366
v 0.47604582 0.12651731 0.31754366
v 0.47604582 0.12651731 0.31754366
v 0.47604582 0.12651731 0.31754366
v 0.47604582 0.12651731 0.31754366
v 0.43726897 0.10264377 0.34063566
v 0.43726897 0.10264377 0.34063566
v 0.43726897 0.10264377 0.34063566
v 0.43726897 0.10264377 0.34063566
v 0.43726897 0.10264377 0.34063566
v 0.44593450 0.09323377 0.31951430
v 0.44593450 0.09323377 0.31951430
v 0.44593450 0.09323377 0.31951430
v 0.44593450 0.09323377 0.31951430
v 0.44593450 0.09323377 0.31951430
v 0.44593450 0.09323377 0.31951430
v 0.44593450 0.09323377 0.31951430
v 0.44593450 0.09323377 0.31951430
v 0.44593450 0.09323377 0.31951430
v 0.44593450 0.09323377 0.31951430
v 0.44593450 0.09323377 0.31951430
v 0.45693794 0.11449344 0.32911491
v 0.45693794 0.11449344 0.32911491
v 0.45693794 0.11449344 0.32911491
v 0.45307270 1.25240743 0.35958424
v 0.45307270 1.25240743 0.35958424
v 0.45307270 1.25240743 0.35958424
v 0.45307270 1.25240743 0.35958424
v 0.45307270 1.25240743 0.35958424
v 0.43966910 1.25240743 0.37545052
v 0.43966910 1.25240743 0.37545052
v 0.43966910 1.25240743 0.37545052
v 0.43966910 1.25240743 0.37545052
v 0.43966910 1.25240743 0.37545052
v 0.43966910 1.25240743 0.37545052
v 0.43966910 1.25240743 0.37545052
v 0.43798587 1.50612926 0.37342936
v 0.43798587 1.50612926 0.37342936
v 0.43798587 1.50612926 0.37342936
v 0.43798587 1.50612926 0.37342936
v 0.42193276 1.53784430 0.39121574
v 0.42193276 1.53784430 0.39121574
v 0.42193276 1.53784430 0.39121574
v 0.42193276 1.53784430 0.39121574
v 0.42193276 1.53784430 0.39121574
v 0.40743822 1.53784430 0.40708205
v 0.40743822 1.53784430 0.40708205
v 0.40743822 1.53784430 0.40708205
v 0.40743822 1.53784430 0.40708205
v 0.40743822 1.53784430 0.40708205
v 0.40743822 1.53784430 0.40708205
v 0.39076164 1.56955957 0.42133138
v 0.39076164 1.56955957 0.42133138
v 0.39076164 1.56955957 0.42133138
v 0.39076164 1.56955957 0.42133138
v 0.39076164 1.56955957 0.42133138
v 0.39076164 1.56955957 0.42133138
v 0.26863325 -0.00574554 0.33209616
v 0.26863325 -0.00574554 0.33209616
v 0.26863325 -0.00574554 0.33209616
v 0.26863325 -0.00574554 0.33209616
v 0.41616610 0.09166550 0.35316700
v 0.41616610 0.09166550 0.35316700
v 0.41616610 0.09166550 0.35316700
v 0.41616610 0.09166550 0.35316700
v 0.41616610 0.09166550 0.35316700
v 0.41616610 0.09166550 0.35316700
v 0.41616610 0.09166550 0.35316700
v 0.37196547 0.06936023 0.37155974
v 0.37196547 0.06936023 0.37155974
v 0.37196547 0.06936023 0.37155974
v 0.37196547 0.06936023 0.37155974
v 0.37196547 0.06936023 0.37155974
v 0.37196547 0.06936023 0.37155974
v 0.39450219 0.08051281 0.36236337
v 0.39450219 0.08051281 0.36236337
v 0.39450219 0.08051281 0.36236337
v 0.39450219 0.08051281 0.36236337
v 0.38209611 0.06256410 0.35043842
v 0.38209611 0.06256410 0.35043842
v 0.38209611 0.06256410 0.35043842
v 0.38209611 0.06256410 0.35043842
v 0.38209611 0.06256410 0.35043842
v 0.38209611 0.06256410 0.35043842
v 0.30123824 -0.00661683 0.30086890
v 0.30123824 -0.00661683 0.30086890
v 0.30123824 -0.00661683 0.30086890
v 0.30123824 -0.00661683 0.30086890
v 0.30123824 -0.00661683 0.30086890
v 0.30123824 -0.00661683 0.30086890
v 0.30123824 -0.00661683 0.30086890
v 0.30123824 -0.00661683 0.30086890
v 0.32134360 -0.00243458 0.29010612
v 0.32134360 -0.00243458 0.29010612
v 0.32134360 -0.00243458 0.29010612
v 0.32134360 -0.00243458 0.29010612
v 0.32134360 -0.00243458 0.29010612
v 0.32134360 -0.00243458 0.29010612
v 0.29157519 1.62323153 0.47933933
v 0.29157519 1.62323153 0.47933933
v 0.29157519 1.62323153 0.47933933
v 0.29157519 1.62323153 0.47933933
v 0.29157519 1.62323153 0.47933933
v 0.29157519 1.62323153 0.47933933
v 0.29157519 1.62323153 0.47933933
v 0.29157519 1.62323153 0.47933933
v 0.29157519 1.62323153 0.47933933
v 0.26863325 1.63281572 0.48515019
v 0.26863325 1.63281572 0.48515019
v 0.26863325 1.63281572 0.48515019
v 0.26863325 1.63281572 0.48515019
v 0.26863325 1.63281572 0.48515019
v 0.26863325 1.60162342 0.50030905
v 0.26863325 1.60162342 0.50030905
v 0.26863325 1.60162342 0.50030905
v 0.38677174 1.60127473 0.41769323
v 0.38677174 1.60127473 0.41769323
v 0.38677174 1.60127473 0.41769323
v 0.38677174 1.60127473 0.41769323
v 0.38677174 1.60127473 0.41769323
v 0.38677174 1.60127473 0.41769323
v 0.38677174 1.60127473 0.41769323
v 0.36417273 1.60354018 0.43527752
v 0.36417273 1.60354018 0.43527752
v 0.36417273 1.60354018 0.43527752
v 0.36417273 1.60354018 0.43527752
v 0.38253248 1.61974621 0.41390350
v 0.38253248 1.61974621 0.41390350
v 0.38253248 1.61974621 0.41390350
v 0.38253248 1.61974621 0.41390350
v 0.38253248 1.61974621 0.41390350
v 0.38253248 1.61974621 0.41390350
v 0.38253248 1.61974621 0.41390350
v 0.38253248 1.61974621 0.41390350
v 0.38253248 1.61974621 0.41390350
v 0.38253248 1.61974621 0.41390350
v 0.36339343 1.63142180 0.42062396
v 0.36339343 1.63142180 0.42062396
v 0.36339343 1.63142180 0.42062396
v 0.36339343 1.63142180 0.42062396
v 0.36339343 1.63142180 0.42062396
v 0.36339343 1.63142180 0.42062396
v 0.32701674 1.62758803 0.45129541
v 0.32701674 1.62758803 0.45129541
v 0.32701674 1.62758803 0.45129541
v 0.32701674 1.62758803 0.45129541
v 0.32701674 1.62758803 0.45129541
v 0.32701674 1.62758803 0.45129541
v 0.49580827 0.14429182 0.29935303
v 0.49580827 0.14429182 0.29935303
v 0.49580827 0.14429182 0.29935303
v 0.49580827 0.14429182 0.29935303
v 0.50868195 0.15596719 0.28752908
v 0.50868195 0.15596719 0.28752908
v 0.50868195 0.15596719 0.28752908
v 0.50868195 0.15596719 0.28752908
v 0.50868195 0.15596719 0.28752908
v 0.50868195 0.15596719 0.28752908
v 0.50868195 0.15596719 0.28752908
v 0.50868195 0.15596719 0.28752908
v 0.50868195 0.15596719 0.28752908
v 0.50868195 0.15596719 0.28752908
v 0.50020343 0.17443870 0.30450702
v 0.50020343 0.17443870 0.30450702
v 0.50020343 0.17443870 0.30450702
v 0.50020343 0.17443870 0.30450702
v 0.50020343 0.17443870 0.30450702
v 0.49484199 1.22069228 0.30117208
v 0.49484199 1.22069228 0.30117208
v 0.49484199 1.22069228 0.30117208
v 0.49484199 1.22069228 0.30117208
v 0.49484199 1.22069228 0.30117208
v 0.49484199 1.22069228 0.30117208
v 0.49484199 1.22069228 0.30117208
v 0.48065913 1.25240743 0.32416305
v 0.48065913 1.25240743 0.32416305
v 0.48065913 1.25240743 0.32416305
v 0.48065913 1.25240743 0.32416305
v 0.48065913 1.25240743 0.32416305
v 0.48065913 1.25240743 0.32416305
v 0.48065913 1.25240743 0.32416305
v 0.46890762 1.25240743 0.34002930
v 0.46890762 1.25240743 0.34002930
v 0.46890762 1.25240743 0.34002930
v 0.46890762 1.25240743 0.34002930
v 0.46890762 1.25240743 0.34002930
v 0.46890762 1.25240743 0.34002930
v 0.46778548 0.10473496 0.30117208
v 0.46778548 0.10473496 0.30117208
v 0.46778548 0.10473496 0.30117208
v 0.47377032 0.09776453 0.28186980
v 0.47377032 0.09776453 0.28186980
v 0.47377032 0.09776453 0.28186980
v 0.47377032 0.09776453 0.28186980
v 0.47377032 0.09776453 0.28186980
v 0.47377032 0.09776453 0.28186980
v 0.47377032 0.09776453 0.28186980
v 0.47377032 0.09776453 0.28186980
v 0.48072144 0.12059247 0.30117208
v 0.48072144 0.12059247 0.30117208
v 0.48072144 0.12059247 0.30117208
v 0.48072144 0.12059247 0.30117208
v 0.50908720 0.12477473 0.25665551
v 0.50908720 0.12477473 0.25665551
v 0.50908720 0.12477473 0.25665551
v 0.50908720 0.12477473 0.25665551
v 0.50908720 0.12477473 0.25665551
v 0.50908720 0.12477473 0.25665551
v 0.50908720 0.12477473 0.25665551
v 0.50908720 0.12477473 0.25665551
v 0.50908720 0.12477473 0.25665551
v 0.50319588 0.13470753 0.27777690
v 0.50319588 0.13470753 0.27777690
v 0.50319588 0.13470753 0.27777690
v 0.50319588 0.13470753 0.27777690
v 0.50319588 0.13470753 0.27777690
v 0.42492518 0.08190690 0.32896331
v 0.42492518 0.08190690 0.32896331
v 0.42492518 0.08190690 0.32896331
v 0.42492518 0.08190690 0.32896331
v 0.41255027 0.06343540 0.31729102
v 0.41255027 0.06343540 0.31729102
v 0.41255027 0.06343540 0.31729102
v 0.41255027 0.06343540 0.31729102
v 0.41255027 0.06343540 0.31729102
v 0.41255027 0.06343540 0.31729102
v 0.41255027 0.06343540 0.31729102
v 0.41255027 0.06343540 0.31729102
v 0.41255027 0.06343540 0.31729102
v 0.43415183 0.07145142 0.30117208
v 0.43415183 0.07145142 0.30117208
v 0.43415183 0.07145142 0.30117208
v 0.43415183 0.07145142 0.30117208
v 0.45191938 0.08730894 0.30117208
v 0.45191938 0.08730894 0.30117208
v 0.45191938 0.08730894 0.30117208
v 0.45191938 0.08730894 0.30117208
v 0.45191938 0.08730894 0.30117208
v 0.45117125 1.53784430 0.35736096
v 0.45117125 1.53784430 0.35736096
v 0.45117125 1.53784430 0.35736096
v 0.45117125 1.53784430 0.35736096
v 0.45117125 1.53784430 0.35736096
v 0.45117125 1.53784430 0.35736096
v 0.45117125 1.53784430 0.35736096
v 0.45117125 1.53784430 0.35736096
v 0.45117125 1.53784430 0.35736096
v 0.45117125 1.53784430 0.35736096
v 0.43776768 1.53784430 0.37317669
v 0.43776768 1.53784430 0.37317669
v 0.43776768 1.53784430 0.37317669
v 0.43776768 1.53784430 0.37317669
v 0.43776768 1.53784430 0.37317669
v 0.42115352 1.56955957 0.39035675
v 0.42115352 1.56955957 0.39035675
v 0.42115352 1.56955957 0.39035675
v 0.42115352 1.56955957 0.39035675
v 0.42115352 1.56955957 0.39035675
v 0.42115352 1.56955957 0.39035675
v 0.42115352 1.56955957 0.39035675
v 0.40662774 1.56955957 0.40622303
v 0.40662774 1.56955957 0.40622303
v 0.40662774 1.56955957 0.40622303
v 0.40662774 1.56955957 0.40622303
v 0.40662774 1.56955957 0.40622303
v 0.40662774 1.56955957 0.40622303
v 0.26863325 -0.00905651 0.32077754
v 0.26863325 -0.00905651 0.32077754
v 0.26863325 -0.00905651 0.32077754
v 0.26863325 -0.00905651 0.32077754
v 0.40326127 0.07040583 0.33846292
v 0.40326127 0.07040583 0.33846292
v 0.40326127 0.07040583 0.33846292
v 0.40326127 0.07040583 0.33846292
v 0.40326127 0.07040583 0.33846292
v 0.40326127 0.07040583 0.33846292
v 0.26963073 -0.01428425 0.30117208
v 0.26963073 -0.01428425 0.30117208
v 0.26963073 -0.01428425 0.30117208
v 0.26963073 -0.01428425 0.30117208
v 0.26963073 -0.01428425 0.30117208
v 0.26963073 -0.01428425 0.30117208
v 0.30133173 -0.01411006 0.26949003
v 0.30133173 -0.01411006 0.26949003
v 0.30133173 -0.01411006 0.26949003
v 0.30133173 -0.01411006 0.26949003
v 0.30133173 -0.01411006 0.26949003
v 0.30133173 -0.01411006 0.26949003
v 0.33306393 -0.01323866 0.23780800
v 0.33306393 -0.01323866 0.23780800
v 0.33306393 -0.01323866 0.23780800
v 0.33306393 -0.01323866 0.23780800
v 0.33306393 -0.01323866 0.23780800
v 0.33306393 -0.01323866 0.23780800
v 0.33237818 -0.00574554 0.26812574
v 0.33237818 -0.00574554 0.26812574
v 0.33237818 -0.00574554 0.26812574
v 0.33237818 -0.00574554 0.26812574
v 0.33237818 -0.00574554 0.26812574
v 0.35133022 -0.00156329 0.25665551
v 0.35133022 -0.00156329 0.25665551
v 0.35133022 -0.00156329 0.25665551
v 0.35133022 -0.00156329 0.25665551
v 0.35133022 -0.00156329 0.25665551
v 0.35133022 -0.00156329 0.25665551
v 0.35133022 -0.00156329 0.25665551
v 0.30432418 1.63595235 0.46185610
v 0.30432418 1.63595235 0.46185610
v 0.30432418 1.63595235 0.46185610
v 0.30432418 1.63595235 0.46185610
v 0.30432418 1.63595235 0.46185610
v 0.27944964 1.64431691 0.47236621
v 0.27944964 1.64431691 0.47236621
v 0.27944964 1.64431691 0.47236621
v 0.27944964 1.64431691 0.47236621
v 0.27944964 1.64431691 0.47236621
v 0.27944964 1.64431691 0.47236621
v 0.26919430 1.63351285 0.48454380
v 0.26919430 1.63351285 0.48454380
v 0.26919430 1.63351285 0.48454380
v 0.26919430 1.63351285 0.48454380
v 0.26919430 1.63351285 0.48454380
v 0.26863325 1.63351285 0.48479646
v 0.26863325 1.63351285 0.48479646
v 0.26863325 1.63351285 0.48479646
v 0.40260667 1.60127473 0.40207958
v 0.40260667 1.60127473 0.40207958
v 0.40260667 1.60127473 0.40207958
v 0.40260667 1.60127473 0.40207958
v 0.40260667 1.60127473 0.40207958
v 0.41370359 1.61922359 0.38201937
v 0.41370359 1.61922359 0.38201937
v 0.41370359 1.61922359 0.38201937
v 0.41370359 1.61922359 0.38201937
v 0.41370359 1.61922359 0.38201937
v 0.41370359 1.61922359 0.38201937
v 0.41370359 1.61922359 0.38201937
v 0.39406580 1.63002765 0.39379275
v 0.39406580 1.63002765 0.39379275
v 0.39406580 1.63002765 0.39379275
v 0.39406580 1.63002765 0.39379275
v 0.38443393 1.65320408 0.38439426
v 0.38443393 1.65320408 0.38439426
v 0.38443393 1.65320408 0.38439426
v 0.38443393 1.65320408 0.38439426
v 0.38443393 1.65320408 0.38439426
v 0.38443393 1.65320408 0.38439426
v 0.38443393 1.65320408 0.38439426
v 0.37302530 1.64083171 0.40556616
v 0.37302530 1.64083171 0.40556616
v 0.37302530 1.64083171 0.40556616
v 0.37302530 1.64083171 0.40556616
v 0.37302530 1.64083171 0.40556616
v 0.37302530 1.64083171 0.40556616
v 0.37302530 1.64083171 0.40556616
v 0.35189128 1.65181005 0.41450989
v 0.35189128 1.65181005 0.41450989
v 0.35189128 1.65181005 0.41450989
v 0.35189128 1.65181005 0.41450989
v 0.35189128 1.65181005 0.41450989
v 0.35189128 1.65181005 0.41450989
v 0.35189128 1.65181005 0.41450989
v 0.33577582 1.63612664 0.43856192
v 0.33577582 1.63612664 0.43856192
v 0.33577582 1.63612664 0.43856192
v 0.31710434 1.64867330 0.44381699
v 0.31710434 1.64867330 0.44381699
v 0.31710434 1.64867330 0.44381699
v 0.31710434 1.64867330 0.44381699
v 0.31710434 1.64867330 0.44381699
v 0.31710434 1.64867330 0.44381699
v 0.31710434 1.64867330 0.44381699
v 0.53411758 0.17443870 0.24326521
v 0.53411758 0.17443870 0.24326521
v 0.53411758 0.17443870 0.24326521
v 0.53411758 0.17443870 0.24326521
v 0.53411758 0.17443870 0.24326521
v 0.53411758 0.17443870 0.24326521
v 0.53411758 0.17443870 0.24326521
v 0.52015293 0.17443870 0.26949003
v 0.52015293 0.17443870 0.26949003
v 0.52015293 0.17443870 0.26949003
v 0.52015293 0.17443870 0.26949003
v 0.52015293 0.17443870 0.26949003
v 0.52015293 0.17443870 0.26949003
v 0.50933659 0.17443870 0.28869125
v 0.50933659 0.17443870 0.28869125
v 0.50933659 0.17443870 0.28869125
v 0.50933659 0.17443870 0.28869125
v 0.51351351 0.14429182 0.26807523
v 0.51351351 0.14429182 0.26807523
v 0.51351351 0.14429182 0.26807523
v 0.51351351 0.14429182 0.26807523
v 0.51351351 0.14429182 0.26807523
v 0.54072583 0.15492161 0.22552933
v 0.54072583 0.15492161 0.22552933
v 0.54072583 0.15492161 0.22552933
v 0.54072583 0.15492161 0.22552933
v 0.54072583 0.15492161 0.22552933
v 0.54072583 0.15492161 0.22552933
v 0.54072583 0.15492161 0.22552933
v 0.54072583 0.15492161 0.22552933
v 0.54072583 0.15492161 0.22552933
v 0.54072583 0.15492161 0.22552933
v 0.54072583 0.15492161 0.22552933
v 0.50559604 1.22069228 0.28207192
v 0.50559604 1.22069228 0.28207192
v 0.50559604 1.22069228 0.28207192
v 0.50559604 1.22069228 0.28207192
v 0.50559604 1.22069228 0.28207192
v 0.50559604 1.22069228 0.28207192
v 0.49453026 1.25240743 0.30117208
v 0.49453026 1.25240743 0.30117208
v 0.49453026 1.25240743 0.30117208
v 0.49453026 1.25240743 0.30117208
v 0.49453026 1.25240743 0.30117208
v 0.49453026 1.25240743 0.30117208
v 0.49453026 1.25240743 0.30117208
v 0.49453026 1.25240743 0.30117208
v 0.49453026 1.25240743 0.30117208
v 0.48028508 1.31583786 0.32360721
v 0.48028508 1.31583786 0.32360721
v 0.47950581 1.44269872 0.32254609
v 0.47950581 1.44269872 0.32254609
v 0.47950581 1.44269872 0.32254609
v 0.47950581 1.44269872 0.32254609
v 0.47950581 1.44269872 0.32254609
v 0.47950581 1.44269872 0.32254609
v 0.47950581 1.44269872 0.32254609
v 0.46850243 1.31583786 0.33947349
v 0.46850243 1.31583786 0.33947349
v 0.46850243 1.31583786 0.33947349
v 0.46850243 1.31583786 0.33947349
v 0.46850243 1.31583786 0.33947349
v 0.47969282 0.09096840 0.26074842
v 0.47969282 0.09096840 0.26074842
v 0.47969282 0.09096840 0.26074842
v 0.47969282 0.09096840 0.26074842
v 0.47969282 0.09096840 0.26074842
v 0.47969282 0.09096840 0.26074842
v 0.47969282 0.09096840 0.26074842
v 0.50182432 0.10229528 0.23780800
v 0.50182432 0.10229528 0.23780800
v 0.50182432 0.10229528 0.23780800
v 0.50182432 0.10229528 0.23780800
v 0.50182432 0.10229528 0.23780800
v 0.50182432 0.10229528 0.23780800
v 0.49144435 0.11118248 0.26923740
v 0.49144435 0.11118248 0.26923740
v 0.49144435 0.11118248 0.26923740
v 0.49144435 0.11118248 0.26923740
v 0.53555149 0.13383624 0.21183582
v 0.53555149 0.13383624 0.21183582
v 0.53555149 0.13383624 0.21183582
v 0.53555149 0.13383624 0.21183582
v 0.53555149 0.13383624 0.21183582
v 0.53555149 0.13383624 0.21183582
v 0.53555149 0.13383624 0.21183582
v 0.53555149 0.13383624 0.21183582
v 0.52962893 0.14376903 0.23679742
v 0.52962893 0.14376903 0.23679742
v 0.52962893 0.14376903 0.23679742
v 0.52962893 0.14376903 0.23679742
v 0.51391870 0.11815291 0.23780800
v 0.51391870 0.11815291 0.23780800
v 0.51391870 0.11815291 0.23780800
v 0.51391870 0.11815291 0.23780800
v 0.41831690 0.05995024 0.30117208
v 0.41831690 0.05995024 0.30117208
v 0.41831690 0.05995024 0.30117208
v 0.44122770 0.06552658 0.28065708
v 0.44122770 0.06552658 0.28065708
v 0.44122770 0.06552658 0.28065708
v 0.44122770 0.06552658 0.28065708
v 0.44122770 0.06552658 0.28065708
v 0.44122770 0.06552658 0.28065708
v 0.44122770 0.06552658 0.28065708
v 0.44122770 0.06552658 0.28065708
v 0.44122770 0.06552658 0.28065708
v 0.44122770 0.06552658 0.28065708
v 0.46766078 1.44269872 0.33836183
v 0.46766078 1.44269872 0.33836183
v 0.46766078 1.44269872 0.33836183
v 0.46766078 1.44269872 0.33836183
v 0.46703738 1.53784430 0.33750284
v 0.46703738 1.53784430 0.33750284
v 0.46703738 1.53784430 0.33750284
v 0.46703738 1.53784430 0.33750284
v 0.46703738 1.53784430 0.33750284
v 0.45042315 1.56955957 0.35640091
v 0.45042315 1.56955957 0.35640091
v 0.45042315 1.56955957 0.35640091
v 0.45042315 1.56955957 0.35640091
v 0.45042315 1.56955957 0.35640091
v 0.43698841 1.56955957 0.37226716
v 0.43698841 1.56955957 0.37226716
v 0.43698841 1.56955957 0.37226716
v 0.43698841 1.56955957 0.37226716
v 0.43698841 1.56955957 0.37226716
v 0.44786713 1.59552419 0.35331857
v 0.44786713 1.59552419 0.35331857
v 0.44786713 1.59552419 0.35331857
v 0.44786713 1.59552419 0.35331857
v 0.44786713 1.59552419 0.35331857
v 0.44786713 1.59552419 0.35331857
v 0.44786713 1.59552419 0.35331857
v 0.44786713 1.59552419 0.35331857
v 0.41744411 1.60127473 0.38621333
v 0.41744411 1.60127473 0.38621333
v 0.41744411 1.60127473 0.38621333
v 0.41744411 1.60127473 0.38621333
v 0.41744411 1.60127473 0.38621333
v 0.41744411 1.60127473 0.38621333
v 0.41744411 1.60127473 0.38621333
v 0.26863325 -0.01411006 0.30112153
v 0.26863325 -0.01411006 0.30112153
v 0.26863325 -0.01411006 0.30112153
v 0.26863325 -0.01411006 0.30112153
v 0.26863325 -0.01411006 0.30112153
v 0.39646596 -0.01585264 0.00168338
v 0.39646596 -0.01585264 0.00168338
v 0.39646596 -0.01585264 0.00168338
v 0.39646596 -0.01585264 0.00168338
v 0.39646596 -0.01585264 0.00168338
v 0.39646596 -0.01602683 0.04756423
v 0.39646596 -0.01602683 0.04756423
v 0.39646596 -0.01602683 0.04756423
v 0.39646596 -0.01602683 0.04756423
v 0.39646596 -0.01602683 0.04756423
v 0.39646596 -0.01602683 0.04756423
v 0.39646596 -0.01602683 0.04756423
v 0.39646596 -0.01532984 0.07924626
v 0.39646596 -0.01532984 0.07924626
v 0.39646596 -0.01532984 0.07924626
v 0.39646596 -0.01532984 0.07924626
v 0.39646596 -0.01532984 0.07924626
v 0.39646596 -0.01532984 0.07924626
v 0.39646596 -0.01532984 0.07924626
v 0.36476493 -0.01411006 0.17439342
v 0.36476493 -0.01411006 0.17439342
v 0.36476493 -0.01411006 0.17439342
v 0.36476493 -0.01411006 0.17439342
v 0.36476493 -0.01411006 0.17439342
v 0.36476493 -0.01411006 0.17439342
v 0.36694694 -0.00818522 0.20759133
v 0.36694694 -0.00818522 0.20759133
v 0.36694694 -0.00818522 0.20759133
v 0.36694694 -0.00818522 0.20759133
v 0.36694694 -0.00818522 0.20759133
v 0.35740855 -0.00487426 0.23780800
v 0.35740855 -0.00487426 0.23780800
v 0.35740855 -0.00487426 0.23780800
v 0.35740855 -0.00487426 0.23780800
v 0.35740855 -0.00487426 0.23780800
v 0.35740855 -0.00487426 0.23780800
v 0.37897897 0.00122477 0.21911208
v 0.37897897 0.00122477 0.21911208
v 0.37897897 0.00122477 0.21911208
v 0.37897897 0.00122477 0.21911208
v 0.37897897 0.00122477 0.21911208
v 0.29597032 1.65860617 0.45124486
v 0.29597032 1.65860617 0.45124486
v 0.29597032 1.65860617 0.45124486
v 0.29597032 1.65860617 0.45124486
v 0.26863325 1.66296268 0.46433201
v 0.26863325 1.66296268 0.46433201
v 0.26863325 1.66296268 0.46433201
v 0.26863325 1.66296268 0.46433201
v 0.26863325 1.76420736 0.39359063
v 0.26863325 1.76420736 0.39359063
v 0.26863325 1.76420736 0.39359063
v 0.26863325 1.76420736 0.39359063
v 0.26863325 1.76420736 0.39359063
v 0.26863325 1.76420736 0.39359063
v 0.26863325 1.76420736 0.39359063
v 0.26863325 1.76420736 0.39359063
v 0.26863325 1.76420736 0.39359063
v 0.26863325 1.76420736 0.39359063
v 0.26863325 1.76420736 0.39359063
v 0.26863325 1.76420736 0.39359063
v 0.44381487 1.61678386 0.34851825
v 0.44381487 1.61678386 0.34851825
v 0.44381487 1.61678386 0.34851825
v 0.44381487 1.61678386 0.34851825
v 0.44381487 1.61678386 0.34851825
v 0.44381487 1.61678386 0.34851825
v 0.44381487 1.61678386 0.34851825
v 0.44381487 1.61678386 0.34851825
v 0.44381487 1.61678386 0.34851825
v 0.44381487 1.61678386 0.34851825
v 0.42093527 1.63107312 0.36322236
v 0.42093527 1.63107312 0.36322236
v 0.42093527 1.63107312 0.36322236
v 0.42093527 1.63107312 0.36322236
v 0.42093527 1.63107312 0.36322236
v 0.40556794 1.64030898 0.37292403
v 0.40556794 1.64030898 0.37292403
v 0.40556794 1.64030898 0.37292403
v 0.40556794 1.64030898 0.37292403
v 0.40556794 1.64030898 0.37292403
v 0.40556794 1.64030898 0.37292403
v 0.36719632 1.76420736 0.30268797
v 0.36719632 1.76420736 0.30268797
v 0.36719632 1.76420736 0.30268797
v 0.36719632 1.76420736 0.30268797
v 0.36719632 1.76420736 0.30268797
v 0.36719632 1.76420736 0.30268797
v 0.33636808 1.76420736 0.33634064
v 0.33636808 1.76420736 0.33634064
v 0.33636808 1.76420736 0.33634064
v 0.33636808 1.76420736 0.33634064
v 0.33618104 1.76420736 0.33654276
v 0.33618104 1.76420736 0.33654276
v 0.33618104 1.76420736 0.33654276
v 0.33618104 1.76420736 0.33654276
v 0.33618104 1.76420736 0.33654276
v 0.33568230 1.76420736 0.33699754
v 0.33568230 1.76420736 0.33699754
v 0.33568230 1.76420736 0.33699754
v 0.33568230 1.76420736 0.33699754
v 0.30410597 1.76420736 0.36559728
v 0.30410597 1.76420736 0.36559728
v 0.30410597 1.76420736 0.36559728
v 0.30410597 1.76420736 0.36559728
v 0.30345139 1.76420736 0.36615309
v 0.30345139 1.76420736 0.36615309
v 0.30345139 1.76420736 0.36615309
v 0.30345139 1.76420736 0.36615309
v 0.30345139 1.76420736 0.36615309
v 0.27031648 1.76420736 0.39227685
v 0.27031648 1.76420736 0.39227685
v 0.27031648 1.76420736 0.39227685
v 0.54153627 0.17443870 0.22739892
v 0.54153627 0.17443870 0.22739892
v 0.54153627 0.17443870 0.22739892
v 0.54153627 0.17443870 0.22739892
v 0.53816980 1.22069228 0.21921313
v 0.53816980 1.22069228 0.21921313
v 0.53816980 1.22069228 0.21921313
v 0.53816980 1.22069228 0.21921313
v 0.53816980 1.22069228 0.21921313
v 0.53816980 1.22069228 0.21921313
v 0.53816980 1.22069228 0.21921313
v 0.52934837 1.22069228 0.23780800
v 0.52934837 1.22069228 0.23780800
v 0.52934837 1.22069228 0.23780800
v 0.52934837 1.22069228 0.23780800
v 0.52934837 1.22069228 0.23780800
v 0.51444864 1.22069228 0.26620564
v 0.51444864 1.22069228 0.26620564
v 0.51444864 1.22069228 0.26620564
v 0.51444864 1.22069228 0.26620564
v 0.51444864 1.22069228 0.26620564
v 0.54325074 0.14376903 0.20319526
v 0.54325074 0.14376903 0.20319526
v 0.54325074 0.14376903 0.20319526
v 0.54325074 0.14376903 0.20319526
v 0.55219686 0.14272344 0.17439342
v 0.55219686 0.14272344 0.17439342
v 0.55219686 0.14272344 0.17439342
v 0.55219686 0.14272344 0.17439342
v 0.55219686 0.14272344 0.17439342
v 0.57192814 0.15596719 0.13063483
v 0.57192814 0.15596719 0.13063483
v 0.57192814 0.15596719 0.13063483
v 0.57192814 0.15596719 0.13063483
v 0.57192814 0.15596719 0.13063483
v 0.57192814 0.15596719 0.13063483
v 0.57192814 0.15596719 0.13063483
v 0.57192814 0.15596719 0.13063483
v 0.57192814 0.15596719 0.13063483
v 0.57192814 0.15596719 0.13063483
v 0.55983377 0.17443870 0.17439342
v 0.55983377 0.17443870 0.17439342
v 0.55983377 0.17443870 0.17439342
v 0.55983377 0.17443870 0.17439342
v 0.55983377 0.17443870 0.17439342
v 0.54936028 0.17443870 0.20612599
v 0.54936028 0.17443870 0.20612599
v 0.54936028 0.17443870 0.20612599
v 0.54936028 0.17443870 0.20612599
v 0.54936028 0.17443870 0.20612599
v 0.54936028 0.17443870 0.20612599
v 0.51429278 1.25240743 0.26595297
v 0.51429278 1.25240743 0.26595297
v 0.51429278 1.25240743 0.26595297
v 0.51429278 1.25240743 0.26595297
v 0.51429278 1.25240743 0.26595297
v 0.51429278 1.25240743 0.26595297
v 0.51429278 1.25240743 0.26595297
v 0.50544012 1.25240743 0.28176871
v 0.50544012 1.25240743 0.28176871
v 0.50544012 1.25240743 0.28176871
v 0.50544012 1.25240743 0.28176871
v 0.50394392 1.50612926 0.27909067
v 0.50394392 1.50612926 0.27909067
v 0.50394392 1.50612926 0.27909067
v 0.50394392 1.50612926 0.27909067
v 0.50394392 1.50612926 0.27909067
v 0.50394392 1.50612926 0.27909067
v 0.49110144 1.53784430 0.30117208
v 0.49110144 1.53784430 0.30117208
v 0.49110144 1.53784430 0.30117208
v 0.49110144 1.53784430 0.30117208
v 0.49110144 1.53784430 0.30117208
v 0.49110144 1.53784430 0.30117208
v 0.47891355 1.53784430 0.32168710
v 0.47891355 1.53784430 0.32168710
v 0.47891355 1.53784430 0.32168710
v 0.47891355 1.53784430 0.32168710
v 0.47891355 1.53784430 0.32168710
v 0.47891355 1.53784430 0.32168710
v 0.47891355 1.53784430 0.32168710
v 0.47891355 1.53784430 0.32168710
v 0.47931880 1.47441399 0.32224289
v 0.47931880 1.47441399 0.32224289
v 0.47931880 1.47441399 0.32224289
v 0.50659347 0.09637044 0.21981950
v 0.50659347 0.09637044 0.21981950
v 0.50659347 0.09637044 0.21981950
v 0.50659347 0.09637044 0.21981950
v 0.50659347 0.09637044 0.21981950
v 0.50659347 0.09637044 0.21981950
v 0.50659347 0.09637044 0.21981950
v 0.50659347 0.09637044 0.21981950
v 0.50659347 0.09637044 0.21981950
v 0.46903232 0.06901174 0.23780800
v 0.46903232 0.06901174 0.23780800
v 0.46903232 0.06901174 0.23780800
v 0.46903232 0.06901174 0.23780800
v 0.48598939 0.08486937 0.23780800
v 0.48598939 0.08486937 0.23780800
v 0.48598939 0.08486937 0.23780800
v 0.48598939 0.08486937 0.23780800
v 0.52302068 0.11153109 0.20526698
v 0.52302068 0.11153109 0.20526698
v 0.52302068 0.11153109 0.20526698
v 0.52302068 0.11153109 0.20526698
v 0.52302068 0.11153109 0.20526698
v 0.53929204 0.12669161 0.19071448
v 0.53929204 0.12669161 0.19071448
v 0.53929204 0.12669161 0.19071448
v 0.53929204 0.12669161 0.19071448
v 0.53929204 0.12669161 0.19071448
v 0.53929204 0.12669161 0.19071448
v 0.53929204 0.12669161 0.19071448
v 0.44708782 0.06134433 0.25958624
v 0.44708782 0.06134433 0.25958624
v 0.44708782 0.06134433 0.25958624
v 0.44708782 0.06134433 0.25958624
v 0.47430024 0.06448099 0.21901102
v 0.47430024 0.06448099 0.21901102
v 0.47430024 0.06448099 0.21901102
v 0.47430024 0.06448099 0.21901102
v 0.47430024 0.06448099 0.21901102
v 0.47430024 0.06448099 0.21901102
v 0.47430024 0.06448099 0.21901102
v 0.47430024 0.06448099 0.21901102
v 0.47430024 0.06448099 0.21901102
v 0.47430024 0.06448099 0.21901102
v 0.47825897 1.56955957 0.32072702
v 0.47825897 1.56955957 0.32072702
v 0.47825897 1.56955957 0.32072702
v 0.47825897 1.56955957 0.32072702
v 0.47825897 1.56955957 0.32072702
v 0.47825897 1.56955957 0.32072702
v 0.46628925 1.56955957 0.33654276
v 0.46628925 1.56955957 0.33654276
v 0.46628925 1.56955957 0.33654276
v 0.46628925 1.56955957 0.33654276
v 0.47701210 1.58942521 0.31890795
v 0.47701210 1.58942521 0.31890795
v 0.47701210 1.58942521 0.31890795
v 0.47701210 1.58942521 0.31890795
v 0.47701210 1.58942521 0.31890795
v 0.47701210 1.58942521 0.31890795
v 0.47701210 1.58942521 0.31890795
v 0.47701210 1.58942521 0.31890795
v 0.47701210 1.58942521 0.31890795
v 0.47701210 1.58942521 0.31890795
v 0.47701210 1.58942521 0.31890795
v 0.46052259 1.60301745 0.33371311
v 0.46052259 1.60301745 0.33371311
v 0.46052259 1.60301745 0.33371311
v 0.46052259 1.60301745 0.33371311
v 0.43530518 1.60423720 0.36418244
v 0.43530518 1.60423720 0.36418244
v 0.43530518 1.60423720 0.36418244
v 0.38536906 -0.01219318 0.00168338
v 0.38536906 -0.01219318 0.00168338
v 0.38536906 -0.01219318 0.00168338
v 0.38536906 -0.01219318 0.00168338
v 0.26863325 -0.00957931 0.26756993
v 0.26863325 -0.00957931 0.26756993
v 0.26863325 -0.00957931 0.26756993
v 0.26863325 -0.00957931 0.26756993
v 0.41217619 -0.01167038 0.00168338
v 0.41217619 -0.01167038 0.00168338
v 0.41217619 -0.01167038 0.00168338
v 0.42492518 -0.00818522 0.00168338
v 0.42492518 -0.00818522 0.00168338
v 0.42492518 -0.00818522 0.00168338
v 0.42492518 -0.00818522 0.00168338
v 0.42492518 -0.00818522 0.01583166
v 0.42492518 -0.00818522 0.01583166
v 0.42492518 -0.00818522 0.01583166
v 0.42492518 -0.00818522 0.01583166
v 0.42492518 -0.00818522 0.01583166
v 0.42492518 -0.00818522 0.01583166
v 0.39646596 -0.01306447 0.11097883
v 0.39646596 -0.01306447 0.11097883
v 0.39646596 -0.01306447 0.11097883
v 0.39646596 -0.01306447 0.11097883
v 0.39646596 -0.01306447 0.11097883
v 0.39646596 -0.01306447 0.11097883
v 0.42367834 -0.00783662 0.04756423
v 0.42367834 -0.00783662 0.04756423
v 0.42367834 -0.00783662 0.04756423
v 0.42367834 -0.00783662 0.04756423
v 0.42367834 -0.00783662 0.04756423
v 0.42168340 -0.00696533 0.07924626
v 0.42168340 -0.00696533 0.07924626
v 0.42168340 -0.00696533 0.07924626
v 0.42168340 -0.00696533 0.07924626
v 0.42168340 -0.00696533 0.07924626
v 0.42168340 -0.00696533 0.07924626
v 0.42168340 -0.00696533 0.07924626
v 0.42168340 -0.00696533 0.07924626
v 0.39054346 -0.00609404 0.17439342
v 0.39054346 -0.00609404 0.17439342
v 0.39054346 -0.00609404 0.17439342
v 0.39054346 -0.00609404 0.17439342
v 0.39054346 -0.00609404 0.17439342
v 0.39054346 -0.00609404 0.17439342
v 0.39054346 -0.00609404 0.17439342
v 0.39054346 -0.00609404 0.17439342
v 0.38477680 -0.00278318 0.19799073
v 0.38477680 -0.00278318 0.19799073
v 0.38477680 -0.00278318 0.19799073
v 0.38477680 -0.00278318 0.19799073
v 0.38477680 -0.00278318 0.19799073
v 0.38477680 -0.00278318 0.19799073
v 0.38477680 -0.00278318 0.19799073
v 0.26863325 1.76420736 0.00168338
v 0.26863325 1.76420736 0.00168338
v 0.26863325 1.76420736 0.00168338
v 0.47320923 1.61051059 0.31309706
v 0.47320923 1.61051059 0.31309706
v 0.47320923 1.61051059 0.31309706
v 0.47320923 1.61051059 0.31309706
v 0.47320923 1.61051059 0.31309706
v 0.47320923 1.61051059 0.31309706
v 0.47320923 1.61051059 0.31309706
v 0.47320923 1.61051059 0.31309706
v 0.45051667 1.63299000 0.32542628
v 0.45051667 1.63299000 0.32542628
v 0.45051667 1.63299000 0.32542628
v 0.45051667 1.63299000 0.32542628
v 0.44462535 1.64971900 0.31784683
v 0.44462535 1.64971900 0.31784683
v 0.44462535 1.64971900 0.31784683
v 0.44462535 1.64971900 0.31784683
v 0.44462535 1.64971900 0.31784683
v 0.44462535 1.64971900 0.31784683
v 0.44462535 1.64971900 0.31784683
v 0.44462535 1.64971900 0.31784683
v 0.44462535 1.64971900 0.31784683
v 0.43786120 1.63299000 0.34129253
v 0.43786120 1.63299000 0.34129253
v 0.43786120 1.63299000 0.34129253
v 0.43786120 1.63299000 0.34129253
v 0.41488811 1.65198433 0.35175216
v 0.41488811 1.65198433 0.35175216
v 0.41488811 1.65198433 0.35175216
v 0.41488811 1.65198433 0.35175216
v 0.41488811 1.65198433 0.35175216
v 0.38954598 1.76420736 0.27429035
v 0.38954598 1.76420736 0.27429035
v 0.38954598 1.76420736 0.27429035
v 0.54368711 1.22069228 0.20334686
v 0.54368711 1.22069228 0.20334686
v 0.54368711 1.22069228 0.20334686
v 0.54368711 1.22069228 0.20334686
v 0.53661126 1.53784430 0.21451390
v 0.53661126 1.53784430 0.21451390
v 0.53661126 1.53784430 0.21451390
v 0.53661126 1.53784430 0.21451390
v 0.53661126 1.53784430 0.21451390
v 0.53661126 1.53784430 0.21451390
v 0.53661126 1.53784430 0.21451390
v 0.52591962 1.53784430 0.23780800
v 0.52591962 1.53784430 0.23780800
v 0.52591962 1.53784430 0.23780800
v 0.52591962 1.53784430 0.23780800
v 0.52591962 1.53784430 0.23780800
v 0.52591962 1.53784430 0.23780800
v 0.52591962 1.53784430 0.23780800
v 0.56310678 0.14446601 0.14180185
v 0.56310678 0.14446601 0.14180185
v 0.56310678 0.14446601 0.14180185
v 0.56310678 0.14446601 0.14180185
v 0.56310678 0.14446601 0.14180185
v 0.56310678 0.14446601 0.14180185
v 0.56662905 0.13557881 0.11097883
v 0.56662905 0.13557881 0.11097883
v 0.56662905 0.13557881 0.11097883
v 0.56662905 0.13557881 0.11097883
v 0.56662905 0.13557881 0.11097883
v 0.56662905 0.13557881 0.11097883
v 0.57382959 0.15143645 0.11097883
v 0.57382959 0.15143645 0.11097883
v 0.57382959 0.15143645 0.11097883
v 0.57382959 0.15143645 0.11097883
v 0.57382959 0.15143645 0.11097883
v 0.58143538 0.17443870 0.07924626
v 0.58143538 0.17443870 0.07924626
v 0.58143538 0.17443870 0.07924626
v 0.58143538 0.17443870 0.07924626
v 0.58143538 0.17443870 0.07924626
v 0.58143538 0.17443870 0.07924626
v 0.58143538 0.17443870 0.07924626
v 0.57691550 0.17443870 0.11097883
v 0.57691550 0.17443870 0.11097883
v 0.57691550 0.17443870 0.11097883
v 0.57691550 0.17443870 0.11097883
v 0.57691550 0.17443870 0.11097883
v 0.57242686 0.17443870 0.13250442
v 0.57242686 0.17443870 0.13250442
v 0.57242686 0.17443870 0.13250442
v 0.57242686 0.17443870 0.13250442
v 0.57242686 0.17443870 0.13250442
v 0.56787586 0.17443870 0.14837070
v 0.56787586 0.17443870 0.14837070
v 0.56787586 0.17443870 0.14837070
v 0.56787586 0.17443870 0.14837070
v 0.56787586 0.17443870 0.14837070
v 0.55328780 1.22069228 0.17439342
v 0.55328780 1.22069228 0.17439342
v 0.55328780 1.22069228 0.17439342
v 0.55328780 1.22069228 0.17439342
v 0.55328780 1.22069228 0.17439342
v 0.55328780 1.22069228 0.17439342
v 0.55328780 1.22069228 0.17439342
v 0.55328780 1.22069228 0.17439342
v 0.55328780 1.22069228 0.17439342
v 0.51276535 1.50612926 0.26322439
v 0.51276535 1.50612926 0.26322439
v 0.51276535 1.50612926 0.26322439
v 0.51276535 1.50612926 0.26322439
v 0.50375694 1.53784430 0.27873695
v 0.50375694 1.53784430 0.27873695
v 0.50375694 1.53784430 0.27873695
v 0.50375694 1.53784430 0.27873695
v 0.50375694 1.53784430 0.27873695
v 0.50375694 1.53784430 0.27873695
v 0.48976111 1.56955957 0.30117208
v 0.48976111 1.56955957 0.30117208
v 0.48976111 1.56955957 0.30117208
v 0.48976111 1.56955957 0.30117208
v 0.48976111 1.56955957 0.30117208
v 0.49269116 0.07807325 0.20885457
v 0.49269116 0.07807325 0.20885457
v 0.49269116 0.07807325 0.20885457
v 0.49269116 0.07807325 0.20885457
v 0.51048988 0.09166550 0.19869813
v 0.51048988 0.09166550 0.19869813
v 0.51048988 0.09166550 0.19869813
v 0.51048988 0.09166550 0.19869813
v 0.51048988 0.09166550 0.19869813
v 0.51048988 0.09166550 0.19869813
v 0.51048988 0.09166550 0.19869813
v 0.51048988 0.09166550 0.19869813
v 0.53043938 0.10717452 0.17439342
v 0.53043938 0.10717452 0.17439342
v 0.53043938 0.10717452 0.17439342
v 0.53043938 0.10717452 0.17439342
v 0.53043938 0.10717452 0.17439342
v 0.54187918 0.12303215 0.17439342
v 0.54187918 0.12303215 0.17439342
v 0.54187918 0.12303215 0.17439342
v 0.54187918 0.12303215 0.17439342
v 0.54187918 0.12303215 0.17439342
v 0.47878885 0.06117002 0.19788966
v 0.47878885 0.06117002 0.19788966
v 0.47878885 0.06117002 0.19788966
v 0.47878885 0.06117002 0.19788966
v 0.47878885 0.06117002 0.19788966
v 0.47878885 0.06117002 0.19788966
v 0.47878885 0.06117002 0.19788966
v 0.49876955 0.07127712 0.17439342
v 0.49876955 0.07127712 0.17439342
v 0.49876955 0.07127712 0.17439342
v 0.49876955 0.07127712 0.17439342
v 0.49876955 0.07127712 0.17439342
v 0.49876955 0.07127712 0.17439342
v 0.41080469 0.00122477 0.15463635
v 0.41080469 0.00122477 0.15463635
v 0.41080469 0.00122477 0.15463635
v 0.41080469 0.00122477 0.15463635
v 0.41080469 0.00122477 0.15463635
v 0.51005352 1.59343314 0.25842407
v 0.51005352 1.59343314 0.25842407
v 0.51005352 1.59343314 0.25842407
v 0.51005352 1.59343314 0.25842407
v 0.51005352 1.59343314 0.25842407
v 0.51005352 1.59343314 0.25842407
v 0.48312166 1.60057783 0.30198056
v 0.48312166 1.60057783 0.30198056
v 0.48312166 1.60057783 0.30198056
v 0.48312166 1.60057783 0.30198056
v 0.50307119 1.56955957 0.27757478
v 0.50307119 1.56955957 0.27757478
v 0.50307119 1.56955957 0.27757478
v 0.50307119 1.56955957 0.27757478
v 0.51192373 1.56955957 0.26170850
v 0.51192373 1.56955957 0.26170850
v 0.51192373 1.56955957 0.26170850
v 0.51192373 1.56955957 0.26170850
v 0.51192373 1.56955957 0.26170850
v 0.51192373 1.56955957 0.26170850
v 0.37168494 -0.00748812 0.00168338
v 0.37168494 -0.00748812 0.00168338
v 0.37168494 -0.00748812 0.00168338
v 0.37168494 -0.00748812 0.00168338
v 0.26863325 -0.00888221 0.26494238
v 0.26863325 -0.00888221 0.26494238
v 0.26863325 -0.00888221 0.26494238
v 0.43200105 -0.00330598 0.00168338
v 0.43200105 -0.00330598 0.00168338
v 0.43200105 -0.00330598 0.00168338
v 0.43200105 -0.00330598 0.00168338
v 0.44072893 0.00279316 0.01583166
v 0.44072893 0.00279316 0.01583166
v 0.44072893 0.00279316 0.01583166
v 0.44072893 0.00279316 0.01583166
v 0.44072893 0.00279316 0.01583166
v 0.44072893 0.00279316 0.01583166
v 0.44072893 0.00279316 0.01583166
v 0.41806754 -0.00452576 0.11097883
v 0.41806754 -0.00452576 0.11097883
v 0.41806754 -0.00452576 0.11097883
v 0.41806754 -0.00452576 0.11097883
v 0.41806754 -0.00452576 0.11097883
v 0.41806754 -0.00452576 0.11097883
v 0.41806754 -0.00452576 0.11097883
v 0.39874145 -0.00766243 0.14351986
v 0.39874145 -0.00766243 0.14351986
v 0.39874145 -0.00766243 0.14351986
v 0.43951327 0.00401294 0.04756423
v 0.43951327 0.00401294 0.04756423
v 0.43951327 0.00401294 0.04756423
v 0.43951327 0.00401294 0.04756423
v 0.51332641 0.05942744 0.04756423
v 0.51332641 0.05942744 0.04756423
v 0.51332641 0.05942744 0.04756423
v 0.51332641 0.05942744 0.04756423
v 0.51332641 0.05942744 0.04756423
v 0.51332641 0.05942744 0.04756423
v 0.51136267 0.06064734 0.07924626
v 0.51136267 0.06064734 0.07924626
v 0.51136267 0.06064734 0.07924626
v 0.51136267 0.06064734 0.07924626
v 0.51136267 0.06064734 0.07924626
v 0.51136267 0.06064734 0.07924626
v 0.50939888 0.06204131 0.10334887
v 0.50939888 0.06204131 0.10334887
v 0.50939888 0.06204131 0.10334887
v 0.50939888 0.06204131 0.10334887
v 0.50939888 0.06204131 0.10334887
v 0.50939888 0.06204131 0.10334887
v 0.50939888 0.06204131 0.10334887
v 0.41457638 -0.00173759 0.13346447
v 0.41457638 -0.00173759 0.13346447
v 0.41457638 -0.00173759 0.13346447
v 0.41457638 -0.00173759 0.13346447
v 0.41457638 -0.00173759 0.13346447
v 0.41457638 -0.00173759 0.13346447
v 0.47729266 1.76420736 0.00168338
v 0.47729266 1.76420736 0.00168338
v 0.47729266 1.76420736 0.00168338
v 0.47729266 1.76420736 0.00168338
v 0.26863325 0.08957431 0.00168338
v 0.26863325 0.08957431 0.00168338
v 0.26863325 0.08957431 0.00168338
v 0.50649995 1.61451852 0.25200683
v 0.50649995 1.61451852 0.25200683
v 0.50649995 1.61451852 0.25200683
v 0.50649995 1.61451852 0.25200683
v 0.50649995 1.61451852 0.25200683
v 0.50649995 1.61451852 0.25200683
v 0.47944343 1.62323153 0.29192519
v 0.47944343 1.62323153 0.29192519
v 0.47944343 1.62323153 0.29192519
v 0.47944343 1.62323153 0.29192519
v 0.47944343 1.62323153 0.29192519
v 0.47944343 1.62323153 0.29192519
v 0.46641394 1.63351285 0.30198056
v 0.46641394 1.63351285 0.30198056
v 0.46641394 1.63351285 0.30198056
v 0.46641394 1.63351285 0.30198056
v 0.46641394 1.63351285 0.30198056
v 0.46641394 1.63351285 0.30198056
v 0.46641394 1.63351285 0.30198056
v 0.45011145 1.65703785 0.30117208
v 0.45011145 1.65703785 0.30117208
v 0.45011145 1.65703785 0.30117208
v 0.39459568 1.76420736 0.26782256
v 0.39459568 1.76420736 0.26782256
v 0.39459568 1.76420736 0.26782256
v 0.39459568 1.76420736 0.26782256
v 0.39459568 1.76420736 0.26782256
v 0.39459568 1.76420736 0.26782256
v 0.54184806 1.53784430 0.19864760
v 0.54184806 1.53784430 0.19864760
v 0.54184806 1.53784430 0.19864760
v 0.54184806 1.53784430 0.19864760
v 0.54184806 1.53784430 0.19864760
v 0.54184806 1.53784430 0.19864760
v 0.53601903 1.56955957 0.21264429
v 0.53601903 1.56955957 0.21264429
v 0.53601903 1.56955957 0.21264429
v 0.53601903 1.56955957 0.21264429
v 0.53601903 1.56955957 0.21264429
v 0.53601903 1.56955957 0.21264429
v 0.53601903 1.56955957 0.21264429
v 0.52467275 1.56955957 0.23780800
v 0.52467275 1.56955957 0.23780800
v 0.52467275 1.56955957 0.23780800
v 0.52467275 1.56955957 0.23780800
v 0.52467275 1.56955957 0.23780800
v 0.52467275 1.56955957 0.23780800
v 0.52467275 1.56955957 0.23780800
v 0.51257837 1.53784430 0.26287067
v 0.51257837 1.53784430 0.26287067
v 0.51257837 1.53784430 0.26287067
v 0.51257837 1.53784430 0.26287067
v 0.51257837 1.53784430 0.26287067
v 0.54680425 0.11606184 0.14271139
v 0.54680425 0.11606184 0.14271139
v 0.54680425 0.11606184 0.14271139
v 0.54680425 0.11606184 0.14271139
v 0.54680425 0.11606184 0.14271139
v 0.54680425 0.11606184 0.14271139
v 0.54936028 0.10856861 0.11214100
v 0.54936028 0.10856861 0.11214100
v 0.54936028 0.10856861 0.11214100
v 0.54936028 0.10856861 0.11214100
v 0.54936028 0.10856861 0.11214100
v 0.54936028 0.10856861 0.11214100
v 0.56906039 0.13052526 0.07924626
v 0.56906039 0.13052526 0.07924626
v 0.56906039 0.13052526 0.07924626
v 0.56906039 0.13052526 0.07924626
v 0.56906039 0.13052526 0.07924626
v 0.56906039 0.13052526 0.07924626
v 0.57604271 0.14638290 0.07924626
v 0.57604271 0.14638290 0.07924626
v 0.57604271 0.14638290 0.07924626
v 0.57604271 0.14638290 0.07924626
v 0.57604271 0.14638290 0.07924626
v 0.57604271 0.14638290 0.07924626
v 0.57604271 0.14638290 0.07924626
v 0.57604271 0.14638290 0.07924626
v 0.58458358 0.17443870 0.04756423
v 0.58458358 0.17443870 0.04756423
v 0.58458358 0.17443870 0.04756423
v 0.58458358 0.17443870 0.04756423
v 0.58458358 0.17443870 0.04756423
v 0.57520109 1.22069228 0.07924626
v 0.57520109 1.22069228 0.07924626
v 0.57520109 1.22069228 0.07924626
v 0.57520109 1.22069228 0.07924626
v 0.57520109 1.22069228 0.07924626
v 0.57520109 1.22069228 0.07924626
v 0.57520109 1.22069228 0.07924626
v 0.57520109 1.22069228 0.07924626
v 0.57520109 1.22069228 0.07924626
v 0.57520109 1.22069228 0.07924626
v 0.57520109 1.22069228 0.07924626
v 0.57220870 1.22069228 0.10254039
v 0.57220870 1.22069228 0.10254039
v 0.57220870 1.22069228 0.10254039
v 0.57220870 1.22069228 0.10254039
v 0.57220870 1.22069228 0.10254039
v 0.57220870 1.22069228 0.10254039
v 0.56927860 1.22069228 0.11840666
v 0.56927860 1.22069228 0.11840666
v 0.56927860 1.22069228 0.11840666
v 0.56927860 1.22069228 0.11840666
v 0.56927860 1.22069228 0.11840666
v 0.56927860 1.22069228 0.11840666
v 0.56301320 1.22069228 0.14271139
v 0.56301320 1.22069228 0.14271139
v 0.56301320 1.22069228 0.14271139
v 0.56301320 1.22069228 0.14271139
v 0.56301320 1.22069228 0.14271139
v 0.55955321 1.53784430 0.14271139
v 0.55955321 1.53784430 0.14271139
v 0.55955321 1.53784430 0.14271139
v 0.55955321 1.53784430 0.14271139
v 0.55955321 1.53784430 0.14271139
v 0.55955321 1.53784430 0.14271139
v 0.55955321 1.53784430 0.14271139
v 0.55955321 1.53784430 0.14271139
v 0.54998362 1.50612926 0.17439342
v 0.54998362 1.50612926 0.17439342
v 0.54998362 1.50612926 0.17439342
v 0.54998362 1.50612926 0.17439342
v 0.53841919 0.09619625 0.12351015
v 0.53841919 0.09619625 0.12351015
v 0.53841919 0.09619625 0.12351015
v 0.53841919 0.09619625 0.12351015
v 0.53841919 0.09619625 0.12351015
v 0.53841919 0.09619625 0.12351015
v 0.53841919 0.09619625 0.12351015
v 0.53841919 0.09619625 0.12351015
v 0.53841919 0.09619625 0.12351015
v 0.53552026 0.10020421 0.14271139
v 0.53552026 0.10020421 0.14271139
v 0.53552026 0.10020421 0.14271139
v 0.53552026 0.10020421 0.14271139
v 0.53552026 0.10020421 0.14271139
v 0.51457334 0.08713475 0.17439342
v 0.51457334 0.08713475 0.17439342
v 0.51457334 0.08713475 0.17439342
v 0.51457334 0.08713475 0.17439342
v 0.51457334 0.08713475 0.17439342
v 0.48290348 0.05838196 0.17439342
v 0.48290348 0.05838196 0.17439342
v 0.48290348 0.05838196 0.17439342
v 0.50681174 0.06395819 0.12447021
v 0.50681174 0.06395819 0.12447021
v 0.50681174 0.06395819 0.12447021
v 0.50681174 0.06395819 0.12447021
v 0.50681174 0.06395819 0.12447021
v 0.50681174 0.06395819 0.12447021
v 0.50681174 0.06395819 0.12447021
v 0.50681174 0.06395819 0.12447021
v 0.50681174 0.06395819 0.12447021
v 0.50394392 0.06639788 0.14271139
v 0.50394392 0.06639788 0.14271139
v 0.50394392 0.06639788 0.14271139
v 0.50394392 0.06639788 0.14271139
v 0.50394392 0.06639788 0.14271139
v 0.51666176 1.60284317 0.23998079
v 0.51666176 1.60284317 0.23998079
v 0.51666176 1.60284317 0.23998079
v 0.51666176 1.60284317 0.23998079
v 0.51666176 1.60284317 0.23998079
v 0.51666176 1.60284317 0.23998079
v 0.44076014 0.00279316 0.00168338
v 0.44076014 0.00279316 0.00168338
v 0.44076014 0.00279316 0.00168338
v 0.44076014 0.00279316 0.00168338
v 0.51482272 0.05855615 0.01583166
v 0.51482272 0.05855615 0.01583166
v 0.51482272 0.05855615 0.01583166
v 0.51482272 0.05855615 0.01583166
v 0.51482272 0.05855615 0.01583166
v 0.53068876 0.07127712 0.01583166
v 0.53068876 0.07127712 0.01583166
v 0.53068876 0.07127712 0.01583166
v 0.53068876 0.07127712 0.01583166
v 0.53068876 0.07127712 0.01583166
v 0.53068876 0.07127712 0.01583166
v 0.53068876 0.07127712 0.01583166
v 0.53068876 0.07127712 0.01583166
v 0.52919257 0.07301970 0.04756423
v 0.52919257 0.07301970 0.04756423
v 0.52919257 0.07301970 0.04756423
v 0.52919257 0.07301970 0.04756423
v 0.52919257 0.07301970 0.04756423
v 0.52722877 0.07528507 0.07924626
v 0.52722877 0.07528507 0.07924626
v 0.52722877 0.07528507 0.07924626
v 0.52722877 0.07528507 0.07924626
v 0.52722877 0.07528507 0.07924626
v 0.54066354 0.09323377 0.10238879
v 0.54066354 0.09323377 0.10238879
v 0.54066354 0.09323377 0.10238879
v 0.54066354 0.09323377 0.10238879
v 0.54066354 0.09323377 0.10238879
v 0.54066354 0.09323377 0.10238879
v 0.54066354 0.09323377 0.10238879
v 0.52392465 0.07859604 0.11345477
v 0.52392465 0.07859604 0.11345477
v 0.52392465 0.07859604 0.11345477
v 0.52392465 0.07859604 0.11345477
v 0.47726148 1.76420736 0.01583166
v 0.47726148 1.76420736 0.01583166
v 0.47726148 1.76420736 0.01583166
v 0.47726148 1.76420736 0.01583166
v 0.54284549 1.65477252 0.01583166
v 0.54284549 1.65477252 0.01583166
v 0.54284549 1.65477252 0.01583166
v 0.54284549 1.65477252 0.01583166
v 0.54284549 1.65477252 0.01583166
v 0.54284549 1.65477252 0.01583166
v 0.54284549 1.65477252 0.00168338
v 0.54284549 1.65477252 0.00168338
v 0.54284549 1.65477252 0.00168338
v 0.51207960 1.62462568 0.23088546
v 0.51207960 1.62462568 0.23088546
v 0.51207960 1.62462568 0.23088546
v 0.51207960 1.62462568 0.23088546
v 0.51207960 1.62462568 0.23088546
v 0.51207960 1.62462568 0.23088546
v 0.51207960 1.62462568 0.23088546
v 0.51207960 1.62462568 0.23088546
v 0.51207960 1.62462568 0.23088546
v 0.51207960 1.62462568 0.23088546
v 0.48539713 1.63351285 0.26933843
v 0.48539713 1.63351285 0.26933843
v 0.48539713 1.63351285 0.26933843
v 0.48539713 1.63351285 0.26933843
v 0.47264817 1.64431691 0.27979809
v 0.47264817 1.64431691 0.27979809
v 0.47264817 1.64431691 0.27979809
v 0.47264817 1.64431691 0.27979809
v 0.47264817 1.64431691 0.27979809
v 0.47264817 1.64431691 0.27979809
v 0.47264817 1.64431691 0.27979809
v 0.41803637 1.76420736 0.23012751
v 0.41803637 1.76420736 0.23012751
v 0.41803637 1.76420736 0.23012751
v 0.41803637 1.76420736 0.23012751
v 0.54960966 1.53784430 0.17439342
v 0.54960966 1.53784430 0.17439342
v 0.54960966 1.53784430 0.17439342
v 0.54960966 1.53784430 0.17439342
v 0.54960966 1.53784430 0.17439342
v 0.54960966 1.53784430 0.17439342
v 0.54122460 1.56955957 0.19677800
v 0.54122460 1.56955957 0.19677800
v 0.54122460 1.56955957 0.19677800
v 0.54122460 1.56955957 0.19677800
v 0.54122460 1.56955957 0.19677800
v 0.54016477 1.58890235 0.19349359
v 0.54016477 1.58890235 0.19349359
v 0.54016477 1.58890235 0.19349359
v 0.54016477 1.58890235 0.19349359
v 0.54016477 1.58890235 0.19349359
v 0.54016477 1.58890235 0.19349359
v 0.54016477 1.58890235 0.19349359
v 0.54016477 1.58890235 0.19349359
v 0.53268373 1.60022926 0.20491327
v 0.53268373 1.60022926 0.20491327
v 0.53268373 1.60022926 0.20491327
v 0.53268373 1.60022926 0.20491327
v 0.53268373 1.60022926 0.20491327
v 0.55631143 0.11100829 0.07924626
v 0.55631143 0.11100829 0.07924626
v 0.55631143 0.11100829 0.07924626
v 0.55631143 0.11100829 0.07924626
v 0.55631143 0.11100829 0.07924626
v 0.55631143 0.11100829 0.07924626
v 0.55631143 0.11100829 0.07924626
v 0.55631143 0.11100829 0.07924626
v 0.57018250 0.12825990 0.05696272
v 0.57018250 0.12825990 0.05696272
v 0.57018250 0.12825990 0.05696272
v 0.57018250 0.12825990 0.05696272
v 0.57018250 0.12825990 0.05696272
v 0.57647914 0.14045806 0.04685682
v 0.57647914 0.14045806 0.04685682
v 0.57647914 0.14045806 0.04685682
v 0.57647914 0.14045806 0.04685682
v 0.57984561 0.14272344 0.01583166
v 0.57984561 0.14272344 0.01583166
v 0.57984561 0.14272344 0.01583166
v 0.57984561 0.14272344 0.01583166
v 0.57984561 0.14272344 0.01583166
v 0.57984561 0.14272344 0.01583166
v 0.57984561 0.14272344 0.01583166
v 0.58707732 0.17443870 0.01583166
v 0.58707732 0.17443870 0.01583166
v 0.58707732 0.17443870 0.01583166
v 0.58707732 0.17443870 0.01583166
v 0.58707732 0.17443870 0.01583166
v 0.58707732 0.17443870 0.01583166
v 0.58707732 0.17443870 0.01583166
v 0.57828707 1.22069228 0.04756423
v 0.57828707 1.22069228 0.04756423
v 0.57828707 1.22069228 0.04756423
v 0.57828707 1.22069228 0.04756423
v 0.57828707 1.22069228 0.04756423
v 0.57828707 1.22069228 0.04756423
v 0.57504523 1.50612926 0.04756423
v 0.57504523 1.50612926 0.04756423
v 0.57504523 1.50612926 0.04756423
v 0.57504523 1.50612926 0.04756423
v 0.57482702 1.25240743 0.07924626
v 0.57482702 1.25240743 0.07924626
v 0.57482702 1.25240743 0.07924626
v 0.57482702 1.25240743 0.07924626
v 0.57482702 1.25240743 0.07924626
v 0.57046312 1.50612926 0.09167654
v 0.57046312 1.50612926 0.09167654
v 0.57046312 1.50612926 0.09167654
v 0.57046312 1.50612926 0.09167654
v 0.57046312 1.50612926 0.09167654
v 0.57046312 1.50612926 0.09167654
v 0.57065010 1.47441399 0.09329348
v 0.57065010 1.47441399 0.09329348
v 0.57065010 1.47441399 0.09329348
v 0.57065010 1.47441399 0.09329348
v 0.57077485 1.45228302 0.09445565
v 0.57077485 1.45228302 0.09445565
v 0.57077485 1.45228302 0.09445565
v 0.57077485 1.45228302 0.09445565
v 0.57089949 1.43119764 0.09541573
v 0.57089949 1.43119764 0.09541573
v 0.57089949 1.43119764 0.09541573
v 0.57089949 1.43119764 0.09541573
v 0.57202166 1.25240743 0.10168139
v 0.57202166 1.25240743 0.10168139
v 0.57202166 1.25240743 0.10168139
v 0.57202166 1.25240743 0.10168139
v 0.57202166 1.25240743 0.10168139
v 0.56912279 1.25240743 0.11754766
v 0.56912279 1.25240743 0.11754766
v 0.56912279 1.25240743 0.11754766
v 0.56912279 1.25240743 0.11754766
v 0.56912279 1.25240743 0.11754766
v 0.56709659 1.53784430 0.11097883
v 0.56709659 1.53784430 0.11097883
v 0.56709659 1.53784430 0.11097883
v 0.56709659 1.53784430 0.11097883
v 0.56709659 1.53784430 0.11097883
v 0.56709659 1.53784430 0.11097883
v 0.56709659 1.53784430 0.11097883
v 0.56709659 1.53784430 0.11097883
v 0.56709659 1.53784430 0.11097883
v 0.56709659 1.53784430 0.11097883
v 0.55833751 1.56955957 0.14271139
v 0.55833751 1.56955957 0.14271139
v 0.55833751 1.56955957 0.14271139
v 0.55833751 1.56955957 0.14271139
v 0.55833751 1.56955957 0.14271139
v 0.55833751 1.56955957 0.14271139
v 0.55833751 1.56955957 0.14271139
v 0.51968539 0.08225551 0.14271139
v 0.51968539 0.08225551 0.14271139
v 0.51968539 0.08225551 0.14271139
v 0.51968539 0.08225551 0.14271139
v 0.51479149 0.05855615 0.00168338
v 0.51479149 0.05855615 0.00168338
v 0.51479149 0.05855615 0.00168338
v 0.53065759 0.07127712 0.00168338
v 0.53065759 0.07127712 0.00168338
v 0.53065759 0.07127712 0.00168338
v 0.54515213 0.08713475 0.00168338
v 0.54515213 0.08713475 0.00168338
v 0.54515213 0.08713475 0.00168338
v 0.54515213 0.08713475 0.00168338
v 0.54515213 0.08713475 0.01583166
v 0.54515213 0.08713475 0.01583166
v 0.54515213 0.08713475 0.01583166
v 0.54515213 0.08713475 0.01583166
v 0.54390532 0.08887733 0.04756423
v 0.54390532 0.08887733 0.04756423
v 0.54390532 0.08887733 0.04756423
v 0.54390532 0.08887733 0.04756423
v 0.54390532 0.08887733 0.04756423
v 0.54390532 0.08887733 0.04756423
v 0.54390532 0.08887733 0.04756423
v 0.54225326 0.09114270 0.07924626
v 0.54225326 0.09114270 0.07924626
v 0.54225326 0.09114270 0.07924626
v 0.54225326 0.09114270 0.07924626
v 0.54225326 0.09114270 0.07924626
v 0.47464311 1.76420736 0.04756423
v 0.47464311 1.76420736 0.04756423
v 0.47464311 1.76420736 0.04756423
v 0.47464311 1.76420736 0.04756423
v 0.54175454 1.65302992 0.04756423
v 0.54175454 1.65302992 0.04756423
v 0.54175454 1.65302992 0.04756423
v 0.54175454 1.65302992 0.04756423
v 0.54175454 1.65302992 0.04756423
v 0.54175454 1.65302992 0.04756423
v 0.55546975 1.63299000 0.01583166
v 0.55546975 1.63299000 0.01583166
v 0.55546975 1.63299000 0.01583166
v 0.55546975 1.63299000 0.01583166
v 0.55546975 1.63299000 0.01583166
v 0.55546975 1.63299000 0.01583166
v 0.55546975 1.63299000 0.01583166
v 0.54982781 1.64274848 0.00168338
v 0.54982781 1.64274848 0.00168338
v 0.54982781 1.64274848 0.00168338
v 0.54982781 1.64274848 0.00168338
v 0.51631892 1.63438416 0.20607544
v 0.51631892 1.63438416 0.20607544
v 0.51631892 1.63438416 0.20607544
v 0.51631892 1.63438416 0.20607544
v 0.51631892 1.63438416 0.20607544
v 0.50528431 1.64588523 0.21663614
v 0.50528431 1.64588523 0.21663614
v 0.50528431 1.64588523 0.21663614
v 0.50528431 1.64588523 0.21663614
v 0.50528431 1.64588523 0.21663614
v 0.50528431 1.64588523 0.21663614
v 0.50528431 1.64588523 0.21663614
v 0.50528431 1.64588523 0.21663614
v 0.50088918 1.63438416 0.23998079
v 0.50088918 1.63438416 0.23998079
v 0.50088918 1.63438416 0.23998079
v 0.50088918 1.63438416 0.23998079
v 0.50088918 1.63438416 0.23998079
v 0.50088918 1.63438416 0.23998079
v 0.53676713 1.60998774 0.18308450
v 0.53676713 1.60998774 0.18308450
v 0.53676713 1.60998774 0.18308450
v 0.53676713 1.60998774 0.18308450
v 0.53676713 1.60998774 0.18308450
v 0.53676713 1.60998774 0.18308450
v 0.54022712 1.61904931 0.16191262
v 0.54022712 1.61904931 0.16191262
v 0.54022712 1.61904931 0.16191262
v 0.54022712 1.61904931 0.16191262
v 0.54022712 1.61904931 0.16191262
v 0.54022712 1.61904931 0.16191262
v 0.47847718 1.65268135 0.25867671
v 0.47847718 1.65268135 0.25867671
v 0.47847718 1.65268135 0.25867671
v 0.47847718 1.65268135 0.25867671
v 0.43156463 1.76420736 0.20526698
v 0.43156463 1.76420736 0.20526698
v 0.43156463 1.76420736 0.20526698
v 0.43156463 1.76420736 0.20526698
v 0.43156463 1.76420736 0.20526698
v 0.43156463 1.76420736 0.20526698
v 0.54833162 1.56955957 0.17439342
v 0.54833162 1.56955957 0.17439342
v 0.54833162 1.56955957 0.17439342
v 0.54833162 1.56955957 0.17439342
v 0.55225915 1.60127473 0.14271139
v 0.55225915 1.60127473 0.14271139
v 0.55225915 1.60127473 0.14271139
v 0.55225915 1.60127473 0.14271139
v 0.55225915 1.60127473 0.14271139
v 0.55225915 1.60127473 0.14271139
v 0.55225915 1.60127473 0.14271139
v 0.54303253 1.60022926 0.17328176
v 0.54303253 1.60022926 0.17328176
v 0.54303253 1.60022926 0.17328176
v 0.56157935 0.11379646 0.04685682
v 0.56157935 0.11379646 0.04685682
v 0.56157935 0.11379646 0.04685682
v 0.56157935 0.11379646 0.04685682
v 0.57124233 0.12634312 0.03579085
v 0.57124233 0.12634312 0.03579085
v 0.57124233 0.12634312 0.03579085
v 0.57124233 0.12634312 0.03579085
v 0.57124233 0.12634312 0.03579085
v 0.57124233 0.12634312 0.03579085
v 0.57124233 0.12634312 0.03579085
v 0.57189697 0.12529753 0.01583166
v 0.57189697 0.12529753 0.01583166
v 0.57189697 0.12529753 0.01583166
v 0.57189697 0.12529753 0.01583166
v 0.57189697 0.12529753 0.01583166
v 0.57186580 0.12529753 0.00168338
v 0.57186580 0.12529753 0.00168338
v 0.57186580 0.12529753 0.00168338
v 0.57186580 0.12529753 0.00168338
v 0.57978326 0.14272344 0.00168338
v 0.57978326 0.14272344 0.00168338
v 0.57978326 0.14272344 0.00168338
v 0.58701497 0.17443870 0.00168338
v 0.58701497 0.17443870 0.00168338
v 0.58701497 0.17443870 0.00168338
v 0.58046901 1.22069228 0.00168338
v 0.58046901 1.22069228 0.00168338
v 0.58046901 1.22069228 0.00168338
v 0.58046901 1.22069228 0.00168338
v 0.58046901 1.22069228 0.01583166
v 0.58046901 1.22069228 0.01583166
v 0.58046901 1.22069228 0.01583166
v 0.58046901 1.22069228 0.01583166
v 0.58012617 1.25240743 0.01583166
v 0.58012617 1.25240743 0.01583166
v 0.58012617 1.25240743 0.01583166
v 0.58012617 1.25240743 0.01583166
v 0.57688439 1.53784430 0.01583166
v 0.57688439 1.53784430 0.01583166
v 0.57688439 1.53784430 0.01583166
v 0.57688439 1.53784430 0.01583166
v 0.57688439 1.53784430 0.01583166
v 0.57688439 1.53784430 0.01583166
v 0.57467121 1.53784430 0.04756423
v 0.57467121 1.53784430 0.04756423
v 0.57467121 1.53784430 0.04756423
v 0.57467121 1.53784430 0.04756423
v 0.57467121 1.53784430 0.04756423
v 0.57467121 1.53784430 0.04756423
v 0.57467121 1.53784430 0.04756423
v 0.57199049 1.53784430 0.07399119
v 0.57199049 1.53784430 0.07399119
v 0.57199049 1.53784430 0.07399119
v 0.57199049 1.53784430 0.07399119
v 0.57199049 1.53784430 0.07399119
v 0.57217747 1.50612926 0.07581025
v 0.57217747 1.50612926 0.07581025
v 0.57217747 1.50612926 0.07581025
v 0.57027608 1.53784430 0.08985747
v 0.57027608 1.53784430 0.08985747
v 0.57027608 1.53784430 0.08985747
v 0.57027608 1.53784430 0.08985747
v 0.57027608 1.53784430 0.08985747
v 0.57027608 1.53784430 0.08985747
v 0.56584978 1.56955957 0.11097883
v 0.56584978 1.56955957 0.11097883
v 0.56584978 1.56955957 0.11097883
v 0.56584978 1.56955957 0.11097883
v 0.56584978 1.56955957 0.11097883
v 0.56584978 1.56955957 0.11097883
v 0.56098711 0.10943990 0.00168338
v 0.56098711 0.10943990 0.00168338
v 0.56098711 0.10943990 0.00168338
v 0.56098711 0.10943990 0.00168338
v 0.56098711 0.10943990 0.01583166
v 0.56098711 0.10943990 0.01583166
v 0.56098711 0.10943990 0.01583166
v 0.56098711 0.10943990 0.01583166
v 0.56098711 0.10943990 0.01583166
v 0.56098711 0.10943990 0.01583166
v 0.47099608 1.76420736 0.07924626
v 0.47099608 1.76420736 0.07924626
v 0.47099608 1.76420736 0.07924626
v 0.47099608 1.76420736 0.07924626
v 0.54013366 1.65041590 0.07924626
v 0.54013366 1.65041590 0.07924626
v 0.54013366 1.65041590 0.07924626
v 0.54013366 1.65041590 0.07924626
v 0.54013366 1.65041590 0.07924626
v 0.54013366 1.65041590 0.07924626
v 0.55331898 1.63299000 0.04756423
v 0.55331898 1.63299000 0.04756423
v 0.55331898 1.63299000 0.04756423
v 0.55331898 1.63299000 0.04756423
v 0.55331898 1.63299000 0.04756423
v 0.55331898 1.63299000 0.04756423
v 0.55331898 1.63299000 0.04756423
v 0.55546975 1.63299000 0.00168338
v 0.55546975 1.63299000 0.00168338
v 0.55546975 1.63299000 0.00168338
v 0.56762648 1.60737395 0.01583166
v 0.56762648 1.60737395 0.01583166
v 0.56762648 1.60737395 0.01583166
v 0.56762648 1.60737395 0.01583166
v 0.56762648 1.60737395 0.01583166
v 0.56762648 1.60737395 0.01583166
v 0.56762648 1.60737395 0.01583166
v 0.56762648 1.60737395 0.01583166
v 0.56220275 1.61887503 0.00168338
v 0.56220275 1.61887503 0.00168338
v 0.56220275 1.61887503 0.00168338
v 0.56220275 1.61887503 0.00168338
v 0.52937955 1.63107312 0.17328176
v 0.52937955 1.63107312 0.17328176
v 0.52937955 1.63107312 0.17328176
v 0.52937955 1.63107312 0.17328176
v 0.52937955 1.63107312 0.17328176
v 0.50936776 1.65181005 0.19551477
v 0.50936776 1.65181005 0.19551477
v 0.50936776 1.65181005 0.19551477
v 0.50936776 1.65181005 0.19551477
v 0.50936776 1.65181005 0.19551477
v 0.50936776 1.65181005 0.19551477
v 0.44827235 1.76420736 0.16635922
v 0.44827235 1.76420736 0.16635922
v 0.44827235 1.76420736 0.16635922
v 0.44827235 1.76420736 0.16635922
v 0.44384605 1.76420736 0.17676832
v 0.44384605 1.76420736 0.17676832
v 0.44384605 1.76420736 0.17676832
v 0.43443239 1.76420736 0.19890025
v 0.43443239 1.76420736 0.19890025
v 0.43443239 1.76420736 0.19890025
v 0.43443239 1.76420736 0.19890025
v 0.54321957 1.62427700 0.14271139
v 0.54321957 1.62427700 0.14271139
v 0.54321957 1.62427700 0.14271139
v 0.54321957 1.62427700 0.14271139
v 0.54321957 1.62427700 0.14271139
v 0.54321957 1.62427700 0.14271139
v 0.54321957 1.62427700 0.14271139
v 0.55977142 1.60127473 0.11097883
v 0.55977142 1.60127473 0.11097883
v 0.55977142 1.60127473 0.11097883
v 0.55977142 1.60127473 0.11097883
v 0.55977142 1.60127473 0.11097883
v 0.55977142 1.60127473 0.11097883
v 0.55977142 1.60127473 0.11097883
v 0.58012617 1.25240743 0.00168338
v 0.58012617 1.25240743 0.00168338
v 0.58012617 1.25240743 0.00168338
v 0.57688439 1.53784430 0.00168338
v 0.57688439 1.53784430 0.00168338
v 0.57688439 1.53784430 0.00168338
v 0.57632327 1.55213368 0.00168338
v 0.57632327 1.55213368 0.00168338
v 0.57632327 1.55213368 0.00168338
v 0.57632327 1.55213368 0.00168338
v 0.57563752 1.56955957 0.01583166
v 0.57563752 1.56955957 0.01583166
v 0.57563752 1.56955957 0.01583166
v 0.57563752 1.56955957 0.01583166
v 0.57563752 1.56955957 0.01583166
v 0.57563752 1.56955957 0.01583166
v 0.57563752 1.56955957 0.01583166
v 0.57563752 1.56955957 0.01583166
v 0.57563752 1.56955957 0.01583166
v 0.57292563 1.57252192 0.05064653
v 0.57292563 1.57252192 0.05064653
v 0.57292563 1.57252192 0.05064653
v 0.57292563 1.57252192 0.05064653
v 0.57155412 1.56398332 0.06979724
v 0.57155412 1.56398332 0.06979724
v 0.57155412 1.56398332 0.06979724
v 0.57155412 1.56398332 0.06979724
v 0.57155412 1.56398332 0.06979724
v 0.57155412 1.56398332 0.06979724
v 0.56987083 1.57252192 0.07995368
v 0.56987083 1.57252192 0.07995368
v 0.56987083 1.57252192 0.07995368
v 0.56987083 1.57252192 0.07995368
v 0.57083714 1.58524299 0.06322839
v 0.57083714 1.58524299 0.06322839
v 0.57083714 1.58524299 0.06322839
v 0.57083714 1.58524299 0.06322839
v 0.57083714 1.58524299 0.06322839
v 0.57083714 1.58524299 0.06322839
v 0.57083714 1.58524299 0.06322839
v 0.57083714 1.58524299 0.06322839
v 0.57083714 1.58524299 0.06322839
v 0.46709973 1.76420736 0.10405627
v 0.46709973 1.76420736 0.10405627
v 0.46709973 1.76420736 0.10405627
v 0.46709973 1.76420736 0.10405627
v 0.46709973 1.76420736 0.10405627
v 0.53919852 1.64884770 0.09541573
v 0.53919852 1.64884770 0.09541573
v 0.53919852 1.64884770 0.09541573
v 0.53919852 1.64884770 0.09541573
v 0.53919852 1.64884770 0.09541573
v 0.53919852 1.64884770 0.09541573
v 0.55007720 1.63299000 0.07924626
v 0.55007720 1.63299000 0.07924626
v 0.55007720 1.63299000 0.07924626
v 0.55007720 1.63299000 0.07924626
v 0.55007720 1.63299000 0.07924626
v 0.55007720 1.63299000 0.07924626
v 0.56407303 1.60127473 0.07924626
v 0.56407303 1.60127473 0.07924626
v 0.56407303 1.60127473 0.07924626
v 0.56407303 1.60127473 0.07924626
v 0.56407303 1.60127473 0.07924626
v 0.56740832 1.60022926 0.05064653
v 0.56740832 1.60022926 0.05064653
v 0.56740832 1.60022926 0.05064653
v 0.56740832 1.60022926 0.05064653
v 0.56740832 1.60022926 0.05064653
v 0.57186580 1.58890235 0.04210704
v 0.57186580 1.58890235 0.04210704
v 0.57186580 1.58890235 0.04210704
v 0.57186580 1.58890235 0.04210704
v 0.57186580 1.58890235 0.04210704
v 0.57270741 1.59151626 0.01583166
v 0.57270741 1.59151626 0.01583166
v 0.57270741 1.59151626 0.01583166
v 0.57270741 1.59151626 0.01583166
v 0.57270741 1.59151626 0.01583166
v 0.57270741 1.59151626 0.01583166
v 0.56990200 1.60040343 0.00168338
v 0.56990200 1.60040343 0.00168338
v 0.56990200 1.60040343 0.00168338
v 0.56990200 1.60040343 0.00168338
v 0.56762648 1.60737395 0.00168338
v 0.56762648 1.60737395 0.00168338
v 0.56762648 1.60737395 0.00168338
v 0.53368121 1.64013469 0.14271139
v 0.53368121 1.64013469 0.14271139
v 0.53368121 1.64013469 0.14271139
v 0.53368121 1.64013469 0.14271139
v 0.53368121 1.64013469 0.14271139
v 0.53368121 1.64013469 0.14271139
v 0.53368121 1.64013469 0.14271139
v 0.45612749 1.76420736 0.14261033
v 0.45612749 1.76420736 0.14261033
v 0.45612749 1.76420736 0.14261033
v 0.45612749 1.76420736 0.14261033
v 0.54543269 1.63438416 0.10799758
v 0.54543269 1.63438416 0.10799758
v 0.54543269 1.63438416 0.10799758
v 0.54543269 1.63438416 0.10799758
v 0.54543269 1.63438416 0.10799758
v 0.53714114 1.64571095 0.11653707
v 0.53714114 1.64571095 0.11653707
v 0.53714114 1.64571095 0.11653707
v 0.53714114 1.64571095 0.11653707
v 0.53714114 1.64571095 0.11653707
v 0.53714114 1.64571095 0.11653707
v 0.57563752 1.56955957 0.00168338
v 0.57563752 1.56955957 0.00168338
v 0.57563752 1.56955957 0.00168338
v 0.57432830 1.57949245 0.00168338
v 0.57432830 1.57949245 0.00168338
v 0.57432830 1.57949245 0.00168338
v 0.57432830 1.57949245 0.00168338
v 0.46594638 1.76420736 0.11001876
v 0.46594638 1.76420736 0.11001876
v 0.46594638 1.76420736 0.11001876
v 0.46594638 1.76420736 0.11001876
v 0.46594638 1.76420736 0.11001876
v 0.57270741 1.59151626 0.00168338
v 0.57270741 1.59151626 0.00168338
v 0.57270741 1.59151626 0.00168338
v 0.45746785 1.76420736 0.13841636
v 0.45746785 1.76420736 0.13841636
v 0.45746785 1.76420736 0.13841636
v 0.48382512 1.83619165 -0.00674357
v 0.48382512 1.83619165 -0.00674357
v 0.48382512 1.83619165 -0.00674357
v 0.48382512 1.83619165 -0.00674357
v 0.48382512 1.83619165 -0.00674357
v 0.48382512 1.83619165 -0.00674357
v 0.48382512 1.83619165 -0.00674357
v 0.48382512 1.83619165 -0.00674357
v 0.48382512 1.83619165 -0.00674357
v 0.48382512 1.83619165 -0.00674357
v 0.48382512 1.83619165 -0.00674357
v 0.48382512 1.83619165 -0.00674357
v 0.48382512 1.83619165 -0.00674357
v 0.48382512 1.83619165 -0.00674357
v 0.48382512 1.83619165 -0.00674357
v 0.48382512 1.83619165 -0.00674357
v 0.48382512 1.83619165 -0.00674357
v 0.48382512 1.83619165 -0.00674357
v 0.48382512 1.83619165 -0.00674357
v 0.48382512 1.83619165 -0.00674357
v 0.48382512 1.83619165 -0.00674357
v 0.48382512 1.83619165 -0.00674357
v 0.48382512 1.83619165 -0.00674357
v 0.48382512 1.83619165 -0.00674357
v 0.48382512 1.83619165 -0.00674357
v 0.48382512 1.83619165 -0.00674357
v 0.48382512 1.83619165 -0.00674357
v 0.48382512 1.83619165 -0.00674357
v 0.48382512 1.83619165 -0.00674357
v 0.47732142 1.76422119 -0.00674357
v 0.47732142 1.76422119 -0.00674357
v 0.47732142 1.76422119 -0.00674357
v 0.47732142 1.76422119 -0.00674357
v 0.47732142 1.76422119 -0.00674357
v 0.47732142 1.76422119 -0.00674357
v 0.47732142 1.76422119 -0.00674357
v 0.47732142 1.76422119 -0.00674357
v 0.47732142 1.76422119 -0.00674357
v 0.47732142 1.76422119 -0.01586042
v 0.47732142 1.76422119 -0.01586042
v 0.47732142 1.76422119 -0.01586042
v 0.47732142 1.76422119 -0.01586042
v 0.47732142 1.76422119 -0.01586042
v 0.48376462 1.83619165 -0.01586042
v 0.48376462 1.83619165 -0.01586042
v 0.48376462 1.83619165 -0.01586042
v 0.39340833 1.83619165 -0.00674357
v 0.39340833 1.83619165 -0.00674357
v 0.39340833 1.83619165 -0.00674357
v 0.20936823 1.83409917 0.43012989
v 0.20936823 1.83409917 0.43012989
v 0.20936823 1.83409917 0.43012989
v 0.20936823 1.83409917 0.43012989
v 0.20936823 1.83409917 0.43012989
v 0.20936823 1.83409917 0.43012989
v 0.20936823 1.83409917 0.43012989
v 0.20936823 1.83409917 0.43012989
v 0.20936823 1.83409917 0.43012989
v 0.20936823 1.83409917 0.43012989
v 0.20936823 1.83409917 0.43012989
v 0.24636379 1.83409917 0.41616049
v 0.24636379 1.83409917 0.41616049
v 0.24636379 1.83409917 0.41616049
v 0.24636379 1.83409917 0.41616049
v 0.25380525 1.83409917 0.41255784
v 0.25380525 1.83409917 0.41255784
v 0.25380525 1.83409917 0.41255784
v 0.25380525 1.83409917 0.41255784
v 0.25380525 1.83409917 0.41255784
v 0.25380525 1.83409917 0.41255784
v 0.25380525 1.83409917 0.41255784
v 0.25380525 1.83409917 0.41255784
v 0.25897798 1.83409917 0.40910229
v 0.25897798 1.83409917 0.40910229
v 0.25897798 1.83409917 0.40910229
v 0.25897798 1.83409917 0.40910229
v 0.29149657 1.83409917 0.38388389
v 0.29149657 1.83409917 0.38388389
v 0.29149657 1.83409917 0.38388389
v 0.29149657 1.83409917 0.38388389
v 0.29149657 1.83409917 0.38388389
v 0.32489240 1.83409917 0.35565111
v 0.32489240 1.83409917 0.35565111
v 0.32489240 1.83409917 0.35565111
v 0.32489240 1.83409917 0.35565111
v 0.32489240 1.83409917 0.35565111
v 0.32489240 1.83409917 0.35565111
v 0.32604188 1.83409917 0.35454825
v 0.32604188 1.83409917 0.35454825
v 0.32604188 1.83409917 0.35454825
v 0.32604188 1.83409917 0.35454825
v 0.35499099 1.83409917 0.32418326
v 0.35499099 1.83409917 0.32418326
v 0.35499099 1.83409917 0.32418326
v 0.35499099 1.83409917 0.32418326
v 0.35499099 1.83409917 0.32418326
v 0.38312334 1.83409917 0.29095089
v 0.38312334 1.83409917 0.29095089
v 0.38312334 1.83409917 0.29095089
v 0.38312334 1.83409917 0.29095089
v 0.38536185 1.83409917 0.28823057
v 0.38536185 1.83409917 0.28823057
v 0.38536185 1.83409917 0.28823057
v 0.38536185 1.83409917 0.28823057
v 0.38536185 1.83409917 0.28823057
v 0.38536185 1.83409917 0.28823057
v 0.40777701 1.83409917 0.25874785
v 0.40777701 1.83409917 0.25874785
v 0.40777701 1.83409917 0.25874785
v 0.40777701 1.83409917 0.25874785
v 0.41198170 1.83409917 0.25249839
v 0.41198170 1.83409917 0.25249839
v 0.41198170 1.83409917 0.25249839
v 0.41198170 1.83409917 0.25249839
v 0.41198170 1.83409917 0.25249839
v 0.41667044 1.83409917 0.24419029
v 0.41667044 1.83409917 0.24419029
v 0.41667044 1.83409917 0.24419029
v 0.41667044 1.83409917 0.24419029
v 0.44295758 1.83409917 0.19662093
v 0.44295758 1.83409917 0.19662093
v 0.44295758 1.83409917 0.19662093
v 0.44295758 1.83409917 0.19662093
v 0.44295758 1.83409917 0.19662093
v 0.44507506 1.83409917 0.19228308
v 0.44507506 1.83409917 0.19228308
v 0.44507506 1.83409917 0.19228308
v 0.44507506 1.83409917 0.19228308
v 0.44507506 1.83409917 0.19228308
v 0.44507506 1.83409917 0.19228308
v 0.44507506 1.83409917 0.19228308
v 0.44782782 1.83409917 0.18463670
v 0.44782782 1.83409917 0.18463670
v 0.44782782 1.83409917 0.18463670
v 0.44782782 1.83409917 0.18463670
v 0.44782782 1.83409917 0.18463670
v 0.47478041 1.83409917 0.10309973
v 0.47478041 1.83409917 0.10309973
v 0.47478041 1.83409917 0.10309973
v 0.47478041 1.83409917 0.10309973
v 0.47478041 1.83409917 0.10309973
v 0.47478041 1.83409917 0.10309973
v 0.47596014 1.83409917 0.09765903
v 0.47596014 1.83409917 0.09765903
v 0.47596014 1.83409917 0.09765903
v 0.47596014 1.83409917 0.09765903
v 0.47596014 1.83409917 0.09765903
v 0.47596014 1.83409917 0.09765903
v 0.47880360 1.83409917 0.07920477
v 0.47880360 1.83409917 0.07920477
v 0.47880360 1.83409917 0.07920477
v 0.47880360 1.83409917 0.07920477
v 0.47880360 1.83409917 0.07920477
v 0.47880360 1.83409917 0.07920477
v 0.47922713 1.83409917 0.07486691
v 0.47922713 1.83409917 0.07486691
v 0.47922713 1.83409917 0.07486691
v 0.47922713 1.83409917 0.07486691
v 0.47922713 1.83409917 0.07486691
v 0.48140511 1.83409917 0.04501659
v 0.48140511 1.83409917 0.04501659
v 0.48140511 1.83409917 0.04501659
v 0.48140511 1.83409917 0.04501659
v 0.48315960 1.83409917 0.01582798
v 0.48315960 1.83409917 0.01582798
v 0.48315960 1.83409917 0.01582798
v 0.47726092 1.76422119 0.01582798
v 0.47726092 1.76422119 0.01582798
v 0.47726092 1.76422119 0.01582798
v 0.47726092 1.76422119 0.01582798
v 0.47726092 1.76422119 0.01582798
v 0.47726092 1.76422119 0.01582798
v 0.47632316 1.76422119 -0.02857989
v 0.47632316 1.76422119 -0.02857989
v 0.47632316 1.76422119 -0.02857989
v 0.47632316 1.76422119 -0.02857989
v 0.48170763 1.83619165 -0.04754882
v 0.48170763 1.83619165 -0.04754882
v 0.48170763 1.83619165 -0.04754882
v 0.48170763 1.83619165 -0.04754882
v 0.48170763 1.83619165 -0.04754882
v 0.25159699 1.83619165 -0.32098070
v 0.25159699 1.83619165 -0.32098070
v 0.25159699 1.83619165 -0.32098070
v 0.25159699 1.83619165 -0.32098070
v 0.25159699 1.83619165 -0.32098070
v 0.25159699 1.83619165 -0.32098070
v 0.20936823 1.76422119 0.42755654
v 0.20936823 1.76422119 0.42755654
v 0.20936823 1.76422119 0.42755654
v 0.20936823 1.76422119 0.42755654
v 0.20936823 1.76422119 0.42755654
v 0.20936823 1.83409917 0.33638805
v 0.20936823 1.83409917 0.33638805
v 0.20936823 1.83409917 0.33638805
v 0.20936823 1.83409917 0.33638805
v 0.20936823 1.83409917 0.33638805
v 0.20936823 1.83409917 0.33638805
v 0.17479265 1.83108366 -0.01586042
v 0.17479265 1.83108366 -0.01586042
v 0.17479265 1.83108366 -0.01586042
v 0.17479265 1.83107662 -0.00681710
v 0.17479265 1.83107662 -0.00681710
v 0.17479265 1.83107662 -0.00681710
v 0.17479265 1.83094275 -0.00674357
v 0.17479265 1.83094275 -0.00674357
v 0.17479265 1.83094275 -0.00674357
v 0.17479265 1.76422119 -0.00674357
v 0.17479265 1.76422119 -0.00674357
v 0.17479265 1.76422119 -0.00674357
v 0.17479265 1.76422119 -0.00674357
v 0.23607884 1.76422119 0.41432244
v 0.23607884 1.76422119 0.41432244
v 0.23607884 1.76422119 0.41432244
v 0.24273382 1.76422119 0.41020516
v 0.24273382 1.76422119 0.41020516
v 0.24273382 1.76422119 0.41020516
v 0.25292802 1.76422119 0.40373513
v 0.25292802 1.76422119 0.40373513
v 0.25292802 1.76422119 0.40373513
v 0.26765969 1.76422119 0.39432415
v 0.26765969 1.76422119 0.39432415
v 0.26765969 1.76422119 0.39432415
v 0.26765969 1.76422119 0.39432415
v 0.26765969 1.76422119 0.39432415
v 0.30414099 1.76422119 0.36557671
v 0.30414099 1.76422119 0.36557671
v 0.30414099 1.76422119 0.36557671
v 0.30414099 1.76422119 0.36557671
v 0.33566135 1.76422119 0.33697629
v 0.33566135 1.76422119 0.33697629
v 0.33566135 1.76422119 0.33697629
v 0.33566135 1.76422119 0.33697629
v 0.33635712 1.76422119 0.33631456
v 0.33635712 1.76422119 0.33631456
v 0.33635712 1.76422119 0.33631456
v 0.33635712 1.76422119 0.33631456
v 0.33635712 1.76422119 0.33631456
v 0.33635712 1.76422119 0.33631456
v 0.36660695 1.76422119 0.30330274
v 0.36660695 1.76422119 0.30330274
v 0.36660695 1.76422119 0.30330274
v 0.36660695 1.76422119 0.30330274
v 0.36660695 1.76422119 0.30330274
v 0.38950607 1.76422119 0.27426118
v 0.38950607 1.76422119 0.27426118
v 0.38950607 1.76422119 0.27426118
v 0.39455780 1.76422119 0.26779115
v 0.39455780 1.76422119 0.26779115
v 0.39455780 1.76422119 0.26779115
v 0.39455780 1.76422119 0.26779115
v 0.39455780 1.76422119 0.26779115
v 0.41797119 1.76422119 0.23007387
v 0.41797119 1.76422119 0.23007387
v 0.41797119 1.76422119 0.23007387
v 0.41797119 1.76422119 0.23007387
v 0.41797119 1.76422119 0.23007387
v 0.43155339 1.76422119 0.20522313
v 0.43155339 1.76422119 0.20522313
v 0.43155339 1.76422119 0.20522313
v 0.43155339 1.76422119 0.20522313
v 0.44386506 1.76422119 0.17676973
v 0.44386506 1.76422119 0.17676973
v 0.44386506 1.76422119 0.17676973
v 0.44386506 1.76422119 0.17676973
v 0.44825128 1.76422119 0.16632947
v 0.44825128 1.76422119 0.16632947
v 0.44825128 1.76422119 0.16632947
v 0.44825128 1.76422119 0.16632947
v 0.44825128 1.76422119 0.16632947
v 0.43442711 1.76422119 0.19890015
v 0.43442711 1.76422119 0.19890015
v 0.43442711 1.76422119 0.19890015
v 0.45614651 1.76422119 0.14250803
v 0.45614651 1.76422119 0.14250803
v 0.45614651 1.76422119 0.14250803
v 0.45614651 1.76422119 0.14250803
v 0.45614651 1.76422119 0.14250803
v 0.45747748 1.76422119 0.13831723
v 0.45747748 1.76422119 0.13831723
v 0.45747748 1.76422119 0.13831723
v 0.45747748 1.76422119 0.13831723
v 0.46594745 1.76422119 0.11001089
v 0.46594745 1.76422119 0.11001089
v 0.46594745 1.76422119 0.11001089
v 0.46594745 1.76422119 0.11001089
v 0.46594745 1.76422119 0.11001089
v 0.46706671 1.76422119 0.10398200
v 0.46706671 1.76422119 0.10398200
v 0.46706671 1.76422119 0.10398200
v 0.47096893 1.76422119 0.07920477
v 0.47096893 1.76422119 0.07920477
v 0.47096893 1.76422119 0.07920477
v 0.47096893 1.76422119 0.07920477
v 0.47096893 1.76422119 0.07920477
v 0.47118068 1.76422119 0.07751374
v 0.47118068 1.76422119 0.07751374
v 0.47118068 1.76422119 0.07751374
v 0.47118068 1.76422119 0.07751374
v 0.47462916 1.76422119 0.04758989
v 0.47462916 1.76422119 0.04758989
v 0.47462916 1.76422119 0.04758989
v 0.47462916 1.76422119 0.04758989
v 0.47462916 1.76422119 0.04758989
v 0.47475019 1.76422119 -0.04754882
v 0.47475019 1.76422119 -0.04754882
v 0.47475019 1.76422119 -0.04754882
v 0.47475019 1.76422119 -0.04754882
v 0.47475019 1.76422119 -0.04754882
v 0.47886416 1.83619165 -0.07931074
v 0.47886416 1.83619165 -0.07931074
v 0.47886416 1.83619165 -0.07931074
v 0.47886416 1.83619165 -0.07931074
v 0.35840923 1.83619165 -0.32098070
v 0.35840923 1.83619165 -0.32098070
v 0.35840923 1.83619165 -0.32098070
v 0.35840923 1.83619165 -0.32098070
v 0.19424330 1.83230257 -0.32098070
v 0.19424330 1.83230257 -0.32098070
v 0.19424330 1.83230257 -0.32098070
v 0.19424330 1.83230257 -0.32098070
v 0.19424330 1.83230257 -0.32098070
v 0.19424330 1.83230257 -0.32098070
v 0.19424330 1.83230257 -0.32098070
v 0.19424330 1.83230257 -0.32098070
v 0.19424330 1.83230257 -0.32098070
v 0.19424330 1.83230257 -0.32098070
v 0.20942873 1.83409917 0.33256489
v 0.20942873 1.83409917 0.33256489
v 0.20942873 1.83409917 0.33256489
v 0.17479265 1.83106256 -0.04784291
v 0.17479265 1.83106256 -0.04784291
v 0.17479265 1.83106256 -0.04784291
v 0.17479265 1.83106256 -0.04784291
v 0.17479265 1.83108366 -0.01615451
v 0.17479265 1.83108366 -0.01615451
v 0.17479265 1.83108366 -0.01615451
v 0.17479265 1.83108366 -0.01615451
v 0.17479265 1.76422119 -0.32098070
v 0.17479265 1.76422119 -0.32098070
v 0.17479265 1.76422119 -0.32098070
v 0.47078741 1.76422119 -0.07931074
v 0.47078741 1.76422119 -0.07931074
v 0.47078741 1.76422119 -0.07931074
v 0.47078741 1.76422119 -0.07931074
v 0.47771463 1.83619165 -0.08938339
v 0.47771463 1.83619165 -0.08938339
v 0.47771463 1.83619165 -0.08938339
v 0.47771463 1.83619165 -0.08938339
v 0.47771463 1.83619165 -0.08938339
v 0.47771463 1.83619165 -0.08938339
v 0.47771463 1.83619165 -0.08938339
v 0.35120976 1.76422119 -0.32098070
v 0.35120976 1.76422119 -0.32098070
v 0.35120976 1.76422119 -0.32098070
v 0.35120976 1.76422119 -0.32098070
v 0.38403088 1.83619165 -0.29289490
v 0.38403088 1.83619165 -0.29289490
v 0.38403088 1.83619165 -0.29289490
v 0.38403088 1.83619165 -0.29289490
v 0.38403088 1.83619165 -0.29289490
v 0.35178450 1.76422119 -0.32039252
v 0.35178450 1.76422119 -0.32039252
v 0.35178450 1.76422119 -0.32039252
v 0.35178450 1.76422119 -0.32039252
v 0.35178450 1.76422119 -0.32039252
v 0.17479265 1.83012545 -0.32098070
v 0.17479265 1.83012545 -0.32098070
v 0.17479265 1.83012545 -0.32098070
v 0.17479265 1.83040023 -0.30149713
v 0.17479265 1.83040023 -0.30149713
v 0.17479265 1.83040023 -0.30149713
v 0.17479265 1.83066797 -0.26951462
v 0.17479265 1.83066797 -0.26951462
v 0.17479265 1.83066797 -0.26951462
v 0.17479265 1.83080888 -0.23812035
v 0.17479265 1.83080888 -0.23812035
v 0.17479265 1.83080888 -0.23812035
v 0.17479265 1.83087230 -0.20635842
v 0.17479265 1.83087230 -0.20635842
v 0.17479265 1.83087230 -0.20635842
v 0.17479265 1.83102727 -0.07953130
v 0.17479265 1.83102727 -0.07953130
v 0.17479265 1.83102727 -0.07953130
v 0.47072691 1.76422119 -0.07967835
v 0.47072691 1.76422119 -0.07967835
v 0.47072691 1.76422119 -0.07967835
v 0.47072691 1.76422119 -0.07967835
v 0.46561471 1.76422119 -0.10974924
v 0.46561471 1.76422119 -0.10974924
v 0.46561471 1.76422119 -0.10974924
v 0.46561471 1.76422119 -0.10974924
v 0.47562742 1.83619165 -0.10055887
v 0.47562742 1.83619165 -0.10055887
v 0.47562742 1.83619165 -0.10055887
v 0.47562742 1.83619165 -0.10055887
v 0.47562742 1.83619165 -0.10055887
v 0.38521060 1.83619165 -0.29142451
v 0.38521060 1.83619165 -0.29142451
v 0.38521060 1.83619165 -0.29142451
v 0.38521060 1.83619165 -0.29142451
v 0.38521060 1.83619165 -0.29142451
v 0.38112688 1.76422119 -0.28598380
v 0.38112688 1.76422119 -0.28598380
v 0.38112688 1.76422119 -0.28598380
v 0.38112688 1.76422119 -0.28598380
v 0.36657670 1.76422119 -0.30340874
v 0.36657670 1.76422119 -0.30340874
v 0.36657670 1.76422119 -0.30340874
v 0.45596501 1.76422119 -0.14261401
v 0.45596501 1.76422119 -0.14261401
v 0.45596501 1.76422119 -0.14261401
v 0.44631529 1.76422119 -0.17180261
v 0.44631529 1.76422119 -0.17180261
v 0.44631529 1.76422119 -0.17180261
v 0.44631529 1.76422119 -0.17180261
v 0.44631529 1.76422119 -0.17180261
v 0.44613382 1.83619165 -0.18819824
v 0.44613382 1.83619165 -0.18819824
v 0.44613382 1.83619165 -0.18819824
v 0.44613382 1.83619165 -0.18819824
v 0.44613382 1.83619165 -0.18819824
v 0.39262182 1.76422119 -0.27032337
v 0.39262182 1.76422119 -0.27032337
v 0.39262182 1.76422119 -0.27032337
v 0.39262182 1.76422119 -0.27032337
v 0.40925923 1.83619165 -0.25664809
v 0.40925923 1.83619165 -0.25664809
v 0.40925923 1.83619165 -0.25664809
v 0.40925923 1.83619165 -0.25664809
v 0.39449728 1.76422119 -0.26775008
v 0.39449728 1.76422119 -0.26775008
v 0.39449728 1.76422119 -0.26775008
v 0.39449728 1.76422119 -0.26775008
v 0.39449728 1.76422119 -0.26775008
v 0.44159633 1.76422119 -0.18334574
v 0.44159633 1.76422119 -0.18334574
v 0.44159633 1.76422119 -0.18334574
v 0.44159633 1.76422119 -0.18334574
v 0.44159633 1.76422119 -0.18334574
v 0.44362307 1.83619165 -0.19408007
v 0.44362307 1.83619165 -0.19408007
v 0.44362307 1.83619165 -0.19408007
v 0.44362307 1.83619165 -0.19408007
v 0.44362307 1.83619165 -0.19408007
v 0.41476470 1.83619165 -0.24709012
v 0.41476470 1.83619165 -0.24709012
v 0.41476470 1.83619165 -0.24709012
v 0.41476470 1.83619165 -0.24709012
v 0.41452271 1.76422119 -0.23598816
v 0.41452271 1.76422119 -0.23598816
v 0.41452271 1.76422119 -0.23598816
v 0.41452271 1.76422119 -0.23598816
v 0.43164414 1.76422119 -0.20532909
v 0.43164414 1.76422119 -0.20532909
v 0.43164414 1.76422119 -0.20532909
v 0.43164414 1.76422119 -0.20532909
v 0.49022615 1.88676071 -0.01589041
v 0.49022615 1.88676071 -0.01589041
v 0.49022615 1.88676071 -0.01589041
v 0.49022615 1.88676071 -0.01589041
v 0.49022615 1.88676071 -0.01589041
v 0.49022615 1.88676071 -0.01589041
v 0.49022615 1.88676071 -0.01589041
v 0.49022615 1.88676071 -0.01589041
v 0.49022615 1.88676071 -0.01589041
v 0.48968884 1.85505748 -0.01589041
v 0.48968884 1.85505748 -0.01589041
v 0.48968884 1.85505748 -0.01589041
v 0.48968884 1.85505748 -0.01589041
v 0.48968884 1.85505748 -0.01589041
v 0.48968884 1.85505748 -0.01589041
v 0.48968884 1.85505748 -0.01589041
v 0.48968884 1.85505748 -0.01589041
v 0.48749286 1.88676071 -0.04760528
v 0.48749286 1.88676071 -0.04760528
v 0.48749286 1.88676071 -0.04760528
v 0.48749286 1.88676071 -0.04760528
v 0.48749286 1.88676071 -0.04760528
v 0.48749286 1.88676071 -0.04760528
v 0.48749286 1.88676071 -0.04760528
v 0.47912946 1.90658450 -0.07932015
v 0.47912946 1.90658450 -0.07932015
v 0.47912946 1.90658450 -0.07932015
v 0.47912946 1.90658450 -0.07932015
v 0.47912946 1.90658450 -0.07932015
v 0.47912946 1.90658450 -0.07932015
v 0.48120865 1.90859628 -0.04760528
v 0.48120865 1.90859628 -0.04760528
v 0.48120865 1.90859628 -0.04760528
v 0.48120865 1.90859628 -0.04760528
v 0.48120865 1.90859628 -0.04760528
v 0.48254025 1.90947342 -0.01589041
v 0.48254025 1.90947342 -0.01589041
v 0.48254025 1.90947342 -0.01589041
v 0.48254025 1.90947342 -0.01589041
v 0.48254025 1.90947342 -0.01589041
v 0.48254025 1.90945864 -0.00678507
v 0.48254025 1.90945864 -0.00678507
v 0.48254025 1.90945864 -0.00678507
v 0.48254025 1.90945864 -0.00678507
v 0.48254025 1.90945864 -0.00678507
v 0.49017942 1.88676071 -0.00678507
v 0.49017942 1.88676071 -0.00678507
v 0.49017942 1.88676071 -0.00678507
v 0.49006262 1.87762260 -0.00678507
v 0.49006262 1.87762260 -0.00678507
v 0.49006262 1.87762260 -0.00678507
v 0.48968884 1.85505748 -0.00678507
v 0.48968884 1.85505748 -0.00678507
v 0.48968884 1.85505748 -0.00678507
v 0.48968884 1.85505748 -0.00678507
v 0.48380175 1.83619165 -0.01589041
v 0.48380175 1.83619165 -0.01589041
v 0.48380175 1.83619165 -0.01589041
v 0.48380175 1.83619165 -0.01589041
v 0.48380175 1.83619165 -0.01589041
v 0.48380175 1.83619165 -0.01589041
v 0.48172259 1.83619165 -0.04760528
v 0.48172259 1.83619165 -0.04760528
v 0.48172259 1.83619165 -0.04760528
v 0.48172259 1.83619165 -0.04760528
v 0.48690882 1.85505748 -0.04760528
v 0.48690882 1.85505748 -0.04760528
v 0.48690882 1.85505748 -0.04760528
v 0.48690882 1.85505748 -0.04760528
v 0.48690882 1.85505748 -0.04760528
v 0.48690882 1.85505748 -0.04760528
v 0.48749286 1.84799016 -0.00678507
v 0.48749286 1.84799016 -0.00678507
v 0.48749286 1.84799016 -0.00678507
v 0.48382512 1.83619165 -0.00678507
v 0.48382512 1.83619165 -0.00678507
v 0.48382512 1.83619165 -0.00678507
v 0.48382512 1.83619165 -0.00678507
v 0.48284394 1.85505748 -0.07932015
v 0.48284394 1.85505748 -0.07932015
v 0.48284394 1.85505748 -0.07932015
v 0.48284394 1.85505748 -0.07932015
v 0.48284394 1.85505748 -0.07932015
v 0.48333454 1.88676071 -0.07932015
v 0.48333454 1.88676071 -0.07932015
v 0.48333454 1.88676071 -0.07932015
v 0.48333454 1.88676071 -0.07932015
v 0.48333454 1.88676071 -0.07932015
v 0.47712040 1.90432942 -0.10045315
v 0.47712040 1.90432942 -0.10045315
v 0.47712040 1.90432942 -0.10045315
v 0.47712040 1.90432942 -0.10045315
v 0.47712040 1.90432942 -0.10045315
v 0.47712040 1.90432942 -0.10045315
v 0.47712040 1.90432942 -0.10045315
v 0.47712040 1.90432942 -0.10045315
v 0.47712040 1.90432942 -0.10045315
v 0.44906342 1.90723312 -0.17443401
v 0.44906342 1.90723312 -0.17443401
v 0.44906342 1.90723312 -0.17443401
v 0.44906342 1.90723312 -0.17443401
v 0.44906342 1.90723312 -0.17443401
v 0.45403939 1.90943646 -0.14274989
v 0.45403939 1.90943646 -0.14274989
v 0.45403939 1.90943646 -0.14274989
v 0.45403939 1.90943646 -0.14274989
v 0.45403939 1.90943646 -0.14274989
v 0.45403939 1.90943646 -0.14274989
v 0.45985636 1.91099882 -0.07932015
v 0.45985636 1.91099882 -0.07932015
v 0.45985636 1.91099882 -0.07932015
v 0.45985636 1.91099882 -0.07932015
v 0.45985636 1.91099882 -0.07932015
v 0.45985636 1.91099882 -0.07932015
v 0.45985636 1.91147780 -0.04760528
v 0.45985636 1.91147780 -0.04760528
v 0.45985636 1.91147780 -0.04760528
v 0.45985636 1.91147780 -0.04760528
v 0.45985636 1.91147780 -0.04760528
v 0.45985636 1.91147780 -0.04760528
v 0.45985636 1.91050506 -0.00678507
v 0.45985636 1.91050506 -0.00678507
v 0.45985636 1.91050506 -0.00678507
v 0.45985636 1.91050506 -0.00678507
v 0.45985636 1.91050506 -0.00678507
v 0.45985636 1.91050506 -0.00678507
v 0.47891924 1.83619165 -0.07932015
v 0.47891924 1.83619165 -0.07932015
v 0.47891924 1.83619165 -0.07932015
v 0.47891924 1.83619165 -0.07932015
v 0.47891924 1.83619165 -0.07932015
v 0.47688678 1.83745921 -0.09946878
v 0.47688678 1.83745921 -0.09946878
v 0.47688678 1.83745921 -0.09946878
v 0.47688678 1.83745921 -0.09946878
v 0.47688678 1.83745921 -0.09946878
v 0.47688678 1.83745921 -0.09946878
v 0.47688678 1.83745921 -0.09946878
v 0.47688678 1.83745921 -0.09946878
v 0.47688678 1.83745921 -0.09946878
v 0.47688678 1.83745921 -0.09946878
v 0.39341670 1.83619165 -0.00678507
v 0.39341670 1.83619165 -0.00678507
v 0.39341670 1.83619165 -0.00678507
v 0.39341670 1.83619165 -0.00678507
v 0.47810158 1.85505748 -0.10435982
v 0.47810158 1.85505748 -0.10435982
v 0.47810158 1.85505748 -0.10435982
v 0.47810158 1.85505748 -0.10435982
v 0.47810158 1.85505748 -0.10435982
v 0.47828847 1.88676071 -0.10509810
v 0.47828847 1.88676071 -0.10509810
v 0.47828847 1.88676071 -0.10509810
v 0.47828847 1.88676071 -0.10509810
v 0.47828847 1.88676071 -0.10509810
v 0.47335923 1.88676071 -0.12097090
v 0.47335923 1.88676071 -0.12097090
v 0.47335923 1.88676071 -0.12097090
v 0.47335923 1.88676071 -0.12097090
v 0.47335923 1.88676071 -0.12097090
v 0.46632749 1.88676071 -0.14274989
v 0.46632749 1.88676071 -0.14274989
v 0.46632749 1.88676071 -0.14274989
v 0.46632749 1.88676071 -0.14274989
v 0.45604846 1.88676071 -0.17443401
v 0.45604846 1.88676071 -0.17443401
v 0.45604846 1.88676071 -0.17443401
v 0.45604846 1.88676071 -0.17443401
v 0.45604846 1.88676071 -0.17443401
v 0.45604846 1.88676071 -0.17443401
v 0.44548914 1.90427053 -0.19387513
v 0.44548914 1.90427053 -0.19387513
v 0.44548914 1.90427053 -0.19387513
v 0.44548914 1.90427053 -0.19387513
v 0.44548914 1.90427053 -0.19387513
v 0.44548914 1.90427053 -0.19387513
v 0.44548914 1.90427053 -0.19387513
v 0.41909084 1.90821314 -0.23783298
v 0.41909084 1.90821314 -0.23783298
v 0.41909084 1.90821314 -0.23783298
v 0.41909084 1.90821314 -0.23783298
v 0.41909084 1.90821314 -0.23783298
v 0.39668730 1.90923011 -0.26847121
v 0.39668730 1.90923011 -0.26847121
v 0.39668730 1.90923011 -0.26847121
v 0.39668730 1.90923011 -0.26847121
v 0.39668730 1.90923011 -0.26847121
v 0.39668730 1.90923011 -0.26847121
v 0.36573350 1.90987134 -0.30206254
v 0.36573350 1.90987134 -0.30206254
v 0.36573350 1.90987134 -0.30206254
v 0.36573350 1.90987134 -0.30206254
v 0.36573350 1.90987134 -0.30206254
v 0.36573350 1.90987134 -0.30206254
v 0.33456948 1.90916383 -0.32098070
v 0.33456948 1.90916383 -0.32098070
v 0.33456948 1.90916383 -0.32098070
v 0.33456948 1.90916383 -0.32098070
v 0.33456948 1.90916383 -0.32098070
v 0.33456948 1.90916383 -0.32098070
v 0.44312966 1.90365887 -0.00678507
v 0.44312966 1.90365887 -0.00678507
v 0.44312966 1.90365887 -0.00678507
v 0.44312966 1.90365887 -0.00678507
v 0.44312966 1.90365887 -0.00678507
v 0.44312966 1.90365887 -0.00678507
v 0.33424240 1.90831625 -0.30292383
v 0.33424240 1.90831625 -0.30292383
v 0.33424240 1.90831625 -0.30292383
v 0.31088108 1.90578866 -0.32098070
v 0.31088108 1.90578866 -0.32098070
v 0.31088108 1.90578866 -0.32098070
v 0.31088108 1.90578866 -0.32098070
v 0.31088108 1.90578866 -0.32098070
v 0.47775117 1.83619165 -0.08940984
v 0.47775117 1.83619165 -0.08940984
v 0.47775117 1.83619165 -0.08940984
v 0.47775117 1.83619165 -0.08940984
v 0.46660781 1.85505748 -0.14274989
v 0.46660781 1.85505748 -0.14274989
v 0.46660781 1.85505748 -0.14274989
v 0.46660781 1.85505748 -0.14274989
v 0.46660781 1.85505748 -0.14274989
v 0.46660781 1.85505748 -0.14274989
v 0.46660781 1.85505748 -0.14274989
v 0.47368631 1.85505748 -0.12023264
v 0.47368631 1.85505748 -0.12023264
v 0.47368631 1.85505748 -0.12023264
v 0.47368631 1.85505748 -0.12023264
v 0.47368631 1.85505748 -0.12023264
v 0.47567201 1.83619165 -0.10060695
v 0.47567201 1.83619165 -0.10060695
v 0.47567201 1.83619165 -0.10060695
v 0.47567201 1.83619165 -0.10060695
v 0.44616663 1.83619165 -0.18821505
v 0.44616663 1.83619165 -0.18821505
v 0.44616663 1.83619165 -0.18821505
v 0.44616663 1.83619165 -0.18821505
v 0.44616663 1.83619165 -0.18821505
v 0.44525555 1.83743715 -0.19295229
v 0.44525555 1.83743715 -0.19295229
v 0.44525555 1.83743715 -0.19295229
v 0.44525555 1.83743715 -0.19295229
v 0.44525555 1.83743715 -0.19295229
v 0.44525555 1.83743715 -0.19295229
v 0.44525555 1.83743715 -0.19295229
v 0.44525555 1.83743715 -0.19295229
v 0.28065151 1.87579501 -0.32098070
v 0.28065151 1.87579501 -0.32098070
v 0.28065151 1.87579501 -0.32098070
v 0.28065151 1.87579501 -0.32098070
v 0.25158998 1.83619165 -0.32098070
v 0.25158998 1.83619165 -0.32098070
v 0.25158998 1.83619165 -0.32098070
v 0.45583820 1.85505748 -0.17443401
v 0.45583820 1.85505748 -0.17443401
v 0.45583820 1.85505748 -0.17443401
v 0.45583820 1.85505748 -0.17443401
v 0.45583820 1.85505748 -0.17443401
v 0.44724125 1.88676071 -0.19747421
v 0.44724125 1.88676071 -0.19747421
v 0.44724125 1.88676071 -0.19747421
v 0.44724125 1.88676071 -0.19747421
v 0.44724125 1.88676071 -0.19747421
v 0.43964881 1.88676071 -0.21334702
v 0.43964881 1.88676071 -0.21334702
v 0.43964881 1.88676071 -0.21334702
v 0.43964881 1.88676071 -0.21334702
v 0.43964881 1.88676071 -0.21334702
v 0.43964881 1.88676071 -0.21334702
v 0.41432512 1.90491164 -0.25718185
v 0.41432512 1.90491164 -0.25718185
v 0.41432512 1.90491164 -0.25718185
v 0.41432512 1.90491164 -0.25718185
v 0.41432512 1.90491164 -0.25718185
v 0.41432512 1.90491164 -0.25718185
v 0.41432512 1.90491164 -0.25718185
v 0.41432512 1.90491164 -0.25718185
v 0.41432512 1.90491164 -0.25718185
v 0.38629150 1.90712249 -0.29203433
v 0.38629150 1.90712249 -0.29203433
v 0.38629150 1.90712249 -0.29203433
v 0.38629150 1.90712249 -0.29203433
v 0.38629150 1.90712249 -0.29203433
v 0.38629150 1.90712249 -0.29203433
v 0.38629150 1.90712249 -0.29203433
v 0.38629150 1.90712249 -0.29203433
v 0.35765049 1.90801418 -0.32098070
v 0.35765049 1.90801418 -0.32098070
v 0.35765049 1.90801418 -0.32098070
v 0.35765049 1.90801418 -0.32098070
v 0.30092913 1.89745378 -0.32098070
v 0.30092913 1.89745378 -0.32098070
v 0.30092913 1.89745378 -0.32098070
v 0.29548597 1.89183092 -0.32098070
v 0.29548597 1.89183092 -0.32098070
v 0.29548597 1.89183092 -0.32098070
v 0.44366696 1.83619165 -0.19412123
v 0.44366696 1.83619165 -0.19412123
v 0.44366696 1.83619165 -0.19412123
v 0.44366696 1.83619165 -0.19412123
v 0.44366696 1.83619165 -0.19412123
v 0.41275990 1.83860886 -0.25444409
v 0.41275990 1.83860886 -0.25444409
v 0.41275990 1.83860886 -0.25444409
v 0.41275990 1.83860886 -0.25444409
v 0.41275990 1.83860886 -0.25444409
v 0.41275990 1.83860886 -0.25444409
v 0.41275990 1.83860886 -0.25444409
v 0.41275990 1.83860886 -0.25444409
v 0.41275990 1.83860886 -0.25444409
v 0.41275990 1.83860886 -0.25444409
v 0.43908814 1.85505748 -0.21267025
v 0.43908814 1.85505748 -0.21267025
v 0.43908814 1.85505748 -0.21267025
v 0.43908814 1.85505748 -0.21267025
v 0.43908814 1.85505748 -0.21267025
v 0.43908814 1.85505748 -0.21267025
v 0.43908814 1.85505748 -0.21267025
v 0.44707772 1.85505748 -0.19679745
v 0.44707772 1.85505748 -0.19679745
v 0.44707772 1.85505748 -0.19679745
v 0.44707772 1.85505748 -0.19679745
v 0.44707772 1.85505748 -0.19679745
v 0.35844478 1.83619165 -0.32098070
v 0.35844478 1.83619165 -0.32098070
v 0.35844478 1.83619165 -0.32098070
v 0.42701033 1.88676071 -0.23783298
v 0.42701033 1.88676071 -0.23783298
v 0.42701033 1.88676071 -0.23783298
v 0.42701033 1.88676071 -0.23783298
v 0.41551656 1.88676071 -0.25915056
v 0.41551656 1.88676071 -0.25915056
v 0.41551656 1.88676071 -0.25915056
v 0.41551656 1.88676071 -0.25915056
v 0.41551656 1.88676071 -0.25915056
v 0.41551656 1.88676071 -0.25915056
v 0.41551656 1.88676071 -0.25915056
v 0.40521419 1.88676071 -0.27502337
v 0.40521419 1.88676071 -0.27502337
v 0.40521419 1.88676071 -0.27502337
v 0.40521419 1.88676071 -0.27502337
v 0.40521419 1.88676071 -0.27502337
v 0.38935181 1.88676071 -0.29578725
v 0.38935181 1.88676071 -0.29578725
v 0.38935181 1.88676071 -0.29578725
v 0.38935181 1.88676071 -0.29578725
v 0.38935181 1.88676071 -0.29578725
v 0.38935181 1.88676071 -0.29578725
v 0.38935181 1.88676071 -0.29578725
v 0.37573218 1.88676071 -0.31162927
v 0.37573218 1.88676071 -0.31162927
v 0.37573218 1.88676071 -0.31162927
v 0.37573218 1.88676071 -0.31162927
v 0.36767250 1.88676071 -0.32098070
v 0.36767250 1.88676071 -0.32098070
v 0.36767250 1.88676071 -0.32098070
v 0.36767250 1.88676071 -0.32098070
v 0.36206579 1.90107214 -0.32098070
v 0.36206579 1.90107214 -0.32098070
v 0.36206579 1.90107214 -0.32098070
v 0.41479233 1.83619165 -0.24715365
v 0.41479233 1.83619165 -0.24715365
v 0.41479233 1.83619165 -0.24715365
v 0.40418628 1.85505748 -0.27296236
v 0.40418628 1.85505748 -0.27296236
v 0.40418628 1.85505748 -0.27296236
v 0.40418628 1.85505748 -0.27296236
v 0.40418628 1.85505748 -0.27296236
v 0.41437185 1.85505748 -0.25708953
v 0.41437185 1.85505748 -0.25708953
v 0.41437185 1.85505748 -0.25708953
v 0.41437185 1.85505748 -0.25708953
v 0.42530495 1.85505748 -0.23783298
v 0.42530495 1.85505748 -0.23783298
v 0.42530495 1.85505748 -0.23783298
v 0.42530495 1.85505748 -0.23783298
v 0.40927908 1.83619165 -0.25665888
v 0.40927908 1.83619165 -0.25665888
v 0.40927908 1.83619165 -0.25665888
v 0.38524026 1.83619165 -0.29144990
v 0.38524026 1.83619165 -0.29144990
v 0.38524026 1.83619165 -0.29144990
v 0.38524026 1.83619165 -0.29144990
v 0.38524026 1.83619165 -0.29144990
v 0.38524026 1.83619165 -0.29144990
v 0.38834730 1.85505748 -0.29507971
v 0.38834730 1.85505748 -0.29507971
v 0.38834730 1.85505748 -0.29507971
v 0.38834730 1.85505748 -0.29507971
v 0.38834730 1.85505748 -0.29507971
v 0.38834730 1.85505748 -0.29507971
v 0.36680812 1.85505748 -0.32098070
v 0.36680812 1.85505748 -0.32098070
v 0.36680812 1.85505748 -0.32098070
v 0.36680812 1.85505748 -0.32098070
v 0.36680812 1.85505748 -0.32098070
v 0.36680812 1.85505748 -0.32098070
v 0.38404882 1.83619165 -0.29289564
v 0.38404882 1.83619165 -0.29289564
v 0.38404882 1.83619165 -0.29289564
v 0.38404882 1.83619165 -0.29289564
v 0.38404882 1.83619165 -0.29289564
v 0.37538177 1.85505748 -0.31092179
v 0.37538177 1.85505748 -0.31092179
v 0.37538177 1.85505748 -0.31092179
v 0.37538177 1.85505748 -0.31092179
v 0.37538177 1.85505748 -0.31092179
v 0.16178851 0.06458056 -0.29713628
v 0.16178851 0.06458056 -0.29713628
v 0.16178851 0.06458056 -0.29713628
v 0.16178851 0.06458056 -0.29713628
v 0.20327860 0.01016215 -0.29713628
v 0.20327860 0.01016215 -0.29713628
v 0.20327860 0.01016215 -0.29713628
v 0.20327860 0.01016215 -0.29713628
v 0.31848565 0.01047838 -0.16990250
v 0.31848565 0.01047838 -0.16990250
v 0.31848565 0.01047838 -0.16990250
v 0.31848565 0.01047838 -0.16990250
v 0.31848565 0.01047838 -0.16990250
v 0.29309285 0.06458056 -0.16990250
v 0.29309285 0.06458056 -0.16990250
v 0.29309285 0.06458056 -0.16990250
v 0.42776558 0.06458056 -0.29713628
v 0.42776558 0.06458056 -0.29713628
v 0.42776558 0.06458056 -0.29713628
v 0.21377258 -0.00293526 -0.29713628
v 0.21377258 -0.00293526 -0.29713628
v 0.21377258 -0.00293526 -0.29713628
v 0.21377258 -0.00293526 -0.29713628
v 0.21377258 -0.00293526 -0.29713628
v 0.31456661 -0.00251101 -0.18542065
v 0.31456661 -0.00251101 -0.18542065
v 0.31456661 -0.00251101 -0.18542065
v 0.31456661 -0.00251101 -0.18542065
v 0.33328736 -0.00774850 -0.16990250
v 0.33328736 -0.00774850 -0.16990250
v 0.33328736 -0.00774850 -0.16990250
v 0.33328736 -0.00774850 -0.16990250
v 0.49267280 0.06458056 -0.16990250
v 0.49267280 0.06458056 -0.16990250
v 0.49267280 0.06458056 -0.16990250
v 0.49267280 0.06458056 -0.16990250
v 0.44078588 0.06458056 -0.28044742
v 0.44078588 0.06458056 -0.28044742
v 0.44078588 0.06458056 -0.28044742
v 0.44078588 0.06458056 -0.28044742
v 0.44078588 0.06458056 -0.28044742
v 0.44078588 0.06458056 -0.28044742
v 0.42582226 0.06321528 -0.29713628
v 0.42582226 0.06321528 -0.29713628
v 0.42582226 0.06321528 -0.29713628
v 0.23602371 -0.00968455 -0.29713628
v 0.23602371 -0.00968455 -0.29713628
v 0.23602371 -0.00968455 -0.29713628
v 0.23602371 -0.00968455 -0.29713628
v 0.33681777 -0.00897486 -0.16990250
v 0.33681777 -0.00897486 -0.16990250
v 0.33681777 -0.00897486 -0.16990250
v 0.33681777 -0.00897486 -0.16990250
v 0.33681777 -0.00897486 -0.16990250
v 0.48405737 0.05780042 -0.16990250
v 0.48405737 0.05780042 -0.16990250
v 0.48405737 0.05780042 -0.16990250
v 0.48331243 0.05829407 -0.17444834
v 0.48331243 0.05829407 -0.17444834
v 0.48331243 0.05829407 -0.17444834
v 0.48331243 0.05829407 -0.17444834
v 0.48331243 0.05829407 -0.17444834
v 0.49128008 0.06458056 -0.17444834
v 0.49128008 0.06458056 -0.17444834
v 0.49128008 0.06458056 -0.17444834
v 0.49128008 0.06458056 -0.17444834
v 0.41995987 0.05913486 -0.29713628
v 0.41995987 0.05913486 -0.29713628
v 0.41995987 0.05913486 -0.29713628
v 0.41995987 0.05913486 -0.29713628
v 0.41995987 0.05913486 -0.29713628
v 0.44240534 0.06458056 -0.27769503
v 0.44240534 0.06458056 -0.27769503
v 0.44240534 0.06458056 -0.27769503
v 0.44240534 0.06458056 -0.27769503
v 0.44240534 0.06458056 -0.27769503
v 0.44240534 0.06458056 -0.27769503
v 0.37882608 0.00125312 -0.21905987
v 0.37882608 0.00125312 -0.21905987
v 0.37882608 0.00125312 -0.21905987
v 0.37882608 0.00125312 -0.21905987
v 0.37882608 0.00125312 -0.21905987
v 0.35123077 -0.00165480 -0.25670943
v 0.35123077 -0.00165480 -0.25670943
v 0.35123077 -0.00165480 -0.25670943
v 0.35123077 -0.00165480 -0.25670943
v 0.35123077 -0.00165480 -0.25670943
v 0.35123077 -0.00165480 -0.25670943
v 0.27378908 -0.01401185 -0.29713628
v 0.27378908 -0.01401185 -0.29713628
v 0.27378908 -0.01401185 -0.29713628
v 0.27378908 -0.01401185 -0.29713628
v 0.27378908 -0.01401185 -0.29713628
v 0.33302826 -0.01393462 -0.20615715
v 0.33302826 -0.01393462 -0.20615715
v 0.33302826 -0.01393462 -0.20615715
v 0.33302826 -0.01393462 -0.20615715
v 0.36473691 -0.01422006 -0.16990250
v 0.36473691 -0.01422006 -0.16990250
v 0.36473691 -0.01422006 -0.16990250
v 0.36473691 -0.01422006 -0.16990250
v 0.36473691 -0.01422006 -0.16990250
v 0.36473691 -0.01422006 -0.16990250
v 0.40752259 0.00358257 -0.16990250
v 0.40752259 0.00358257 -0.16990250
v 0.40752259 0.00358257 -0.16990250
v 0.40752259 0.00358257 -0.16990250
v 0.40752259 0.00358257 -0.16990250
v 0.40752259 0.00358257 -0.16990250
v 0.40752259 0.00358257 -0.16990250
v 0.47893992 0.06119435 -0.19832335
v 0.47893992 0.06119435 -0.19832335
v 0.47893992 0.06119435 -0.19832335
v 0.47893992 0.06119435 -0.19832335
v 0.47893992 0.06119435 -0.19832335
v 0.47498849 0.06458056 -0.21920933
v 0.47498849 0.06458056 -0.21920933
v 0.47498849 0.06458056 -0.21920933
v 0.47498849 0.06458056 -0.21920933
v 0.32114154 -0.00236449 -0.29007465
v 0.32114154 -0.00236449 -0.29007465
v 0.32114154 -0.00236449 -0.29007465
v 0.32114154 -0.00236449 -0.29007465
v 0.32114154 -0.00236449 -0.29007465
v 0.31790268 -0.00044387 -0.29713628
v 0.31790268 -0.00044387 -0.29713628
v 0.31790268 -0.00044387 -0.29713628
v 0.47414637 0.06458056 -0.22087820
v 0.47414637 0.06458056 -0.22087820
v 0.47414637 0.06458056 -0.22087820
v 0.47453505 0.06424890 -0.21947086
v 0.47453505 0.06424890 -0.21947086
v 0.47453505 0.06424890 -0.21947086
v 0.47453505 0.06424890 -0.21947086
v 0.47453505 0.06424890 -0.21947086
v 0.47453505 0.06424890 -0.21947086
v 0.47453505 0.06424890 -0.21947086
v 0.44742560 0.06129465 -0.25994757
v 0.44742560 0.06129465 -0.25994757
v 0.44742560 0.06129465 -0.25994757
v 0.38472083 -0.00281959 -0.19791237
v 0.38472083 -0.00281959 -0.19791237
v 0.38472083 -0.00281959 -0.19791237
v 0.38472083 -0.00281959 -0.19791237
v 0.38472083 -0.00281959 -0.19791237
v 0.38472083 -0.00281959 -0.19791237
v 0.38472083 -0.00281959 -0.19791237
v 0.35725510 -0.00493311 -0.23785351
v 0.35725510 -0.00493311 -0.23785351
v 0.35725510 -0.00493311 -0.23785351
v 0.35725510 -0.00493311 -0.23785351
v 0.35725510 -0.00493311 -0.23785351
v 0.35725510 -0.00493311 -0.23785351
v 0.35725510 -0.00493311 -0.23785351
v 0.33221853 -0.00570438 -0.26819235
v 0.33221853 -0.00570438 -0.26819235
v 0.33221853 -0.00570438 -0.26819235
v 0.33221853 -0.00570438 -0.26819235
v 0.33221853 -0.00570438 -0.26819235
v 0.33221853 -0.00570438 -0.26819235
v 0.30112526 -0.00717773 -0.29713628
v 0.30112526 -0.00717773 -0.29713628
v 0.30112526 -0.00717773 -0.29713628
v 0.30112526 -0.00717773 -0.29713628
v 0.30135196 -0.01400414 -0.26956230
v 0.30135196 -0.01400414 -0.26956230
v 0.30135196 -0.01400414 -0.26956230
v 0.30135196 -0.01400414 -0.26956230
v 0.30135196 -0.01400414 -0.26956230
v 0.36473691 -0.01414295 -0.17444834
v 0.36473691 -0.01414295 -0.17444834
v 0.36473691 -0.01414295 -0.17444834
v 0.36473691 -0.01414295 -0.17444834
v 0.36473691 -0.01414295 -0.17444834
v 0.36473691 -0.01414295 -0.17444834
v 0.36473691 -0.01414295 -0.17444834
v 0.36978957 -0.01317878 -0.16990250
v 0.36978957 -0.01317878 -0.16990250
v 0.36978957 -0.01317878 -0.16990250
v 0.39184636 -0.00629068 -0.16990250
v 0.39184636 -0.00629068 -0.16990250
v 0.39184636 -0.00629068 -0.16990250
v 0.39184636 -0.00629068 -0.16990250
v 0.39061558 -0.00605922 -0.17444834
v 0.39061558 -0.00605922 -0.17444834
v 0.39061558 -0.00605922 -0.17444834
v 0.39061558 -0.00605922 -0.17444834
v 0.39061558 -0.00605922 -0.17444834
v 0.39061558 -0.00605922 -0.17444834
v 0.30805647 -0.00489455 -0.29713628
v 0.30805647 -0.00489455 -0.29713628
v 0.30805647 -0.00489455 -0.29713628
v 0.30805647 -0.00489455 -0.29713628
v 0.33302826 -0.01315565 -0.23785351
v 0.33302826 -0.01315565 -0.23785351
v 0.33302826 -0.01315565 -0.23785351
v 0.33302826 -0.01315565 -0.23785351
v 0.33302826 -0.01315565 -0.23785351
v 0.33302826 -0.01315565 -0.23785351
v 0.33302826 -0.01315565 -0.23785351
v 0.36684218 -0.00804925 -0.20755205
v 0.36684218 -0.00804925 -0.20755205
v 0.36684218 -0.00804925 -0.20755205
v 0.36684218 -0.00804925 -0.20755205
v 0.30465561 -0.00618261 -0.29713628
v 0.30465561 -0.00618261 -0.29713628
v 0.30465561 -0.00618261 -0.29713628
v 0.30465561 -0.00618261 -0.29713628
v 0.29310137 0.06458056 -0.16990250
v 0.29310137 0.06458056 -0.16990250
v 0.29310137 0.06458056 -0.16990250
v 0.31848896 0.01047634 -0.16990250
v 0.31848896 0.01047634 -0.16990250
v 0.31848896 0.01047634 -0.16990250
v 0.31848896 0.01047634 -0.16990250
v 0.31848896 0.01047634 -0.16990250
v 0.33359581 0.06458056 0.00163287
v 0.33359581 0.06458056 0.00163287
v 0.33359581 0.06458056 0.00163287
v 0.33359581 0.06458056 0.00163287
v 0.49265546 0.06458056 -0.16990250
v 0.49265546 0.06458056 -0.16990250
v 0.49265546 0.06458056 -0.16990250
v 0.33330399 -0.00774272 -0.16990250
v 0.33330399 -0.00774272 -0.16990250
v 0.33330399 -0.00774272 -0.16990250
v 0.37168840 -0.00763215 0.00163287
v 0.37168840 -0.00763215 0.00163287
v 0.37168840 -0.00763215 0.00163287
v 0.37168840 -0.00763215 0.00163287
v 0.37168840 -0.00763215 0.00163287
v 0.35839978 0.01585672 0.00163287
v 0.35839978 0.01585672 0.00163287
v 0.35839978 0.01585672 0.00163287
v 0.52239776 0.06458056 0.00163287
v 0.52239776 0.06458056 0.00163287
v 0.52239776 0.06458056 0.00163287
v 0.52239776 0.06458056 0.00163287
v 0.50264436 0.06458056 -0.14271811
v 0.50264436 0.06458056 -0.14271811
v 0.50264436 0.06458056 -0.14271811
v 0.50264436 0.06458056 -0.14271811
v 0.49090460 0.06318211 -0.16990250
v 0.49090460 0.06318211 -0.16990250
v 0.49090460 0.06318211 -0.16990250
v 0.33685061 -0.00897520 -0.16990250
v 0.33685061 -0.00897520 -0.16990250
v 0.33685061 -0.00897520 -0.16990250
v 0.33685061 -0.00897520 -0.16990250
v 0.33685061 -0.00897520 -0.16990250
v 0.39646992 -0.01594370 0.00163287
v 0.39646992 -0.01594370 0.00163287
v 0.39646992 -0.01594370 0.00163287
v 0.39646992 -0.01594370 0.00163287
v 0.39646992 -0.01594370 0.00163287
v 0.51478821 0.05841009 0.00163287
v 0.51478821 0.05841009 0.00163287
v 0.51478821 0.05841009 0.00163287
v 0.51478821 0.05841009 0.00163287
v 0.51474333 0.05841797 -0.01589678
v 0.51474333 0.05841797 -0.01589678
v 0.51474333 0.05841797 -0.01589678
v 0.51474333 0.05841797 -0.01589678
v 0.51474333 0.05841797 -0.01589678
v 0.52233040 0.06458056 -0.01589678
v 0.52233040 0.06458056 -0.01589678
v 0.52233040 0.06458056 -0.01589678
v 0.52233040 0.06458056 -0.01589678
v 0.48408067 0.05780173 -0.16990250
v 0.48408067 0.05780173 -0.16990250
v 0.48408067 0.05780173 -0.16990250
v 0.48408067 0.05780173 -0.16990250
v 0.48408067 0.05780173 -0.16990250
v 0.48408067 0.05780173 -0.16990250
v 0.48408067 0.05780173 -0.16990250
v 0.50603390 0.06458056 -0.13313054
v 0.50603390 0.06458056 -0.13313054
v 0.50603390 0.06458056 -0.13313054
v 0.50603390 0.06458056 -0.13313054
v 0.36475226 -0.01421349 -0.16990250
v 0.36475226 -0.01421349 -0.16990250
v 0.36475226 -0.01421349 -0.16990250
v 0.36475226 -0.01421349 -0.16990250
v 0.36475226 -0.01421349 -0.16990250
v 0.36475226 -0.01421349 -0.16990250
v 0.36475226 -0.01467164 -0.14271811
v 0.36475226 -0.01467164 -0.14271811
v 0.36475226 -0.01467164 -0.14271811
v 0.36475226 -0.01467164 -0.14271811
v 0.39646992 -0.01613332 -0.04761471
v 0.39646992 -0.01613332 -0.04761471
v 0.39646992 -0.01613332 -0.04761471
v 0.39646992 -0.01613332 -0.04761471
v 0.39646992 -0.01613332 -0.04761471
v 0.39646992 -0.01613332 -0.04761471
v 0.39646992 -0.01613332 -0.04761471
v 0.39646992 -0.01613332 -0.04761471
v 0.41216040 -0.01173264 0.00163287
v 0.41216040 -0.01173264 0.00163287
v 0.41216040 -0.01173264 0.00163287
v 0.44075793 0.00275733 0.00163287
v 0.44075793 0.00275733 0.00163287
v 0.44075793 0.00275733 0.00163287
v 0.44075793 0.00275733 0.00163287
v 0.44075793 0.00275733 -0.01589678
v 0.44075793 0.00275733 -0.01589678
v 0.44075793 0.00275733 -0.01589678
v 0.44075793 0.00275733 -0.01589678
v 0.44075793 0.00275733 -0.01589678
v 0.44075793 0.00275733 -0.01589678
v 0.51330668 0.05926334 -0.04761471
v 0.51330668 0.05926334 -0.04761471
v 0.51330668 0.05926334 -0.04761471
v 0.51330668 0.05926334 -0.04761471
v 0.51330668 0.05926334 -0.04761471
v 0.51330668 0.05926334 -0.04761471
v 0.51945716 0.06458056 -0.04761471
v 0.51945716 0.06458056 -0.04761471
v 0.51945716 0.06458056 -0.04761471
v 0.51945716 0.06458056 -0.04761471
v 0.50717866 0.06360880 -0.12592725
v 0.50717866 0.06360880 -0.12592725
v 0.50717866 0.06360880 -0.12592725
v 0.50717866 0.06360880 -0.12592725
v 0.50717866 0.06360880 -0.12592725
v 0.50717866 0.06360880 -0.12592725
v 0.50717866 0.06360880 -0.12592725
v 0.41456223 -0.00181720 -0.13397007
v 0.41456223 -0.00181720 -0.13397007
v 0.41456223 -0.00181720 -0.13397007
v 0.41456223 -0.00181720 -0.13397007
v 0.41456223 -0.00181720 -0.13397007
v 0.41097072 0.00097177 -0.15510976
v 0.41097072 0.00097177 -0.15510976
v 0.41097072 0.00097177 -0.15510976
v 0.41097072 0.00097177 -0.15510976
v 0.40755874 0.00358688 -0.16990250
v 0.40755874 0.00358688 -0.16990250
v 0.40755874 0.00358688 -0.16990250
v 0.50827855 0.06458056 -0.12513809
v 0.50827855 0.06458056 -0.12513809
v 0.50827855 0.06458056 -0.12513809
v 0.36980286 -0.01317844 -0.16990250
v 0.36980286 -0.01317844 -0.16990250
v 0.36980286 -0.01317844 -0.16990250
v 0.39646992 -0.01298089 -0.11101697
v 0.39646992 -0.01298089 -0.11101697
v 0.39646992 -0.01298089 -0.11101697
v 0.39646992 -0.01298089 -0.11101697
v 0.39646992 -0.01298089 -0.11101697
v 0.39646992 -0.01298089 -0.11101697
v 0.39646992 -0.01298089 -0.11101697
v 0.39646992 -0.01539857 -0.07931584
v 0.39646992 -0.01539857 -0.07931584
v 0.39646992 -0.01539857 -0.07931584
v 0.39646992 -0.01539857 -0.07931584
v 0.39646992 -0.01539857 -0.07931584
v 0.42369816 -0.00804301 -0.04761471
v 0.42369816 -0.00804301 -0.04761471
v 0.42369816 -0.00804301 -0.04761471
v 0.42369816 -0.00804301 -0.04761471
v 0.42369816 -0.00804301 -0.04761471
v 0.42369816 -0.00804301 -0.04761471
v 0.42369816 -0.00804301 -0.04761471
v 0.42491031 -0.00833526 -0.01589678
v 0.42491031 -0.00833526 -0.01589678
v 0.42491031 -0.00833526 -0.01589678
v 0.42491031 -0.00833526 -0.01589678
v 0.42491031 -0.00833526 -0.01589678
v 0.42488787 -0.00831156 0.00163287
v 0.42488787 -0.00831156 0.00163287
v 0.42488787 -0.00831156 0.00163287
v 0.42488787 -0.00831156 0.00163287
v 0.51157832 0.06035368 -0.07931584
v 0.51157832 0.06035368 -0.07931584
v 0.51157832 0.06035368 -0.07931584
v 0.51157832 0.06035368 -0.07931584
v 0.51157832 0.06035368 -0.07931584
v 0.51157832 0.06035368 -0.07931584
v 0.51611257 0.06458056 -0.07931584
v 0.51611257 0.06458056 -0.07931584
v 0.51611257 0.06458056 -0.07931584
v 0.51611257 0.06458056 -0.07931584
v 0.51204967 0.06458056 -0.10634912
v 0.51204967 0.06458056 -0.10634912
v 0.51204967 0.06458056 -0.10634912
v 0.51204967 0.06458056 -0.10634912
v 0.50960296 0.06175213 -0.10478757
v 0.50960296 0.06175213 -0.10478757
v 0.50960296 0.06175213 -0.10478757
v 0.50960296 0.06175213 -0.10478757
v 0.50960296 0.06175213 -0.10478757
v 0.50960296 0.06175213 -0.10478757
v 0.41806397 -0.00451136 -0.11101697
v 0.41806397 -0.00451136 -0.11101697
v 0.41806397 -0.00451136 -0.11101697
v 0.41806397 -0.00451136 -0.11101697
v 0.41806397 -0.00451136 -0.11101697
v 0.41806397 -0.00451136 -0.11101697
v 0.41806397 -0.00451136 -0.11101697
v 0.39186829 -0.00629692 -0.16990250
v 0.39186829 -0.00629692 -0.16990250
v 0.39186829 -0.00629692 -0.16990250
v 0.39186829 -0.00629692 -0.16990250
v 0.39186829 -0.00629692 -0.16990250
v 0.39186829 -0.00629692 -0.16990250
v 0.39186829 -0.00629692 -0.16990250
v 0.39884931 -0.00765585 -0.14380951
v 0.39884931 -0.00765585 -0.14380951
v 0.39884931 -0.00765585 -0.14380951
v 0.42170036 -0.00704743 -0.07931584
v 0.42170036 -0.00704743 -0.07931584
v 0.42170036 -0.00704743 -0.07931584
v 0.42170036 -0.00704743 -0.07931584
v 0.42170036 -0.00704743 -0.07931584
v 0.42170036 -0.00704743 -0.07931584
v -0.27302846 1.84138525 -0.30428621
v -0.27302846 1.84138525 -0.30428621
v -0.27302846 1.84138525 -0.30428621
v -0.27302846 1.84138525 -0.30428621
v -0.27302846 1.84138525 -0.30428621
v -0.27302846 1.84138525 -0.30428621
v -0.37310210 1.84138525 -0.30428621
v -0.37310210 1.84138525 -0.30428621
v -0.37310210 1.84138525 -0.30428621
v -0.30475032 1.88289464 -0.30428621
v -0.30475032 1.88289464 -0.30428621
v -0.30475032 1.88289464 -0.30428621
v -0.44300494 1.90363562 -0.00675431
v -0.44300494 1.90363562 -0.00675431
v -0.44300494 1.90363562 -0.00675431
v -0.44300494 1.90363562 -0.00675431
v -0.44300494 1.90363562 -0.00675431
v -0.44300494 1.90363562 -0.00675431
v -0.44300494 1.90363562 -0.00675431
v -0.44300494 1.90363562 -0.00675431
v -0.40140319 1.84138525 -0.00675431
v -0.40140319 1.84138525 -0.00675431
v -0.40140319 1.84138525 -0.00675431
v -0.38072979 1.85505927 -0.30428621
v -0.38072979 1.85505927 -0.30428621
v -0.38072979 1.85505927 -0.30428621
v -0.38072979 1.85505927 -0.30428621
v -0.38072979 1.85505927 -0.30428621
v -0.38597780 1.84138525 -0.29246181
v -0.38597780 1.84138525 -0.29246181
v -0.38597780 1.84138525 -0.29246181
v -0.38597780 1.84138525 -0.29246181
v -0.38597780 1.84138525 -0.29246181
v -0.30489907 1.88308668 -0.30428621
v -0.30489907 1.88308668 -0.30428621
v -0.30489907 1.88308668 -0.30428621
v -0.30489907 1.88308668 -0.30428621
v -0.44776428 1.90560484 -0.00675431
v -0.44776428 1.90560484 -0.00675431
v -0.44776428 1.90560484 -0.00675431
v -0.31930456 1.89918971 -0.30428621
v -0.31930456 1.89918971 -0.30428621
v -0.31930456 1.89918971 -0.30428621
v -0.33181909 1.90789640 -0.30428621
v -0.33181909 1.90789640 -0.30428621
v -0.33181909 1.90789640 -0.30428621
v -0.33181909 1.90789640 -0.30428621
v -0.33273271 1.90833545 -0.30428621
v -0.33273271 1.90833545 -0.30428621
v -0.33273271 1.90833545 -0.30428621
v -0.33273271 1.90833545 -0.30428621
v -0.33273271 1.90833545 -0.30428621
v -0.33273271 1.90833545 -0.30428621
v -0.33273271 1.90833545 -0.30428621
v -0.48526534 1.84138525 -0.00675431
v -0.48526534 1.84138525 -0.00675431
v -0.48526534 1.84138525 -0.00675431
v -0.38140970 1.86902153 -0.30428621
v -0.38140970 1.86902153 -0.30428621
v -0.38140970 1.86902153 -0.30428621
v -0.38823000 1.85505927 -0.29508299
v -0.38823000 1.85505927 -0.29508299
v -0.38823000 1.85505927 -0.29508299
v -0.38823000 1.85505927 -0.29508299
v -0.38823000 1.85505927 -0.29508299
v -0.38920739 1.88675737 -0.29578197
v -0.38920739 1.88675737 -0.29578197
v -0.38920739 1.88675737 -0.29578197
v -0.38920739 1.88675737 -0.29578197
v -0.38920739 1.88675737 -0.29578197
v -0.38920739 1.88675737 -0.29578197
v -0.38920739 1.88675737 -0.29578197
v -0.38920739 1.88675737 -0.29578197
v -0.39139581 1.84138525 -0.28488955
v -0.39139581 1.84138525 -0.28488955
v -0.39139581 1.84138525 -0.28488955
v -0.40408033 1.85505927 -0.27294865
v -0.40408033 1.85505927 -0.27294865
v -0.40408033 1.85505927 -0.27294865
v -0.40408033 1.85505927 -0.27294865
v -0.40408033 1.85505927 -0.27294865
v -0.40408033 1.85505927 -0.27294865
v -0.40408033 1.85505927 -0.27294865
v -0.45970511 1.91048980 -0.00675431
v -0.45970511 1.91048980 -0.00675431
v -0.45970511 1.91048980 -0.00675431
v -0.45970511 1.91048980 -0.00675431
v -0.36349845 1.90988600 -0.30428621
v -0.36349845 1.90988600 -0.30428621
v -0.36349845 1.90988600 -0.30428621
v -0.36349845 1.90988600 -0.30428621
v -0.45970511 1.91147101 -0.04761544
v -0.45970511 1.91147101 -0.04761544
v -0.45970511 1.91147101 -0.04761544
v -0.45970511 1.91147101 -0.04761544
v -0.45970511 1.91147101 -0.04761544
v -0.45970511 1.91147101 -0.04761544
v -0.45970511 1.91147101 -0.04761544
v -0.45970511 1.91147101 -0.04761544
v -0.48953599 1.85505927 -0.00675431
v -0.48953599 1.85505927 -0.00675431
v -0.48953599 1.85505927 -0.00675431
v -0.48953599 1.85505927 -0.00675431
v -0.48526534 1.84138525 -0.01589928
v -0.48526534 1.84138525 -0.01589928
v -0.48526534 1.84138525 -0.01589928
v -0.38191965 1.88675737 -0.30428621
v -0.38191965 1.88675737 -0.30428621
v -0.38191965 1.88675737 -0.30428621
v -0.40505767 1.88675737 -0.27501646
v -0.40505767 1.88675737 -0.27501646
v -0.40505767 1.88675737 -0.27501646
v -0.40505767 1.88675737 -0.27501646
v -0.40505767 1.88675737 -0.27501646
v -0.41415140 1.90491176 -0.25719249
v -0.41415140 1.90491176 -0.25719249
v -0.41415140 1.90491176 -0.25719249
v -0.41415140 1.90491176 -0.25719249
v -0.41415140 1.90491176 -0.25719249
v -0.41415140 1.90491176 -0.25719249
v -0.41415140 1.90491176 -0.25719249
v -0.41415140 1.90491176 -0.25719249
v -0.41415140 1.90491176 -0.25719249
v -0.38612655 1.90712106 -0.29202494
v -0.38612655 1.90712106 -0.29202494
v -0.38612655 1.90712106 -0.29202494
v -0.38612655 1.90712106 -0.29202494
v -0.38612655 1.90712106 -0.29202494
v -0.38612655 1.90712106 -0.29202494
v -0.37956122 1.89440751 -0.30428621
v -0.37956122 1.89440751 -0.30428621
v -0.37956122 1.89440751 -0.30428621
v -0.37956122 1.89440751 -0.30428621
v -0.41285536 1.84138525 -0.25486261
v -0.41285536 1.84138525 -0.25486261
v -0.41285536 1.84138525 -0.25486261
v -0.41285536 1.84138525 -0.25486261
v -0.41421518 1.85505927 -0.25707603
v -0.41421518 1.85505927 -0.25707603
v -0.41421518 1.85505927 -0.25707603
v -0.41421518 1.85505927 -0.25707603
v -0.41421518 1.85505927 -0.25707603
v -0.41538376 1.88675737 -0.25917295
v -0.41538376 1.88675737 -0.25917295
v -0.41538376 1.88675737 -0.25917295
v -0.41538376 1.88675737 -0.25917295
v -0.41538376 1.88675737 -0.25917295
v -0.41538376 1.88675737 -0.25917295
v -0.41538376 1.88675737 -0.25917295
v -0.46622798 1.91025651 -0.00675431
v -0.46622798 1.91025651 -0.00675431
v -0.46622798 1.91025651 -0.00675431
v -0.36464578 1.90967345 -0.30428621
v -0.36464578 1.90967345 -0.30428621
v -0.36464578 1.90967345 -0.30428621
v -0.36464578 1.90967345 -0.30428621
v -0.36558065 1.90989292 -0.30207276
v -0.36558065 1.90989292 -0.30207276
v -0.36558065 1.90989292 -0.30207276
v -0.36558065 1.90989292 -0.30207276
v -0.36558065 1.90989292 -0.30207276
v -0.36558065 1.90989292 -0.30207276
v -0.45970511 1.91100442 -0.07933158
v -0.45970511 1.91100442 -0.07933158
v -0.45970511 1.91100442 -0.07933158
v -0.45970511 1.91100442 -0.07933158
v -0.45970511 1.91100442 -0.07933158
v -0.45970511 1.91100442 -0.07933158
v -0.48239699 1.90947437 -0.01589928
v -0.48239699 1.90947437 -0.01589928
v -0.48239699 1.90947437 -0.01589928
v -0.48239699 1.90947437 -0.01589928
v -0.48239699 1.90947437 -0.01589928
v -0.48239699 1.90946066 -0.00675431
v -0.48239699 1.90946066 -0.00675431
v -0.48239699 1.90946066 -0.00675431
v -0.48239699 1.90946066 -0.00675431
v -0.48239699 1.90946066 -0.00675431
v -0.49002466 1.88675737 -0.00675431
v -0.49002466 1.88675737 -0.00675431
v -0.49002466 1.88675737 -0.00675431
v -0.49006718 1.88675737 -0.01589928
v -0.49006718 1.88675737 -0.01589928
v -0.49006718 1.88675737 -0.01589928
v -0.49006718 1.88675737 -0.01589928
v -0.49006718 1.88675737 -0.01589928
v -0.49006718 1.88675737 -0.01589928
v -0.49006718 1.88675737 -0.01589928
v -0.49006718 1.88675737 -0.01589928
v -0.49006718 1.88675737 -0.01589928
v -0.48953599 1.85505927 -0.01589928
v -0.48953599 1.85505927 -0.01589928
v -0.48953599 1.85505927 -0.01589928
v -0.48953599 1.85505927 -0.01589928
v -0.48953599 1.85505927 -0.01589928
v -0.48953599 1.85505927 -0.01589928
v -0.48953599 1.85505927 -0.01589928
v -0.48411795 1.84138525 -0.03485907
v -0.48411795 1.84138525 -0.03485907
v -0.48411795 1.84138525 -0.03485907
v -0.39653763 1.90922737 -0.26846352
v -0.39653763 1.90922737 -0.26846352
v -0.39653763 1.90922737 -0.26846352
v -0.39653763 1.90922737 -0.26846352
v -0.39653763 1.90922737 -0.26846352
v -0.39653763 1.90922737 -0.26846352
v -0.42683592 1.88675737 -0.23785411
v -0.42683592 1.88675737 -0.23785411
v -0.42683592 1.88675737 -0.23785411
v -0.42683592 1.88675737 -0.23785411
v -0.43943542 1.88675737 -0.21330249
v -0.43943542 1.88675737 -0.21330249
v -0.43943542 1.88675737 -0.21330249
v -0.43943542 1.88675737 -0.21330249
v -0.43943542 1.88675737 -0.21330249
v -0.43943542 1.88675737 -0.21330249
v -0.44534212 1.90426683 -0.19378933
v -0.44534212 1.90426683 -0.19378933
v -0.44534212 1.90426683 -0.19378933
v -0.44534212 1.90426683 -0.19378933
v -0.44534212 1.90426683 -0.19378933
v -0.44534212 1.90426683 -0.19378933
v -0.44534212 1.90426683 -0.19378933
v -0.41888952 1.90821874 -0.23785411
v -0.41888952 1.90821874 -0.23785411
v -0.41888952 1.90821874 -0.23785411
v -0.41888952 1.90821874 -0.23785411
v -0.41888952 1.90821874 -0.23785411
v -0.41470388 1.84138525 -0.25162983
v -0.41470388 1.84138525 -0.25162983
v -0.41470388 1.84138525 -0.25162983
v -0.41470388 1.84138525 -0.25162983
v -0.41470388 1.84138525 -0.25162983
v -0.42513615 1.85505927 -0.23785411
v -0.42513615 1.85505927 -0.23785411
v -0.42513615 1.85505927 -0.23785411
v -0.42513615 1.85505927 -0.23785411
v -0.43894672 1.85505927 -0.21251614
v -0.43894672 1.85505927 -0.21251614
v -0.43894672 1.85505927 -0.21251614
v -0.43894672 1.85505927 -0.21251614
v -0.43894672 1.85505927 -0.21251614
v -0.43894672 1.85505927 -0.21251614
v -0.43894672 1.85505927 -0.21251614
v -0.45375594 1.90936458 -0.14273478
v -0.45375594 1.90936458 -0.14273478
v -0.45375594 1.90936458 -0.14273478
v -0.45375594 1.90936458 -0.14273478
v -0.45375594 1.90936458 -0.14273478
v -0.45375594 1.90936458 -0.14273478
v -0.48105842 1.90859616 -0.04761544
v -0.48105842 1.90859616 -0.04761544
v -0.48105842 1.90859616 -0.04761544
v -0.48105842 1.90859616 -0.04761544
v -0.48105842 1.90859616 -0.04761544
v -0.48783621 1.89328909 -0.00675431
v -0.48783621 1.89328909 -0.00675431
v -0.48783621 1.89328909 -0.00675431
v -0.47897619 1.90658581 -0.07933158
v -0.47897619 1.90658581 -0.07933158
v -0.47897619 1.90658581 -0.07933158
v -0.47897619 1.90658581 -0.07933158
v -0.47897619 1.90658581 -0.07933158
v -0.47897619 1.90658581 -0.07933158
v -0.48732629 1.88675737 -0.04761544
v -0.48732629 1.88675737 -0.04761544
v -0.48732629 1.88675737 -0.04761544
v -0.48732629 1.88675737 -0.04761544
v -0.48732629 1.88675737 -0.04761544
v -0.48732629 1.88675737 -0.04761544
v -0.48732629 1.88675737 -0.04761544
v -0.48675263 1.85505927 -0.04761544
v -0.48675263 1.85505927 -0.04761544
v -0.48675263 1.85505927 -0.04761544
v -0.48675263 1.85505927 -0.04761544
v -0.48675263 1.85505927 -0.04761544
v -0.48112214 1.84138525 -0.06916728
v -0.48112214 1.84138525 -0.06916728
v -0.48112214 1.84138525 -0.06916728
v -0.48112214 1.84138525 -0.06916728
v -0.44685066 1.85505927 -0.19667262
v -0.44685066 1.85505927 -0.19667262
v -0.44685066 1.85505927 -0.19667262
v -0.44685066 1.85505927 -0.19667262
v -0.44685066 1.85505927 -0.19667262
v -0.44685066 1.85505927 -0.19667262
v -0.44710562 1.88675737 -0.19742985
v -0.44710562 1.88675737 -0.19742985
v -0.44710562 1.88675737 -0.19742985
v -0.44710562 1.88675737 -0.19742985
v -0.44710562 1.88675737 -0.19742985
v -0.45581689 1.88675737 -0.17442180
v -0.45581689 1.88675737 -0.17442180
v -0.45581689 1.88675737 -0.17442180
v -0.45581689 1.88675737 -0.17442180
v -0.45581689 1.88675737 -0.17442180
v -0.45581689 1.88675737 -0.17442180
v -0.47697896 1.90433550 -0.10044657
v -0.47697896 1.90433550 -0.10044657
v -0.47697896 1.90433550 -0.10044657
v -0.47697896 1.90433550 -0.10044657
v -0.47697896 1.90433550 -0.10044657
v -0.47697896 1.90433550 -0.10044657
v -0.47697896 1.90433550 -0.10044657
v -0.47697896 1.90433550 -0.10044657
v -0.44880539 1.90718961 -0.17442180
v -0.44880539 1.90718961 -0.17442180
v -0.44880539 1.90718961 -0.17442180
v -0.44880539 1.90718961 -0.17442180
v -0.44880539 1.90718961 -0.17442180
v -0.44540584 1.84138525 -0.19361459
v -0.44540584 1.84138525 -0.19361459
v -0.44540584 1.84138525 -0.19361459
v -0.44540584 1.84138525 -0.19361459
v -0.48318312 1.88675737 -0.07933158
v -0.48318312 1.88675737 -0.07933158
v -0.48318312 1.88675737 -0.07933158
v -0.48318312 1.88675737 -0.07933158
v -0.48318312 1.88675737 -0.07933158
v -0.48267320 1.85505927 -0.07933158
v -0.48267320 1.85505927 -0.07933158
v -0.48267320 1.85505927 -0.07933158
v -0.48267320 1.85505927 -0.07933158
v -0.48267320 1.85505927 -0.07933158
v -0.48267320 1.85505927 -0.07933158
v -0.47802007 1.84138525 -0.09497124
v -0.47802007 1.84138525 -0.09497124
v -0.47802007 1.84138525 -0.09497124
v -0.47802007 1.84138525 -0.09497124
v -0.44731808 1.84138525 -0.18877999
v -0.44731808 1.84138525 -0.18877999
v -0.44731808 1.84138525 -0.18877999
v -0.44731808 1.84138525 -0.18877999
v -0.44731808 1.84138525 -0.18877999
v -0.45562568 1.85505927 -0.17442180
v -0.45562568 1.85505927 -0.17442180
v -0.45562568 1.85505927 -0.17442180
v -0.45562568 1.85505927 -0.17442180
v -0.45562568 1.85505927 -0.17442180
v -0.46646169 1.85505927 -0.14273478
v -0.46646169 1.85505927 -0.14273478
v -0.46646169 1.85505927 -0.14273478
v -0.46646169 1.85505927 -0.14273478
v -0.46646169 1.85505927 -0.14273478
v -0.46646169 1.85505927 -0.14273478
v -0.47319701 1.88675737 -0.12094995
v -0.47319701 1.88675737 -0.12094995
v -0.47319701 1.88675737 -0.12094995
v -0.47319701 1.88675737 -0.12094995
v -0.47319701 1.88675737 -0.12094995
v -0.47814754 1.88675737 -0.10510642
v -0.47814754 1.88675737 -0.10510642
v -0.47814754 1.88675737 -0.10510642
v -0.47814754 1.88675737 -0.10510642
v -0.47814754 1.88675737 -0.10510642
v -0.47793508 1.85505927 -0.10434920
v -0.47793508 1.85505927 -0.10434920
v -0.47793508 1.85505927 -0.10434920
v -0.47793508 1.85505927 -0.10434920
v -0.47793508 1.85505927 -0.10434920
v -0.47697896 1.84138525 -0.10053394
v -0.47697896 1.84138525 -0.10053394
v -0.47697896 1.84138525 -0.10053394
v -0.47697896 1.84138525 -0.10053394
v -0.47697896 1.84138525 -0.10053394
v -0.47697896 1.84138525 -0.10053394
v -0.47353694 1.85505927 -0.12019271
v -0.47353694 1.85505927 -0.12019271
v -0.47353694 1.85505927 -0.12019271
v -0.47353694 1.85505927 -0.12019271
v -0.47353694 1.85505927 -0.12019271
v -0.13870984 0.07140379 -0.50780725
v -0.13870984 0.07140379 -0.50780725
v -0.13870984 0.07140379 -0.50780725
v -0.13870984 0.07140379 -0.50780725
v -0.13870984 0.06676026 -0.50336790
v -0.13870984 0.06676026 -0.50336790
v -0.13870984 0.06676026 -0.50336790
v -0.14265320 0.06716188 -0.50290543
v -0.14265320 0.06716188 -0.50290543
v -0.14265320 0.06716188 -0.50290543
v -0.14265320 0.06716188 -0.50290543
v -0.14265320 0.06716188 -0.50290543
v -0.14265320 0.06716188 -0.50290543
v -0.14265320 0.06716188 -0.50290543
v -0.14265320 0.07140379 -0.50694400
v -0.14265320 0.07140379 -0.50694400
v -0.14265320 0.07140379 -0.50694400
v -0.13870984 0.07140379 -0.29838723
v -0.13870984 0.07140379 -0.29838723
v -0.13870984 0.07140379 -0.29838723
v -0.13870984 0.07140379 -0.29838723
v -0.13870984 -0.00095986 -0.41337863
v -0.13870984 -0.00095986 -0.41337863
v -0.13870984 -0.00095986 -0.41337863
v -0.13870984 -0.00095986 -0.41337863
v -0.13870984 -0.00095986 -0.41337863
v -0.13870984 -0.00095986 -0.41337863
v -0.13870984 -0.00095986 -0.41337863
v -0.17433839 0.05888718 -0.48234263
v -0.17433839 0.05888718 -0.48234263
v -0.17433839 0.05888718 -0.48234263
v -0.17433839 0.05888718 -0.48234263
v -0.17433839 0.05888718 -0.48234263
v -0.17305854 0.07140379 -0.49840444
v -0.17305854 0.07140379 -0.49840444
v -0.17305854 0.07140379 -0.49840444
v -0.17305854 0.07140379 -0.49840444
v -0.14926006 0.07140379 -0.50515592
v -0.14926006 0.07140379 -0.50515592
v -0.14926006 0.07140379 -0.50515592
v -0.26832163 0.07140379 -0.19286025
v -0.26832163 0.07140379 -0.19286025
v -0.26832163 0.07140379 -0.19286025
v -0.26832163 0.07140379 -0.19286025
v -0.31076458 -0.00327751 -0.19286025
v -0.31076458 -0.00327751 -0.19286025
v -0.31076458 -0.00327751 -0.19286025
v -0.31076458 -0.00327751 -0.19286025
v -0.13870984 -0.00568714 -0.34197915
v -0.13870984 -0.00568714 -0.34197915
v -0.13870984 -0.00568714 -0.34197915
v -0.13870984 -0.00568714 -0.34197915
v -0.13870984 -0.00482538 -0.40567142
v -0.13870984 -0.00482538 -0.40567142
v -0.13870984 -0.00482538 -0.40567142
v -0.13870984 -0.00482538 -0.40567142
v -0.17433839 -0.00576244 -0.39001039
v -0.17433839 -0.00576244 -0.39001039
v -0.17433839 -0.00576244 -0.39001039
v -0.17433839 -0.00576244 -0.39001039
v -0.17433839 -0.00576244 -0.39001039
v -0.17433839 -0.00576244 -0.39001039
v -0.17433839 -0.00576244 -0.39001039
v -0.15427573 0.00131584 -0.41044989
v -0.15427573 0.00131584 -0.41044989
v -0.15427573 0.00131584 -0.41044989
v -0.15427573 0.00131584 -0.41044989
v -0.19606142 0.06167331 -0.47827327
v -0.19606142 0.06167331 -0.47827327
v -0.19606142 0.06167331 -0.47827327
v -0.19606142 0.06167331 -0.47827327
v -0.19606142 0.06167331 -0.47827327
v -0.19606142 0.06167331 -0.47827327
v -0.19606142 0.06167331 -0.47827327
v -0.17399248 0.07140379 -0.49809614
v -0.17399248 0.07140379 -0.49809614
v -0.17399248 0.07140379 -0.49809614
v -0.17399248 0.07140379 -0.49809614
v -0.49205506 0.07140379 -0.19286025
v -0.49205506 0.07140379 -0.19286025
v -0.49205506 0.07140379 -0.19286025
v -0.49205506 0.07140379 -0.19286025
v -0.33238384 -0.01142668 -0.19286025
v -0.33238384 -0.01142668 -0.19286025
v -0.33238384 -0.01142668 -0.19286025
v -0.33238384 -0.01142668 -0.19286025
v -0.33238384 -0.01142668 -0.19286025
v -0.13870984 -0.01335104 -0.36432999
v -0.13870984 -0.01335104 -0.36432999
v -0.13870984 -0.01335104 -0.36432999
v -0.13870984 -0.01335104 -0.36432999
v -0.13870984 -0.01335104 -0.36432999
v -0.13870984 -0.00799629 -0.39818001
v -0.13870984 -0.00799629 -0.39818001
v -0.13870984 -0.00799629 -0.39818001
v -0.13870984 -0.00799629 -0.39818001
v -0.13870984 -0.00799629 -0.39818001
v -0.14327583 -0.00731858 -0.39848831
v -0.14327583 -0.00731858 -0.39848831
v -0.14327583 -0.00731858 -0.39848831
v -0.14327583 -0.00731858 -0.39848831
v -0.17433839 -0.01379446 -0.36469996
v -0.17433839 -0.01379446 -0.36469996
v -0.17433839 -0.01379446 -0.36469996
v -0.17433839 -0.01379446 -0.36469996
v -0.17433839 -0.01379446 -0.36469996
v -0.17433839 -0.01379446 -0.36469996
v -0.17433839 -0.01379446 -0.36469996
v -0.20778771 -0.00808838 -0.36707377
v -0.20778771 -0.00808838 -0.36707377
v -0.20778771 -0.00808838 -0.36707377
v -0.20778771 -0.00808838 -0.36707377
v -0.20778771 -0.00808838 -0.36707377
v -0.19837902 -0.00279225 -0.38436872
v -0.19837902 -0.00279225 -0.38436872
v -0.19837902 -0.00279225 -0.38436872
v -0.19837902 -0.00279225 -0.38436872
v -0.19837902 -0.00279225 -0.38436872
v -0.19837902 -0.00279225 -0.38436872
v -0.19837902 -0.00279225 -0.38436872
v -0.19837902 -0.00279225 -0.38436872
v -0.21719642 0.06509531 -0.47343314
v -0.21719642 0.06509531 -0.47343314
v -0.21719642 0.06509531 -0.47343314
v -0.21719642 0.06509531 -0.47343314
v -0.21719642 0.06509531 -0.47343314
v -0.21719642 0.06509531 -0.47343314
v -0.21719642 0.06509531 -0.47343314
v -0.17433839 0.07140379 -0.49797288
v -0.17433839 0.07140379 -0.49797288
v -0.17433839 0.07140379 -0.49797288
v -0.17433839 0.07140379 -0.49797288
v -0.48392621 0.07140379 -0.21382383
v -0.48392621 0.07140379 -0.21382383
v -0.48392621 0.07140379 -0.21382383
v -0.47437915 0.06424188 -0.21946549
v -0.47437915 0.06424188 -0.21946549
v -0.47437915 0.06424188 -0.21946549
v -0.47437915 0.06424188 -0.21946549
v -0.47437915 0.06424188 -0.21946549
v -0.47437915 0.06424188 -0.21946549
v -0.47437915 0.06424188 -0.21946549
v -0.47437915 0.06424188 -0.21946549
v -0.47437915 0.06424188 -0.21946549
v -0.47437915 0.06424188 -0.21946549
v -0.47437915 0.06424188 -0.21946549
v -0.47437915 0.06424188 -0.21946549
v -0.49181294 0.07116950 -0.19286025
v -0.49181294 0.07116950 -0.19286025
v -0.49181294 0.07116950 -0.19286025
v -0.49181294 0.07116950 -0.19286025
v -0.36576399 -0.01075736 -0.19286025
v -0.36576399 -0.01075736 -0.19286025
v -0.36576399 -0.01075736 -0.19286025
v -0.36576399 -0.01075736 -0.19286025
v -0.36576399 -0.01075736 -0.19286025
v -0.33286813 -0.01394506 -0.20617828
v -0.33286813 -0.01394506 -0.20617828
v -0.33286813 -0.01394506 -0.20617828
v -0.33286813 -0.01394506 -0.20617828
v -0.33286813 -0.01394506 -0.20617828
v -0.33286813 -0.01394506 -0.20617828
v -0.33286813 -0.01394506 -0.20617828
v -0.14265320 -0.01397851 -0.36469996
v -0.14265320 -0.01397851 -0.36469996
v -0.14265320 -0.01397851 -0.36469996
v -0.14265320 -0.01397851 -0.36469996
v -0.14265320 -0.01397851 -0.36469996
v -0.26946315 -0.01406220 -0.30128512
v -0.26946315 -0.01406220 -0.30128512
v -0.26946315 -0.01406220 -0.30128512
v -0.26946315 -0.01406220 -0.30128512
v -0.26946315 -0.01406220 -0.30128512
v -0.26946315 -0.01406220 -0.30128512
v -0.23777795 -0.01323390 -0.33300796
v -0.23777795 -0.01323390 -0.33300796
v -0.23777795 -0.01323390 -0.33300796
v -0.23777795 -0.01323390 -0.33300796
v -0.23777795 -0.01323390 -0.33300796
v -0.23777795 -0.01323390 -0.33300796
v -0.23777795 -0.00497598 -0.35730106
v -0.23777795 -0.00497598 -0.35730106
v -0.23777795 -0.00497598 -0.35730106
v -0.23777795 -0.00497598 -0.35730106
v -0.23777795 -0.00497598 -0.35730106
v -0.23777795 -0.00497598 -0.35730106
v -0.21951400 0.00095606 -0.37922031
v -0.21951400 0.00095606 -0.37922031
v -0.21951400 0.00095606 -0.37922031
v -0.21951400 0.00095606 -0.37922031
v -0.21951400 0.00095606 -0.37922031
v -0.25950098 0.06133866 -0.44713616
v -0.25950098 0.06133866 -0.44713616
v -0.25950098 0.06133866 -0.44713616
v -0.25950098 0.06133866 -0.44713616
v -0.25950098 0.06133866 -0.44713616
v -0.23777795 0.06967187 -0.46843883
v -0.23777795 0.06967187 -0.46843883
v -0.23777795 0.06967187 -0.46843883
v -0.23777795 0.06967187 -0.46843883
v -0.23777795 0.06967187 -0.46843883
v -0.23777795 0.06967187 -0.46843883
v -0.23777795 0.06967187 -0.46843883
v -0.22356112 0.07140379 -0.47679350
v -0.22356112 0.07140379 -0.47679350
v -0.22356112 0.07140379 -0.47679350
v -0.22356112 0.07140379 -0.47679350
v -0.21218075 0.07140379 -0.48203439
v -0.21218075 0.07140379 -0.48203439
v -0.21218075 0.07140379 -0.48203439
v -0.47835711 0.07140379 -0.22603203
v -0.47835711 0.07140379 -0.22603203
v -0.47835711 0.07140379 -0.22603203
v -0.47877216 0.06119639 -0.19834776
v -0.47877216 0.06119639 -0.19834776
v -0.47877216 0.06119639 -0.19834776
v -0.47877216 0.06119639 -0.19834776
v -0.48340738 0.06339684 -0.19286025
v -0.48340738 0.06339684 -0.19286025
v -0.48340738 0.06339684 -0.19286025
v -0.48340738 0.06339684 -0.19286025
v -0.47230369 0.07140379 -0.23787029
v -0.47230369 0.07140379 -0.23787029
v -0.47230369 0.07140379 -0.23787029
v -0.47230369 0.07140379 -0.23787029
v -0.46932888 0.06851730 -0.23787029
v -0.46932888 0.06851730 -0.23787029
v -0.46932888 0.06851730 -0.23787029
v -0.46932888 0.06851730 -0.23787029
v -0.46932888 0.06851730 -0.23787029
v -0.44127575 0.06523751 -0.28106144
v -0.44127575 0.06523751 -0.28106144
v -0.44127575 0.06523751 -0.28106144
v -0.44127575 0.06523751 -0.28106144
v -0.44127575 0.06523751 -0.28106144
v -0.44127575 0.06523751 -0.28106144
v -0.44127575 0.06523751 -0.28106144
v -0.44127575 0.06523751 -0.28106144
v -0.44127575 0.06523751 -0.28106144
v -0.44127575 0.06523751 -0.28106144
v -0.44127575 0.06523751 -0.28106144
v -0.44127575 0.06523751 -0.28106144
v -0.44127575 0.06523751 -0.28106144
v -0.44725996 0.06129681 -0.25991288
v -0.44725996 0.06129681 -0.25991288
v -0.44725996 0.06129681 -0.25991288
v -0.38454679 -0.00281732 -0.19788533
v -0.38454679 -0.00281732 -0.19788533
v -0.38454679 -0.00281732 -0.19788533
v -0.38454679 -0.00281732 -0.19788533
v -0.38454679 -0.00281732 -0.19788533
v -0.38454679 -0.00281732 -0.19788533
v -0.38454679 -0.00281732 -0.19788533
v -0.38921657 -0.00127785 -0.19286025
v -0.38921657 -0.00127785 -0.19286025
v -0.38921657 -0.00127785 -0.19286025
v -0.38921657 -0.00127785 -0.19286025
v -0.38921657 -0.00127785 -0.19286025
v -0.38582668 -0.00351170 -0.19286025
v -0.38582668 -0.00351170 -0.19286025
v -0.38582668 -0.00351170 -0.19286025
v -0.38582668 -0.00351170 -0.19286025
v -0.38582668 -0.00351170 -0.19286025
v -0.36669794 -0.00805492 -0.20753475
v -0.36669794 -0.00805492 -0.20753475
v -0.36669794 -0.00805492 -0.20753475
v -0.36669794 -0.00805492 -0.20753475
v -0.33286813 -0.01316699 -0.23787029
v -0.33286813 -0.01316699 -0.23787029
v -0.33286813 -0.01316699 -0.23787029
v -0.33286813 -0.01316699 -0.23787029
v -0.33286813 -0.01316699 -0.23787029
v -0.33286813 -0.01316699 -0.23787029
v -0.33286813 -0.01316699 -0.23787029
v -0.30118293 -0.01400357 -0.26959312
v -0.30118293 -0.01400357 -0.26959312
v -0.30118293 -0.01400357 -0.26959312
v -0.30118293 -0.01400357 -0.26959312
v -0.30094081 -0.00625598 -0.30091518
v -0.30094081 -0.00625598 -0.30091518
v -0.30094081 -0.00625598 -0.30091518
v -0.30094081 -0.00625598 -0.30091518
v -0.30094081 -0.00625598 -0.30091518
v -0.30094081 -0.00625598 -0.30091518
v -0.30094081 -0.00625598 -0.30091518
v -0.30094081 -0.00625598 -0.30091518
v -0.26790655 -0.00570381 -0.33232972
v -0.26790655 -0.00570381 -0.33232972
v -0.26790655 -0.00570381 -0.33232972
v -0.26790655 -0.00570381 -0.33232972
v -0.26790655 -0.00570381 -0.33232972
v -0.25631866 -0.00143684 -0.35088867
v -0.25631866 -0.00143684 -0.35088867
v -0.25631866 -0.00143684 -0.35088867
v -0.25631866 -0.00143684 -0.35088867
v -0.25631866 -0.00143684 -0.35088867
v -0.25631866 -0.00143684 -0.35088867
v -0.25631866 -0.00143684 -0.35088867
v -0.28067055 0.06547181 -0.44100121
v -0.28067055 0.06547181 -0.44100121
v -0.28067055 0.06547181 -0.44100121
v -0.28067055 0.06547181 -0.44100121
v -0.28067055 0.06547181 -0.44100121
v -0.28067055 0.06547181 -0.44100121
v -0.28067055 0.06547181 -0.44100121
v -0.28067055 0.06547181 -0.44100121
v -0.28067055 0.06547181 -0.44100121
v -0.24431562 0.07140379 -0.46683577
v -0.24431562 0.07140379 -0.46683577
v -0.24431562 0.07140379 -0.46683577
v -0.24431562 0.07140379 -0.46683577
v -0.23957668 0.07140379 -0.46927124
v -0.23957668 0.07140379 -0.46927124
v -0.23957668 0.07140379 -0.46927124
v -0.23777795 0.07140379 -0.47016525
v -0.23777795 0.07140379 -0.47016525
v -0.23777795 0.07140379 -0.47016525
v -0.47977534 0.06053541 -0.19286025
v -0.47977534 0.06053541 -0.19286025
v -0.47977534 0.06053541 -0.19286025
v -0.47067794 0.07140379 -0.24089152
v -0.47067794 0.07140379 -0.24089152
v -0.47067794 0.07140379 -0.24089152
v -0.46659622 0.07140379 -0.24810545
v -0.46659622 0.07140379 -0.24810545
v -0.46659622 0.07140379 -0.24810545
v -0.46659622 0.07140379 -0.24810545
v -0.45061529 0.07140379 -0.27612883
v -0.45061529 0.07140379 -0.27612883
v -0.45061529 0.07140379 -0.27612883
v -0.44431973 0.07140379 -0.28685722
v -0.44431973 0.07140379 -0.28685722
v -0.44431973 0.07140379 -0.28685722
v -0.43432298 0.07140379 -0.30171672
v -0.43432298 0.07140379 -0.30171672
v -0.43432298 0.07140379 -0.30171672
v -0.43432298 0.07140379 -0.30171672
v -0.43432298 0.07140379 -0.30171672
v -0.43404627 0.07092687 -0.30128512
v -0.43404627 0.07092687 -0.30128512
v -0.43404627 0.07092687 -0.30128512
v -0.41221943 0.06336339 -0.31725445
v -0.41221943 0.06336339 -0.31725445
v -0.41221943 0.06336339 -0.31725445
v -0.41221943 0.06336339 -0.31725445
v -0.41221943 0.06336339 -0.31725445
v -0.41221943 0.06336339 -0.31725445
v -0.41221943 0.06336339 -0.31725445
v -0.41221943 0.06336339 -0.31725445
v -0.41221943 0.06336339 -0.31725445
v -0.41221943 0.06336339 -0.31725445
v -0.41820365 0.05989955 -0.30128512
v -0.41820365 0.05989955 -0.30128512
v -0.41820365 0.05989955 -0.30128512
v -0.35109746 -0.00165435 -0.25673753
v -0.35109746 -0.00165435 -0.25673753
v -0.35109746 -0.00165435 -0.25673753
v -0.35109746 -0.00165435 -0.25673753
v -0.35109746 -0.00165435 -0.25673753
v -0.35109746 -0.00165435 -0.25673753
v -0.35109746 -0.00165435 -0.25673753
v -0.37866634 0.00126566 -0.21903388
v -0.37866634 0.00126566 -0.21903388
v -0.37866634 0.00126566 -0.21903388
v -0.37866634 0.00126566 -0.21903388
v -0.35708168 -0.00494241 -0.23787029
v -0.35708168 -0.00494241 -0.23787029
v -0.35708168 -0.00494241 -0.23787029
v -0.35708168 -0.00494241 -0.23787029
v -0.35708168 -0.00494241 -0.23787029
v -0.35708168 -0.00494241 -0.23787029
v -0.35708168 -0.00494241 -0.23787029
v -0.33207253 -0.00570381 -0.26820582
v -0.33207253 -0.00570381 -0.26820582
v -0.33207253 -0.00570381 -0.26820582
v -0.33207253 -0.00570381 -0.26820582
v -0.33207253 -0.00570381 -0.26820582
v -0.29021764 -0.00252451 -0.32132384
v -0.29021764 -0.00252451 -0.32132384
v -0.29021764 -0.00252451 -0.32132384
v -0.29021764 -0.00252451 -0.32132384
v -0.29021764 -0.00252451 -0.32132384
v -0.29021764 -0.00252451 -0.32132384
v -0.32096887 -0.00237390 -0.29009426
v -0.32096887 -0.00237390 -0.29009426
v -0.32096887 -0.00237390 -0.29009426
v -0.32096887 -0.00237390 -0.29009426
v -0.32096887 -0.00237390 -0.29009426
v -0.32096887 -0.00237390 -0.29009426
v -0.32096887 -0.00237390 -0.29009426
v -0.35078615 0.06241793 -0.38233405
v -0.35078615 0.06241793 -0.38233405
v -0.35078615 0.06241793 -0.38233405
v -0.35078615 0.06241793 -0.38233405
v -0.35078615 0.06241793 -0.38233405
v -0.35078615 0.06241793 -0.38233405
v -0.35078615 0.06241793 -0.38233405
v -0.35078615 0.06241793 -0.38233405
v -0.35078615 0.06241793 -0.38233405
v -0.31650665 0.06366459 -0.41186801
v -0.31650665 0.06366459 -0.41186801
v -0.31650665 0.06366459 -0.41186801
v -0.31650665 0.06366459 -0.41186801
v -0.31650665 0.06366459 -0.41186801
v -0.30405396 0.07043327 -0.42950207
v -0.30405396 0.07043327 -0.42950207
v -0.30405396 0.07043327 -0.42950207
v -0.30405396 0.07043327 -0.42950207
v -0.30405396 0.07043327 -0.42950207
v -0.30405396 0.07043327 -0.42950207
v -0.30405396 0.07043327 -0.42950207
v -0.28610131 0.07140379 -0.44371417
v -0.28610131 0.07140379 -0.44371417
v -0.28610131 0.07140379 -0.44371417
v -0.28610131 0.07140379 -0.44371417
v -0.27596620 0.07140379 -0.44994158
v -0.27596620 0.07140379 -0.44994158
v -0.27596620 0.07140379 -0.44994158
v -0.41775399 0.07140379 -0.32252616
v -0.41775399 0.07140379 -0.32252616
v -0.41775399 0.07140379 -0.32252616
v -0.41775399 0.07140379 -0.32252616
v -0.40298370 0.07016552 -0.33840302
v -0.40298370 0.07016552 -0.33840302
v -0.40298370 0.07016552 -0.33840302
v -0.40298370 0.07016552 -0.33840302
v -0.40298370 0.07016552 -0.33840302
v -0.40298370 0.07016552 -0.33840302
v -0.37192112 0.06888541 -0.37163645
v -0.37192112 0.06888541 -0.37163645
v -0.37192112 0.06888541 -0.37163645
v -0.37192112 0.06888541 -0.37163645
v -0.37192112 0.06888541 -0.37163645
v -0.37192112 0.06888541 -0.37163645
v -0.37192112 0.06888541 -0.37163645
v -0.38181412 0.06264383 -0.35048789
v -0.38181412 0.06264383 -0.35048789
v -0.38181412 0.06264383 -0.35048789
v -0.38181412 0.06264383 -0.35048789
v -0.38181412 0.06264383 -0.35048789
v -0.31135261 0.00339914 -0.31124282
v -0.31135261 0.00339914 -0.31124282
v -0.31135261 0.00339914 -0.31124282
v -0.31135261 0.00339914 -0.31124282
v -0.36981109 0.07140379 -0.37678486
v -0.36981109 0.07140379 -0.37678486
v -0.36981109 0.07140379 -0.37678486
v -0.36981109 0.07140379 -0.37678486
v -0.35673577 0.07140379 -0.38856146
v -0.35673577 0.07140379 -0.38856146
v -0.35673577 0.07140379 -0.38856146
v -0.35673577 0.07140379 -0.38856146
v -0.33286813 0.06866790 -0.40536314
v -0.33286813 0.06866790 -0.40536314
v -0.33286813 0.06866790 -0.40536314
v -0.33286813 0.06866790 -0.40536314
v -0.33286813 0.06866790 -0.40536314
v -0.33286813 0.06866790 -0.40536314
v -0.33286813 0.06866790 -0.40536314
v -0.30571431 0.07140379 -0.42934796
v -0.30571431 0.07140379 -0.42934796
v -0.30571431 0.07140379 -0.42934796
v -0.30464199 0.07140379 -0.43014950
v -0.30464199 0.07140379 -0.43014950
v -0.30464199 0.07140379 -0.43014950
v -0.33248761 0.07140379 -0.40881595
v -0.33248761 0.07140379 -0.40881595
v -0.33248761 0.07140379 -0.40881595
v -0.33248761 0.07140379 -0.40881595
v -0.40533587 0.07140379 -0.33738565
v -0.40533587 0.07140379 -0.33738565
v -0.40533587 0.07140379 -0.33738565
v -0.40187681 0.07140379 -0.34139338
v -0.40187681 0.07140379 -0.34139338
v -0.40187681 0.07140379 -0.34139338
v -0.37693679 0.07140379 -0.36957091
v -0.37693679 0.07140379 -0.36957091
v -0.37693679 0.07140379 -0.36957091
v -0.37693679 0.07140379 -0.36957091
v -0.37354690 0.07140379 -0.37330121
v -0.37354690 0.07140379 -0.37330121
v -0.37354690 0.07140379 -0.37330121
v -0.33995923 0.07140379 -0.40277350
v -0.33995923 0.07140379 -0.40277350
v -0.33995923 0.07140379 -0.40277350
v -0.33532405 0.07140379 -0.40662712
v -0.33532405 0.07140379 -0.40662712
v -0.33532405 0.07140379 -0.40662712
v 0.26863325 0.08345515 0.46643788
v 0.26863325 0.08345515 0.46643788
v 0.26863325 0.08345515 0.46643788
v 0.26863325 0.08345515 0.46643788
v 0.26668632 0.08345515 0.46749991
v 0.26668632 0.08345515 0.46749991
v 0.26668632 0.08345515 0.46749991
v 0.26668632 0.08345515 0.46749991
v 0.26668632 0.08345515 0.46749991
v 0.26863325 0.08094443 0.46384180
v 0.26863325 0.08094443 0.46384180
v 0.26863325 0.08094443 0.46384180
v 0.26863325 0.08345515 0.13492702
v 0.26863325 0.08345515 0.13492702
v 0.26863325 0.08345515 0.13492702
v 0.26863325 0.08345515 0.13492702
v 0.23788075 0.06972466 0.46820793
v 0.23788075 0.06972466 0.46820793
v 0.23788075 0.06972466 0.46820793
v 0.23788075 0.06972466 0.46820793
v 0.23788075 0.06972466 0.46820793
v 0.23788075 0.06972466 0.46820793
v 0.26863325 0.07794430 0.46069506
v 0.26863325 0.07794430 0.46069506
v 0.26863325 0.07794430 0.46069506
v 0.26863325 0.07794430 0.46069506
v 0.26863325 0.07794430 0.46069506
v 0.25233045 0.08345515 0.47501278
v 0.25233045 0.08345515 0.47501278
v 0.25233045 0.08345515 0.47501278
v 0.02901713 0.08345515 0.29745701
v 0.02901713 0.08345515 0.29745701
v 0.02901713 0.08345515 0.29745701
v 0.26863325 0.05369896 0.21992879
v 0.26863325 0.05369896 0.21992879
v 0.26863325 0.05369896 0.21992879
v 0.02901713 0.05369896 0.34284899
v 0.02901713 0.05369896 0.34284899
v 0.02901713 0.05369896 0.34284899
v 0.02901713 0.05369896 0.34284899
v 0.23788075 0.08345515 0.48217165
v 0.23788075 0.08345515 0.48217165
v 0.23788075 0.08345515 0.48217165
v 0.23788075 0.08345515 0.48217165
v 0.21756674 0.06503814 0.47343940
v 0.21756674 0.06503814 0.47343940
v 0.21756674 0.06503814 0.47343940
v 0.21756674 0.06503814 0.47343940
v 0.21756674 0.06503814 0.47343940
v 0.21756674 0.06503814 0.47343940
v 0.21756674 0.06503814 0.47343940
v 0.21756674 0.06503814 0.47343940
v 0.21756674 0.06503814 0.47343940
v 0.21756674 0.06503814 0.47343940
v 0.21756674 0.06503814 0.47343940
v 0.21756674 0.06503814 0.47343940
v 0.26863325 0.06322934 0.44409588
v 0.26863325 0.06322934 0.44409588
v 0.26863325 0.06322934 0.44409588
v 0.26863325 0.06322934 0.44409588
v 0.26863325 0.06322934 0.44409588
v 0.26863325 0.06322934 0.44409588
v 0.02901713 0.08345515 0.53672856
v 0.02901713 0.08345515 0.53672856
v 0.02901713 0.08345515 0.53672856
v 0.26863325 0.05369896 0.42840144
v 0.26863325 0.05369896 0.42840144
v 0.26863325 0.05369896 0.42840144
v 0.26863325 0.05369896 0.42840144
v 0.02901713 0.05369896 0.50380564
v 0.02901713 0.05369896 0.50380564
v 0.02901713 0.05369896 0.50380564
v 0.02901713 0.05369896 0.50380564
v 0.23579305 0.08345515 0.48319435
v 0.23579305 0.08345515 0.48319435
v 0.23579305 0.08345515 0.48319435
v 0.22847438 0.08345515 0.48653781
v 0.22847438 0.08345515 0.48653781
v 0.22847438 0.08345515 0.48653781
v 0.20292941 0.08345515 0.49814144
v 0.20292941 0.08345515 0.49814144
v 0.20292941 0.08345515 0.49814144
v 0.18688463 0.08345515 0.50482833
v 0.18688463 0.08345515 0.50482833
v 0.18688463 0.08345515 0.50482833
v 0.18688463 0.08345515 0.50482833
v 0.17447571 0.07175484 0.49806279
v 0.17447571 0.07175484 0.49806279
v 0.17447571 0.07175484 0.49806279
v 0.17447571 0.07175484 0.49806279
v 0.17447571 0.07175484 0.49806279
v 0.19643174 0.06160402 0.47808087
v 0.19643174 0.06160402 0.47808087
v 0.19643174 0.06160402 0.47808087
v 0.19643174 0.06160402 0.47808087
v 0.19643174 0.06160402 0.47808087
v 0.19643174 0.06160402 0.47808087
v 0.19643174 0.06160402 0.47808087
v 0.19643174 0.06160402 0.47808087
v 0.20668258 0.05426985 0.46159974
v 0.20668258 0.05426985 0.46159974
v 0.20668258 0.05426985 0.46159974
v 0.20668258 0.05426985 0.46159974
v 0.20668258 0.05426985 0.46159974
v 0.20668258 0.05426985 0.46159974
v 0.23788075 0.05801850 0.45235613
v 0.23788075 0.05801850 0.45235613
v 0.23788075 0.05801850 0.45235613
v 0.23788075 0.05801850 0.45235613
v 0.23788075 0.05801850 0.45235613
v 0.23788075 0.05801850 0.45235613
v 0.25929725 0.06138850 0.44680998
v 0.25929725 0.06138850 0.44680998
v 0.25929725 0.06138850 0.44680998
v 0.25929725 0.06138850 0.44680998
v 0.25929725 0.06138850 0.44680998
v 0.25929725 0.06138850 0.44680998
v 0.26863325 0.05537668 0.43119419
v 0.26863325 0.05537668 0.43119419
v 0.26863325 0.05537668 0.43119419
v 0.02901713 0.08075215 0.53425044
v 0.02901713 0.08075215 0.53425044
v 0.02901713 0.08075215 0.53425044
v 0.03969019 0.08345515 0.53649253
v 0.03969019 0.08345515 0.53649253
v 0.03969019 0.08345515 0.53649253
v 0.03969019 0.08345515 0.53649253
v 0.03969019 0.08345515 0.53649253
v 0.25071189 0.05369896 0.43882510
v 0.25071189 0.05369896 0.43882510
v 0.25071189 0.05369896 0.43882510
v 0.25071189 0.05369896 0.43882510
v 0.03476416 0.05369896 0.50364828
v 0.03476416 0.05369896 0.50364828
v 0.03476416 0.05369896 0.50364828
v 0.04764220 0.05982147 0.51198715
v 0.04764220 0.05982147 0.51198715
v 0.04764220 0.05982147 0.51198715
v 0.04764220 0.05982147 0.51198715
v 0.04764220 0.05982147 0.51198715
v 0.04764220 0.05982147 0.51198715
v 0.04764220 0.05982147 0.51198715
v 0.04764220 0.05982147 0.51198715
v 0.02901713 0.05966128 0.51226252
v 0.02901713 0.05966128 0.51226252
v 0.02901713 0.05966128 0.51226252
v 0.17447571 0.08345515 0.50954843
v 0.17447571 0.08345515 0.50954843
v 0.17447571 0.08345515 0.50954843
v 0.17447571 0.08345515 0.50954843
v 0.14278494 0.06692849 0.50309759
v 0.14278494 0.06692849 0.50309759
v 0.14278494 0.06692849 0.50309759
v 0.14278494 0.06692849 0.50309759
v 0.14278494 0.06692849 0.50309759
v 0.14278494 0.06692849 0.50309759
v 0.14278494 0.06692849 0.50309759
v 0.14278494 0.06692849 0.50309759
v 0.17447571 0.05881948 0.48221096
v 0.17447571 0.05881948 0.48221096
v 0.17447571 0.05881948 0.48221096
v 0.17447571 0.05881948 0.48221096
v 0.17447571 0.05881948 0.48221096
v 0.17391275 0.05369896 0.47454077
v 0.17391275 0.05369896 0.47454077
v 0.17391275 0.05369896 0.47454077
v 0.17391275 0.05369896 0.47454077
v 0.18679079 0.05369896 0.46958461
v 0.18679079 0.05369896 0.46958461
v 0.18679079 0.05369896 0.46958461
v 0.20597886 0.05369896 0.46100971
v 0.20597886 0.05369896 0.46100971
v 0.20597886 0.05369896 0.46100971
v 0.20597886 0.05369896 0.46100971
v 0.20665911 0.05369896 0.46069506
v 0.20665911 0.05369896 0.46069506
v 0.20665911 0.05369896 0.46069506
v 0.23121887 0.05369896 0.44869804
v 0.23121887 0.05369896 0.44869804
v 0.23121887 0.05369896 0.44869804
v 0.23121887 0.05369896 0.44869804
v 0.23764619 0.05369896 0.44551194
v 0.23764619 0.05369896 0.44551194
v 0.23764619 0.05369896 0.44551194
v 0.02901713 0.07422190 0.52811432
v 0.02901713 0.07422190 0.52811432
v 0.02901713 0.07422190 0.52811432
v 0.02901713 0.07422190 0.52811432
v 0.02901713 0.07422190 0.52811432
v 0.04764220 0.07448988 0.52783895
v 0.04764220 0.07448988 0.52783895
v 0.04764220 0.07448988 0.52783895
v 0.04764220 0.07448988 0.52783895
v 0.04764220 0.07448988 0.52783895
v 0.04764220 0.07448988 0.52783895
v 0.04764220 0.08345515 0.53625655
v 0.04764220 0.08345515 0.53625655
v 0.04764220 0.08345515 0.53625655
v 0.04764220 0.08345515 0.53625655
v 0.03992476 0.05369896 0.50349092
v 0.03992476 0.05369896 0.50349092
v 0.03992476 0.05369896 0.50349092
v 0.04764220 0.05369896 0.50325495
v 0.04764220 0.05369896 0.50325495
v 0.04764220 0.05369896 0.50325495
v 0.04764220 0.05369896 0.50325495
v 0.07935645 0.06119628 0.51013851
v 0.07935645 0.06119628 0.51013851
v 0.07935645 0.06119628 0.51013851
v 0.07935645 0.06119628 0.51013851
v 0.07935645 0.06119628 0.51013851
v 0.07935645 0.06119628 0.51013851
v 0.07935645 0.06119628 0.51013851
v 0.16809535 0.08345515 0.51151520
v 0.16809535 0.08345515 0.51151520
v 0.16809535 0.08345515 0.51151520
v 0.16809535 0.08345515 0.51151520
v 0.12104004 0.06453423 0.50592971
v 0.12104004 0.06453423 0.50592971
v 0.12104004 0.06453423 0.50592971
v 0.12104004 0.06453423 0.50592971
v 0.12104004 0.06453423 0.50592971
v 0.12104004 0.06453423 0.50592971
v 0.12104004 0.06453423 0.50592971
v 0.12104004 0.06453423 0.50592971
v 0.12104004 0.06453423 0.50592971
v 0.12104004 0.06453423 0.50592971
v 0.14278494 0.05557185 0.48724580
v 0.14278494 0.05557185 0.48724580
v 0.14278494 0.05557185 0.48724580
v 0.14278494 0.05557185 0.48724580
v 0.14278494 0.05557185 0.48724580
v 0.14278494 0.05557185 0.48724580
v 0.14278494 0.08277943 0.51796603
v 0.14278494 0.08277943 0.51796603
v 0.14278494 0.08277943 0.51796603
v 0.14278494 0.08277943 0.51796603
v 0.14278494 0.08277943 0.51796603
v 0.14278494 0.08277943 0.51796603
v 0.16598418 0.05369896 0.47725484
v 0.16598418 0.05369896 0.47725484
v 0.16598418 0.05369896 0.47725484
v 0.16598418 0.05369896 0.47725484
v 0.07935645 0.07688119 0.52602959
v 0.07935645 0.07688119 0.52602959
v 0.07935645 0.07688119 0.52602959
v 0.07935645 0.07688119 0.52602959
v 0.07935645 0.07688119 0.52602959
v 0.07935645 0.07688119 0.52602959
v 0.07935645 0.07688119 0.52602959
v 0.06324130 0.08345515 0.53425044
v 0.06324130 0.08345515 0.53425044
v 0.06324130 0.08345515 0.53425044
v 0.06427342 0.05369896 0.50124884
v 0.06427342 0.05369896 0.50124884
v 0.06427342 0.05369896 0.50124884
v 0.07935645 0.05369896 0.49920347
v 0.07935645 0.05369896 0.49920347
v 0.07935645 0.05369896 0.49920347
v 0.07935645 0.05369896 0.49920347
v 0.09988157 0.06269339 0.50821108
v 0.09988157 0.06269339 0.50821108
v 0.09988157 0.06269339 0.50821108
v 0.09988157 0.06269339 0.50821108
v 0.09988157 0.06269339 0.50821108
v 0.09988157 0.06269339 0.50821108
v 0.09988157 0.06269339 0.50821108
v 0.14721836 0.08345515 0.51733667
v 0.14721836 0.08345515 0.51733667
v 0.14721836 0.08345515 0.51733667
v 0.11069537 0.05463104 0.49381465
v 0.11069537 0.05463104 0.49381465
v 0.11069537 0.05463104 0.49381465
v 0.11071883 0.05369896 0.49243793
v 0.11071883 0.05369896 0.49243793
v 0.11071883 0.05369896 0.49243793
v 0.11071883 0.05369896 0.49243793
v 0.11071883 0.05369896 0.49243793
v 0.13957128 0.05369896 0.48531842
v 0.13957128 0.05369896 0.48531842
v 0.13957128 0.05369896 0.48531842
v 0.13957128 0.05369896 0.48531842
v 0.10551132 0.08345515 0.52665889
v 0.10551132 0.08345515 0.52665889
v 0.10551132 0.08345515 0.52665889
v 0.10551132 0.08345515 0.52665889
v 0.07935645 0.08345515 0.53216577
v 0.07935645 0.08345515 0.53216577
v 0.07935645 0.08345515 0.53216577
v 0.07935645 0.08345515 0.53216577
v 0.14278494 0.05369896 0.48445308
v 0.14278494 0.05369896 0.48445308
v 0.14278494 0.05369896 0.48445308
v 0.14278494 0.08345515 0.51847738
v 0.14278494 0.08345515 0.51847738
v 0.14278494 0.08345515 0.51847738
v 0.08698007 0.05369896 0.49766940
v 0.08698007 0.05369896 0.49766940
v 0.08698007 0.05369896 0.49766940
v -0.23516040 1.83105040 -0.00675431
v -0.23516040 1.83105040 -0.00675431
v -0.23516040 1.83105040 -0.00675431
v -0.23516040 1.83105040 -0.00675431
v -0.40138817 1.84138513 -0.00675431
v -0.40138817 1.84138513 -0.00675431
v -0.40138817 1.84138513 -0.00675431
v -0.23516040 1.76420736 -0.00675431
v -0.23516040 1.76420736 -0.00675431
v -0.23516040 1.76420736 -0.00675431
v -0.23516040 1.76420736 -0.00675431
v -0.23516040 1.76420736 -0.00675431
v -0.23516040 1.83105040 -0.00751154
v -0.23516040 1.83105040 -0.00751154
v -0.23516040 1.83105040 -0.00751154
v -0.27301401 1.84138513 -0.30428621
v -0.27301401 1.84138513 -0.30428621
v -0.27301401 1.84138513 -0.30428621
v -0.27301401 1.84138513 -0.30428621
v -0.27301401 1.84138513 -0.30428621
v -0.27301401 1.84138513 -0.30428621
v -0.27301401 1.84138513 -0.30428621
v -0.27301401 1.84138513 -0.30428621
v -0.27301401 1.84138513 -0.30428621
v -0.27301401 1.84138513 -0.30428621
v -0.48524883 1.84138513 -0.00675431
v -0.48524883 1.84138513 -0.00675431
v -0.48524883 1.84138513 -0.00675431
v -0.47716886 1.76420736 -0.00675431
v -0.47716886 1.76420736 -0.00675431
v -0.47716886 1.76420736 -0.00675431
v -0.23516040 1.76420736 -0.30428621
v -0.23516040 1.76420736 -0.30428621
v -0.23516040 1.76420736 -0.30428621
v -0.23516040 1.83102775 -0.05023661
v -0.23516040 1.83102775 -0.05023661
v -0.23516040 1.83102775 -0.05023661
v -0.23516040 1.83055937 -0.30428621
v -0.23516040 1.83055937 -0.30428621
v -0.23516040 1.83055937 -0.30428621
v -0.37308368 1.84138513 -0.30428621
v -0.37308368 1.84138513 -0.30428621
v -0.37308368 1.84138513 -0.30428621
v -0.23516040 1.83100510 -0.08195277
v -0.23516040 1.83100510 -0.08195277
v -0.23516040 1.83100510 -0.08195277
v -0.23516040 1.83097494 -0.11104774
v -0.23516040 1.83097494 -0.11104774
v -0.23516040 1.83097494 -0.11104774
v -0.23516040 1.83092201 -0.14535594
v -0.23516040 1.83092201 -0.14535594
v -0.23516040 1.83092201 -0.14535594
v -0.23516040 1.83086157 -0.17442180
v -0.23516040 1.83086157 -0.17442180
v -0.23516040 1.83086157 -0.17442180
v -0.48527333 1.84138513 -0.01589928
v -0.48527333 1.84138513 -0.01589928
v -0.48527333 1.84138513 -0.01589928
v -0.47719336 1.76420736 -0.01589928
v -0.47719336 1.76420736 -0.01589928
v -0.47719336 1.76420736 -0.01589928
v -0.47719336 1.76420736 -0.01589928
v -0.36561576 1.76420736 -0.30428621
v -0.36561576 1.76420736 -0.30428621
v -0.36561576 1.76420736 -0.30428621
v -0.36561576 1.76420736 -0.30428621
v -0.36561576 1.76420736 -0.30428621
v -0.38598719 1.84138513 -0.29246181
v -0.38598719 1.84138513 -0.29246181
v -0.38598719 1.84138513 -0.29246181
v -0.38598719 1.84138513 -0.29246181
v -0.38598719 1.84138513 -0.29246181
v -0.38598719 1.84138513 -0.29246181
v -0.38598719 1.84138513 -0.29246181
v -0.48412254 1.84138513 -0.03485907
v -0.48412254 1.84138513 -0.03485907
v -0.48412254 1.84138513 -0.03485907
v -0.48412254 1.84138513 -0.03485907
v -0.47462240 1.76420736 -0.04761544
v -0.47462240 1.76420736 -0.04761544
v -0.47462240 1.76420736 -0.04761544
v -0.47462240 1.76420736 -0.04761544
v -0.47462240 1.76420736 -0.04761544
v -0.36642379 1.76420736 -0.30341247
v -0.36642379 1.76420736 -0.30341247
v -0.36642379 1.76420736 -0.30341247
v -0.41287157 1.84138513 -0.25486261
v -0.41287157 1.84138513 -0.25486261
v -0.41287157 1.84138513 -0.25486261
v -0.41287157 1.84138513 -0.25486261
v -0.41287157 1.84138513 -0.25486261
v -0.36696246 1.76420736 -0.30277175
v -0.36696246 1.76420736 -0.30277175
v -0.36696246 1.76420736 -0.30277175
v -0.36696246 1.76420736 -0.30277175
v -0.38919470 1.76420736 -0.27443397
v -0.38919470 1.76420736 -0.27443397
v -0.38919470 1.76420736 -0.27443397
v -0.39436102 1.76420736 -0.26779372
v -0.39436102 1.76420736 -0.26779372
v -0.39436102 1.76420736 -0.26779372
v -0.39436102 1.76420736 -0.26779372
v -0.48111093 1.84138513 -0.06916728
v -0.48111093 1.84138513 -0.06916728
v -0.48111093 1.84138513 -0.06916728
v -0.47802579 1.84138513 -0.09497124
v -0.47802579 1.84138513 -0.09497124
v -0.47802579 1.84138513 -0.09497124
v -0.47802579 1.84138513 -0.09497124
v -0.47802579 1.84138513 -0.09497124
v -0.47802579 1.84138513 -0.09497124
v -0.47802579 1.84138513 -0.09497124
v -0.47085175 1.76420736 -0.07805014
v -0.47085175 1.76420736 -0.07805014
v -0.47085175 1.76420736 -0.07805014
v -0.47085175 1.76420736 -0.07805014
v -0.40968853 1.76420736 -0.24318382
v -0.40968853 1.76420736 -0.24318382
v -0.40968853 1.76420736 -0.24318382
v -0.41781750 1.76420736 -0.23010710
v -0.41781750 1.76420736 -0.23010710
v -0.41781750 1.76420736 -0.23010710
v -0.41781750 1.76420736 -0.23010710
v -0.41468346 1.84138513 -0.25162983
v -0.41468346 1.84138513 -0.25162983
v -0.41468346 1.84138513 -0.25162983
v -0.41468346 1.84138513 -0.25162983
v -0.47697294 1.84138513 -0.10053394
v -0.47697294 1.84138513 -0.10053394
v -0.47697294 1.84138513 -0.10053394
v -0.47697294 1.84138513 -0.10053394
v -0.47697294 1.84138513 -0.10053394
v -0.47697294 1.84138513 -0.10053394
v -0.47697294 1.84138513 -0.10053394
v -0.47697294 1.84138513 -0.10053394
v -0.47670361 1.83748698 -0.09942723
v -0.47670361 1.83748698 -0.09942723
v -0.47670361 1.83748698 -0.09942723
v -0.46676275 1.76420736 -0.10379584
v -0.46676275 1.76420736 -0.10379584
v -0.46676275 1.76420736 -0.10379584
v -0.46676275 1.76420736 -0.10379584
v -0.46676275 1.76420736 -0.10379584
v -0.47068033 1.76420736 -0.07933158
v -0.47068033 1.76420736 -0.07933158
v -0.47068033 1.76420736 -0.07933158
v -0.47068033 1.76420736 -0.07933158
v -0.43150458 1.76420736 -0.20535161
v -0.43150458 1.76420736 -0.20535161
v -0.43150458 1.76420736 -0.20535161
v -0.43150458 1.76420736 -0.20535161
v -0.44538748 1.84138513 -0.19361459
v -0.44538748 1.84138513 -0.19361459
v -0.44538748 1.84138513 -0.19361459
v -0.44538748 1.84138513 -0.19361459
v -0.44538748 1.84138513 -0.19361459
v -0.44538748 1.84138513 -0.19361459
v -0.44815427 1.76420736 -0.16650005
v -0.44815427 1.76420736 -0.16650005
v -0.44815427 1.76420736 -0.16650005
v -0.44815427 1.76420736 -0.16650005
v -0.44815427 1.76420736 -0.16650005
v -0.45589149 1.76420736 -0.14261828
v -0.45589149 1.76420736 -0.14261828
v -0.45589149 1.76420736 -0.14261828
v -0.45718917 1.76420736 -0.13845353
v -0.45718917 1.76420736 -0.13845353
v -0.45718917 1.76420736 -0.13845353
v -0.46556300 1.76420736 -0.10991190
v -0.46556300 1.76420736 -0.10991190
v -0.46556300 1.76420736 -0.10991190
v -0.44729730 1.84138513 -0.18877999
v -0.44729730 1.84138513 -0.18877999
v -0.44729730 1.84138513 -0.18877999
v -0.43434480 1.76420736 -0.19911905
v -0.43434480 1.76420736 -0.19911905
v -0.43434480 1.76420736 -0.19911905
v -0.44399187 1.76420736 -0.17663524
v -0.44399187 1.76420736 -0.17663524
v -0.44399187 1.76420736 -0.17663524
v 0.20931859 1.83477139 0.33367467
v 0.20931859 1.83477139 0.33367467
v 0.20931859 1.83477139 0.33367467
v 0.20931859 1.83477139 0.33367467
v 0.20931859 1.89587843 0.38552359
v 0.20931859 1.89587843 0.38552359
v 0.20931859 1.89587843 0.38552359
v 0.20931859 1.83477139 0.43042830
v 0.20931859 1.83477139 0.43042830
v 0.20931859 1.83477139 0.43042830
v 0.20931859 1.83477139 0.43042830
v -0.02349389 1.83477139 0.38889819
v -0.02349389 1.83477139 0.38889819
v -0.02349389 1.83477139 0.38889819
v -0.02349389 1.90506399 0.44200695
v -0.02349389 1.90506399 0.44200695
v -0.02349389 1.90506399 0.44200695
v -0.02349389 1.90506399 0.44200695
v -0.02349389 1.90506399 0.44200695
v -0.02349389 1.90506399 0.44200695
v 0.20931859 1.90785182 0.39858705
v 0.20931859 1.90785182 0.39858705
v 0.20931859 1.90785182 0.39858705
v 0.20931859 1.85335922 0.43929225
v 0.20931859 1.85335922 0.43929225
v 0.20931859 1.85335922 0.43929225
v 0.19222684 1.83800018 0.44478163
v 0.19222684 1.83800018 0.44478163
v 0.19222684 1.83800018 0.44478163
v 0.19222684 1.83800018 0.44478163
v 0.19222684 1.83800018 0.44478163
v 0.19222684 1.83800018 0.44478163
v 0.19222684 1.83800018 0.44478163
v 0.19222684 1.83800018 0.44478163
v 0.19222684 1.83800018 0.44478163
v 0.19222684 1.83800018 0.44478163
v 0.19518942 1.83477139 0.44079208
v 0.19518942 1.83477139 0.44079208
v 0.19518942 1.83477139 0.44079208
v -0.02349389 1.83477139 0.48088241
v -0.02349389 1.83477139 0.48088241
v -0.02349389 1.83477139 0.48088241
v -0.02349389 1.91089368 0.45974988
v -0.02349389 1.91089368 0.45974988
v -0.02349389 1.91089368 0.45974988
v -0.02349389 1.91089368 0.45974988
v -0.02349389 1.91089368 0.45974988
v 0.20931859 1.90933907 0.40131673
v 0.20931859 1.90933907 0.40131673
v 0.20931859 1.90933907 0.40131673
v 0.20931859 1.90933907 0.40131673
v 0.20931859 1.90933907 0.40131673
v 0.20931859 1.85505581 0.43959224
v 0.20931859 1.85505581 0.43959224
v 0.20931859 1.85505581 0.43959224
v 0.20931859 1.85505581 0.43959224
v 0.20931859 1.85505581 0.43959224
v 0.17447419 1.85505581 0.45520541
v 0.17447419 1.85505581 0.45520541
v 0.17447419 1.85505581 0.45520541
v 0.17447419 1.85505581 0.45520541
v 0.17447419 1.85505581 0.45520541
v 0.14275192 1.85505581 0.46582416
v 0.14275192 1.85505581 0.46582416
v 0.14275192 1.85505581 0.46582416
v 0.14275192 1.85505581 0.46582416
v 0.14275192 1.85505581 0.46582416
v 0.14275192 1.85505581 0.46582416
v 0.14275192 1.85505581 0.46582416
v 0.09676370 1.83863544 0.47596297
v 0.09676370 1.83863544 0.47596297
v 0.09676370 1.83863544 0.47596297
v 0.09676370 1.83863544 0.47596297
v 0.09676370 1.83863544 0.47596297
v 0.09676370 1.83863544 0.47596297
v 0.09676370 1.83863544 0.47596297
v 0.09676370 1.83863544 0.47596297
v 0.09676370 1.83863544 0.47596297
v 0.09676370 1.83863544 0.47596297
v 0.18019426 1.83477139 0.44739133
v 0.18019426 1.83477139 0.44739133
v 0.18019426 1.83477139 0.44739133
v 0.18019426 1.83477139 0.44739133
v 0.18944660 1.83477139 0.44341680
v 0.18944660 1.83477139 0.44341680
v 0.18944660 1.83477139 0.44341680
v 0.19532615 1.85505581 0.44626647
v 0.19532615 1.85505581 0.44626647
v 0.19532615 1.85505581 0.44626647
v 0.19532615 1.85505581 0.44626647
v -0.01576842 1.83477139 0.48103240
v -0.01576842 1.83477139 0.48103240
v -0.01576842 1.83477139 0.48103240
v -0.01576842 1.83477139 0.48103240
v -0.02349389 1.84972680 0.48491690
v -0.02349389 1.84972680 0.48491690
v -0.02349389 1.84972680 0.48491690
v -0.02349389 1.84972680 0.48491690
v -0.02349389 1.90844965 0.48074740
v -0.02349389 1.90844965 0.48074740
v -0.02349389 1.90844965 0.48074740
v -0.02349389 1.90844965 0.48074740
v -0.01576842 1.90851688 0.48082241
v -0.01576842 1.90851688 0.48082241
v -0.01576842 1.90851688 0.48082241
v -0.01576842 1.90851688 0.48082241
v -0.01576842 1.90851688 0.48082241
v 0.04765339 1.91112530 0.45974988
v 0.04765339 1.91112530 0.45974988
v 0.04765339 1.91112530 0.45974988
v 0.04765339 1.91112530 0.45974988
v 0.04765339 1.91112530 0.45974988
v 0.04765339 1.91112530 0.45974988
v 0.04765339 1.91112530 0.45974988
v 0.20931859 1.90933907 0.42454901
v 0.20931859 1.90933907 0.42454901
v 0.20931859 1.90933907 0.42454901
v 0.20931859 1.90933907 0.42454901
v 0.20931859 1.90933907 0.42454901
v 0.20931859 1.88676023 0.44085208
v 0.20931859 1.88676023 0.44085208
v 0.20931859 1.88676023 0.44085208
v 0.20931859 1.88676023 0.44085208
v 0.19692138 1.88676023 0.44701639
v 0.19692138 1.88676023 0.44701639
v 0.19692138 1.88676023 0.44701639
v 0.19692138 1.88676023 0.44701639
v 0.19692138 1.88676023 0.44701639
v 0.19692138 1.88676023 0.44701639
v 0.17447419 1.88676023 0.45615029
v 0.17447419 1.88676023 0.45615029
v 0.17447419 1.88676023 0.45615029
v 0.17447419 1.88676023 0.45615029
v 0.17447419 1.88676023 0.45615029
v 0.17447419 1.88676023 0.45615029
v 0.14275192 1.88676023 0.46589914
v 0.14275192 1.88676023 0.46589914
v 0.14275192 1.88676023 0.46589914
v 0.14275192 1.88676023 0.46589914
v 0.10136708 1.88676023 0.47701281
v 0.10136708 1.88676023 0.47701281
v 0.10136708 1.88676023 0.47701281
v 0.10136708 1.88676023 0.47701281
v 0.10136708 1.88676023 0.47701281
v 0.10136708 1.88676023 0.47701281
v 0.11590646 1.85505581 0.47273836
v 0.11590646 1.85505581 0.47273836
v 0.11590646 1.85505581 0.47273836
v 0.11590646 1.85505581 0.47273836
v 0.10004532 1.85505581 0.47672787
v 0.10004532 1.85505581 0.47672787
v 0.10004532 1.85505581 0.47672787
v 0.10004532 1.85505581 0.47672787
v 0.10004532 1.85505581 0.47672787
v 0.07935289 1.85505581 0.48136234
v 0.07935289 1.85505581 0.48136234
v 0.07935289 1.85505581 0.48136234
v 0.07935289 1.85505581 0.48136234
v 0.07935289 1.85505581 0.48136234
v 0.07935289 1.83600461 0.47786778
v 0.07935289 1.83600461 0.47786778
v 0.07935289 1.83600461 0.47786778
v 0.07935289 1.83600461 0.47786778
v 0.07935289 1.83600461 0.47786778
v 0.07935289 1.83477139 0.47698289
v 0.07935289 1.83477139 0.47698289
v 0.07935289 1.83477139 0.47698289
v 0.07935289 1.83477139 0.47698289
v 0.09311745 1.83477139 0.47398320
v 0.09311745 1.83477139 0.47398320
v 0.09311745 1.83477139 0.47398320
v 0.10050110 1.83477139 0.47233340
v 0.10050110 1.83477139 0.47233340
v 0.10050110 1.83477139 0.47233340
v 0.01595388 1.83477139 0.48103240
v 0.01595388 1.83477139 0.48103240
v 0.01595388 1.83477139 0.48103240
v -0.01576842 1.85505581 0.48649177
v -0.01576842 1.85505581 0.48649177
v -0.01576842 1.85505581 0.48649177
v -0.01576842 1.85505581 0.48649177
v -0.01576842 1.85505581 0.48649177
v -0.01576842 1.85505581 0.48649177
v -0.02349389 1.85505581 0.48628172
v -0.02349389 1.85505581 0.48628172
v -0.02349389 1.85505581 0.48628172
v -0.02349389 1.88676023 0.48671669
v -0.02349389 1.88676023 0.48671669
v -0.02349389 1.88676023 0.48671669
v -0.02349389 1.88676023 0.48671669
v -0.01576842 1.88676023 0.48688170
v -0.01576842 1.88676023 0.48688170
v -0.01576842 1.88676023 0.48688170
v -0.01576842 1.88676023 0.48688170
v -0.01576842 1.88676023 0.48688170
v 0.01595388 1.90851688 0.48082241
v 0.01595388 1.90851688 0.48082241
v 0.01595388 1.90851688 0.48082241
v 0.01595388 1.90851688 0.48082241
v 0.04765339 1.90822542 0.48052242
v 0.04765339 1.90822542 0.48052242
v 0.04765339 1.90822542 0.48052242
v 0.04765339 1.90822542 0.48052242
v 0.04765339 1.90822542 0.48052242
v 0.04765339 1.90822542 0.48052242
v 0.14275192 1.90995193 0.45408055
v 0.14275192 1.90995193 0.45408055
v 0.14275192 1.90995193 0.45408055
v 0.14275192 1.90995193 0.45408055
v 0.14275192 1.90995193 0.45408055
v 0.14275192 1.90995193 0.45408055
v 0.14275192 1.90995193 0.45408055
v 0.20539889 1.90926433 0.42906347
v 0.20539889 1.90926433 0.42906347
v 0.20539889 1.90926433 0.42906347
v 0.20931859 1.90917468 0.42786360
v 0.20931859 1.90917468 0.42786360
v 0.20931859 1.90917468 0.42786360
v 0.20931859 1.90917468 0.42786360
v 0.20931859 1.90917468 0.42786360
v 0.20931859 1.90917468 0.42786360
v 0.19432344 1.90480983 0.44578651
v 0.19432344 1.90480983 0.44578651
v 0.19432344 1.90480983 0.44578651
v 0.19432344 1.90480983 0.44578651
v 0.19432344 1.90480983 0.44578651
v 0.19432344 1.90480983 0.44578651
v 0.09849566 1.90360665 0.47635290
v 0.09849566 1.90360665 0.47635290
v 0.09849566 1.90360665 0.47635290
v 0.09849566 1.90360665 0.47635290
v 0.09849566 1.90360665 0.47635290
v 0.09849566 1.90360665 0.47635290
v 0.09849566 1.90360665 0.47635290
v 0.07935289 1.88676023 0.48197728
v 0.07935289 1.88676023 0.48197728
v 0.07935289 1.88676023 0.48197728
v 0.07935289 1.88676023 0.48197728
v 0.07935289 1.88676023 0.48197728
v 0.07935289 1.88676023 0.48197728
v 0.07935289 1.88676023 0.48197728
v 0.04765339 1.85505581 0.48562184
v 0.04765339 1.85505581 0.48562184
v 0.04765339 1.85505581 0.48562184
v 0.04765339 1.85505581 0.48562184
v 0.04765339 1.85505581 0.48562184
v 0.04765339 1.85505581 0.48562184
v 0.04765339 1.85505581 0.48562184
v 0.06563392 1.83477139 0.47878262
v 0.06563392 1.83477139 0.47878262
v 0.06563392 1.83477139 0.47878262
v 0.06563392 1.83477139 0.47878262
v 0.04765339 1.83477139 0.48038745
v 0.04765339 1.83477139 0.48038745
v 0.04765339 1.83477139 0.48038745
v 0.04765339 1.83477139 0.48038745
v 0.01595388 1.85505581 0.48649177
v 0.01595388 1.85505581 0.48649177
v 0.01595388 1.85505581 0.48649177
v 0.01595388 1.85505581 0.48649177
v 0.01595388 1.85505581 0.48649177
v 0.01595388 1.85505581 0.48649177
v 0.01595388 1.88676023 0.48688170
v 0.01595388 1.88676023 0.48688170
v 0.01595388 1.88676023 0.48688170
v 0.01595388 1.88676023 0.48688170
v 0.01595388 1.88676023 0.48688170
v 0.04765339 1.88676023 0.48617679
v 0.04765339 1.88676023 0.48617679
v 0.04765339 1.88676023 0.48617679
v 0.04765339 1.88676023 0.48617679
v 0.04765339 1.88676023 0.48617679
v 0.04765339 1.88676023 0.48617679
v 0.07935289 1.90602064 0.47848266
v 0.07935289 1.90602064 0.47848266
v 0.07935289 1.90602064 0.47848266
v 0.07935289 1.90602064 0.47848266
v 0.07935289 1.90602064 0.47848266
v 0.07935289 1.90602064 0.47848266
v 0.17447419 1.90798628 0.44958106
v 0.17447419 1.90798628 0.44958106
v 0.17447419 1.90798628 0.44958106
v 0.17447419 1.90798628 0.44958106
v 0.17447419 1.90798628 0.44958106
v -0.15077122 1.84584320 -0.00675430
v -0.15077122 1.84584320 -0.00675430
v -0.15077122 1.84584320 -0.00675430
v -0.14979084 1.83144557 -0.00675430
v -0.14979084 1.83144557 -0.00675430
v -0.14979084 1.83144557 -0.00675430
v -0.14979084 1.83144557 -0.00675430
v -0.17260994 1.83144557 -0.00673418
v -0.17260994 1.83144557 -0.00673418
v -0.17260994 1.83144557 -0.00673418
v -0.17260994 1.83144557 -0.00673418
v -0.17260994 1.83144557 -0.00673418
v -0.17260994 1.83144557 -0.00673418
v -0.17260994 1.83144557 -0.00673418
v -0.17260994 1.83144557 -0.00673418
v -0.14728919 1.85506105 -0.00675430
v -0.14728919 1.85506105 -0.00675430
v -0.14728919 1.85506105 -0.00675430
v 0.17275298 1.83144557 -0.00675430
v 0.17275298 1.83144557 -0.00675430
v 0.17275298 1.83144557 -0.00675430
v 0.17275298 1.83144557 -0.00675430
v 0.17275298 1.83144557 -0.00675430
v -0.17257613 1.83144557 0.01389393
v -0.17257613 1.83144557 0.01389393
v -0.17257613 1.83144557 0.01389393
v -0.17257613 1.83144557 0.01389393
v -0.13724878 1.88161588 0.04754292
v -0.13724878 1.88161588 0.04754292
v -0.13724878 1.88161588 0.04754292
v -0.13724878 1.88161588 0.04754292
v -0.13724878 1.88161588 0.04754292
v -0.13724878 1.88161588 0.04754292
v -0.13724878 1.88161588 0.04754292
v -0.13724878 1.88161588 0.04754292
v -0.13789110 1.87917078 0.01582593
v -0.13789110 1.87917078 0.01582593
v -0.13789110 1.87917078 0.01582593
v -0.13789110 1.87917078 0.01582593
v -0.13589653 1.87690461 -0.00675430
v -0.13589653 1.87690461 -0.00675430
v -0.13589653 1.87690461 -0.00675430
v -0.13589653 1.87690461 -0.00675430
v -0.13589653 1.87690461 -0.00675430
v -0.13589653 1.87690461 -0.00675430
v -0.13589653 1.87690461 -0.00675430
v -0.14404382 1.86201286 -0.00675430
v -0.14404382 1.86201286 -0.00675430
v -0.14404382 1.86201286 -0.00675430
v 0.13603956 1.87690461 -0.00675430
v 0.13603956 1.87690461 -0.00675430
v 0.13603956 1.87690461 -0.00675430
v 0.13603956 1.87690461 -0.00675430
v 0.13803412 1.87917078 0.01582593
v 0.13803412 1.87917078 0.01582593
v 0.13803412 1.87917078 0.01582593
v 0.13803412 1.87917078 0.01582593
v 0.13739182 1.88162434 0.04754292
v 0.13739182 1.88162434 0.04754292
v 0.13739182 1.88162434 0.04754292
v 0.13739182 1.88162434 0.04754292
v 0.13739182 1.88162434 0.04754292
v 0.13739182 1.88162434 0.04754292
v 0.13739182 1.88162434 0.04754292
v 0.17268535 1.83144557 0.01584605
v 0.17268535 1.83144557 0.01584605
v 0.17268535 1.83144557 0.01584605
v 0.17268535 1.83144557 0.01584605
v -0.17254233 1.83144557 0.01584605
v -0.17254233 1.83144557 0.01584605
v -0.17254233 1.83144557 0.01584605
v -0.17254233 1.83144557 0.01584605
v -0.17254233 1.83144557 0.01584605
v -0.13383436 1.88349009 0.07928003
v -0.13383436 1.88349009 0.07928003
v -0.13383436 1.88349009 0.07928003
v -0.13383436 1.88349009 0.07928003
v -0.13383436 1.88349009 0.07928003
v -0.13383436 1.88349009 0.07928003
v -0.10229330 1.90657747 0.14263350
v -0.10229330 1.90657747 0.14263350
v -0.10229330 1.90657747 0.14263350
v -0.10229330 1.90657747 0.14263350
v -0.10229330 1.90657747 0.14263350
v -0.10310464 1.90467763 0.11091651
v -0.10310464 1.90467763 0.11091651
v -0.10310464 1.90467763 0.11091651
v -0.10310464 1.90467763 0.11091651
v -0.10310464 1.90467763 0.11091651
v -0.11037295 1.89880776 0.08149377
v -0.11037295 1.89880776 0.08149377
v -0.11037295 1.89880776 0.08149377
v -0.11037295 1.89880776 0.08149377
v -0.11037295 1.89880776 0.08149377
v -0.11037295 1.89880776 0.08149377
v -0.11088005 1.89285278 0.04754292
v -0.11088005 1.89285278 0.04754292
v -0.11088005 1.89285278 0.04754292
v -0.11088005 1.89285278 0.04754292
v -0.11088005 1.88629293 0.01582593
v -0.11088005 1.88629293 0.01582593
v -0.11088005 1.88629293 0.01582593
v -0.11088005 1.88629293 0.01582593
v -0.11088005 1.88629293 0.01582593
v -0.11088005 1.88629293 0.01582593
v -0.11088005 1.88629293 0.01582593
v -0.11088005 1.88629293 0.01582593
v -0.11088005 1.88081503 -0.00675430
v -0.11088005 1.88081503 -0.00675430
v -0.11088005 1.88081503 -0.00675430
v 0.12823036 1.87888110 -0.00675430
v 0.12823036 1.87888110 -0.00675430
v 0.12823036 1.87888110 -0.00675430
v 0.12823036 1.87888110 -0.00675430
v 0.12823036 1.87888110 -0.00675430
v 0.11044836 1.89880776 0.08153403
v 0.11044836 1.89880776 0.08153403
v 0.11044836 1.89880776 0.08153403
v 0.11044836 1.89880776 0.08153403
v 0.11044836 1.89880776 0.08153403
v 0.11044836 1.89880776 0.08153403
v 0.11044836 1.89880776 0.08153403
v 0.13397740 1.88349009 0.07928003
v 0.13397740 1.88349009 0.07928003
v 0.13397740 1.88349009 0.07928003
v 0.13397740 1.88349009 0.07928003
v 0.13397740 1.88349009 0.07928003
v 0.13397740 1.88349009 0.07928003
v 0.13397740 1.88349009 0.07928003
v 0.10321386 1.90466905 0.11091651
v 0.10321386 1.90466905 0.11091651
v 0.10321386 1.90466905 0.11091651
v 0.10321386 1.90466905 0.11091651
v 0.10321386 1.90466905 0.11091651
v 0.10247013 1.90657747 0.14263350
v 0.10247013 1.90657747 0.14263350
v 0.10247013 1.90657747 0.14263350
v 0.10247013 1.90657747 0.14263350
v 0.10247013 1.90657747 0.14263350
v 0.17224588 1.83144557 0.01906606
v 0.17224588 1.83144557 0.01906606
v 0.17224588 1.83144557 0.01906606
v -0.16753903 1.83144557 0.04754292
v -0.16753903 1.83144557 0.04754292
v -0.16753903 1.83144557 0.04754292
v -0.16753903 1.83144557 0.04754292
v -0.12991287 1.87998867 0.10250427
v -0.12991287 1.87998867 0.10250427
v -0.12991287 1.87998867 0.10250427
v -0.12991287 1.87998867 0.10250427
v -0.09840560 1.90547001 0.16259749
v -0.09840560 1.90547001 0.16259749
v -0.09840560 1.90547001 0.16259749
v -0.09840560 1.90547001 0.16259749
v -0.09840560 1.90547001 0.16259749
v -0.09840560 1.90547001 0.16259749
v -0.09840560 1.90547001 0.16259749
v -0.09840560 1.90547001 0.16259749
v -0.09840560 1.90547001 0.16259749
v -0.09840560 1.90547001 0.16259749
v -0.09840560 1.90547001 0.16259749
v -0.09840560 1.90547001 0.16259749
v -0.09840560 1.90547001 0.16259749
v -0.07916994 1.91202140 0.14263350
v -0.07916994 1.91202140 0.14263350
v -0.07916994 1.91202140 0.14263350
v -0.07916994 1.91202140 0.14263350
v -0.07916994 1.91202140 0.14263350
v -0.07916994 1.91202140 0.14263350
v -0.07916994 1.91202140 0.14263350
v -0.09945359 1.90293968 0.09352852
v -0.09945359 1.90293968 0.09352852
v -0.09945359 1.90293968 0.09352852
v -0.09945359 1.90293968 0.09352852
v -0.09945359 1.90293968 0.09352852
v -0.09945359 1.90293968 0.09352852
v -0.09945359 1.90293968 0.09352852
v -0.01571593 1.91398931 0.14263350
v -0.01571593 1.91398931 0.14263350
v -0.01571593 1.91398931 0.14263350
v -0.01571593 1.91398931 0.14263350
v -0.01571593 1.91398931 0.14263350
v -0.01571593 1.91398931 0.14263350
v 0.01592656 1.91398072 0.14263350
v 0.01592656 1.91398072 0.14263350
v 0.01592656 1.91398072 0.14263350
v 0.01592656 1.91398072 0.14263350
v 0.01592656 1.91398072 0.14263350
v 0.01592656 1.91398072 0.14263350
v 0.11102307 1.88602889 0.01582593
v 0.11102307 1.88602889 0.01582593
v 0.11102307 1.88602889 0.01582593
v 0.11102307 1.88602889 0.01582593
v 0.11102307 1.88602889 0.01582593
v 0.11102307 1.88602889 0.01582593
v 0.11102307 1.88072979 -0.00675430
v 0.11102307 1.88072979 -0.00675430
v 0.11102307 1.88072979 -0.00675430
v 0.11102307 1.88072979 -0.00675430
v 0.11102307 1.89260578 0.04754292
v 0.11102307 1.89260578 0.04754292
v 0.11102307 1.89260578 0.04754292
v 0.11102307 1.89260578 0.04754292
v 0.09949519 1.90293121 0.09358890
v 0.09949519 1.90293121 0.09358890
v 0.09949519 1.90293121 0.09358890
v 0.09949519 1.90293121 0.09358890
v 0.09949519 1.90293121 0.09358890
v 0.09949519 1.90293121 0.09358890
v 0.09949519 1.90293121 0.09358890
v 0.13005589 1.87996316 0.10244390
v 0.13005589 1.87996316 0.10244390
v 0.13005589 1.87996316 0.10244390
v 0.16791871 1.83144557 0.04754292
v 0.16791871 1.83144557 0.04754292
v 0.16791871 1.83144557 0.04754292
v 0.16791871 1.83144557 0.04754292
v 0.16791871 1.83144557 0.04754292
v 0.09854863 1.90547001 0.16259749
v 0.09854863 1.90547001 0.16259749
v 0.09854863 1.90547001 0.16259749
v 0.09854863 1.90547001 0.16259749
v 0.09854863 1.90547001 0.16259749
v 0.09854863 1.90547001 0.16259749
v 0.09854863 1.90547001 0.16259749
v 0.09854863 1.90547001 0.16259749
v 0.09854863 1.90547001 0.16259749
v 0.09854863 1.90547001 0.16259749
v 0.09854863 1.90547001 0.16259749
v 0.09854863 1.90547001 0.16259749
v 0.07931297 1.91202140 0.14263350
v 0.07931297 1.91202140 0.14263350
v 0.07931297 1.91202140 0.14263350
v 0.07931297 1.91202140 0.14263350
v 0.07931297 1.91202140 0.14263350
v 0.07931297 1.91202140 0.14263350
v 0.07931297 1.91202140 0.14263350
v -0.16226529 1.83144557 0.06185178
v -0.16226529 1.83144557 0.06185178
v -0.16226529 1.83144557 0.06185178
v -0.16226529 1.83144557 0.06185178
v -0.12889868 1.83144557 0.12234751
v -0.12889868 1.83144557 0.12234751
v -0.12889868 1.83144557 0.12234751
v -0.09735761 1.83144557 0.16187298
v -0.09735761 1.83144557 0.16187298
v -0.09735761 1.83144557 0.16187298
v -0.09735761 1.83144557 0.16187298
v -0.06659407 1.89866304 0.19224159
v -0.06659407 1.89866304 0.19224159
v -0.06659407 1.89866304 0.19224159
v -0.06659407 1.89866304 0.19224159
v -0.06659407 1.89866304 0.19224159
v -0.06659407 1.89866304 0.19224159
v -0.06659407 1.90504396 0.19224159
v -0.06659407 1.90504396 0.19224159
v -0.06659407 1.90504396 0.19224159
v -0.06659407 1.90504396 0.19224159
v -0.07795292 1.90856254 0.17366624
v -0.07795292 1.90856254 0.17366624
v -0.07795292 1.90856254 0.17366624
v -0.07795292 1.90856254 0.17366624
v -0.04745984 1.91570163 0.17437060
v -0.04745984 1.91570163 0.17437060
v -0.04745984 1.91570163 0.17437060
v -0.04745984 1.91570163 0.17437060
v -0.04745984 1.91570163 0.17437060
v -0.04745984 1.91570163 0.17437060
v -0.15486176 1.83144557 0.08095040
v -0.15486176 1.83144557 0.08095040
v -0.15486176 1.83144557 0.08095040
v -0.15134592 1.83144557 0.08978527
v -0.15134592 1.83144557 0.08978527
v -0.15134592 1.83144557 0.08978527
v -0.01571593 1.91847050 0.17437060
v -0.01571593 1.91847050 0.17437060
v -0.01571593 1.91847050 0.17437060
v -0.01571593 1.91847050 0.17437060
v -0.01571593 1.91847050 0.17437060
v -0.01571593 1.91847050 0.17437060
v -0.04745984 1.91374218 0.14263350
v -0.04745984 1.91374218 0.14263350
v -0.04745984 1.91374218 0.14263350
v -0.04745984 1.91374218 0.14263350
v 0.01592656 1.91847050 0.17437060
v 0.01592656 1.91847050 0.17437060
v 0.01592656 1.91847050 0.17437060
v 0.01592656 1.91847050 0.17437060
v 0.01592656 1.91847050 0.17437060
v 0.01592656 1.91847050 0.17437060
v 0.01592656 1.91847050 0.17437060
v 0.01592656 1.91847050 0.17437060
v 0.04760286 1.91373360 0.14263350
v 0.04760286 1.91373360 0.14263350
v 0.04760286 1.91373360 0.14263350
v 0.04760286 1.91373360 0.14263350
v 0.15524141 1.83144557 0.08095040
v 0.15524141 1.83144557 0.08095040
v 0.15524141 1.83144557 0.08095040
v 0.04760286 1.91570163 0.17437060
v 0.04760286 1.91570163 0.17437060
v 0.04760286 1.91570163 0.17437060
v 0.04760286 1.91570163 0.17437060
v 0.04760286 1.91570163 0.17437060
v 0.04760286 1.91570163 0.17437060
v 0.07812975 1.90856254 0.17366624
v 0.07812975 1.90856254 0.17366624
v 0.07812975 1.90856254 0.17366624
v 0.07812975 1.90856254 0.17366624
v 0.06673710 1.90504396 0.19224159
v 0.06673710 1.90504396 0.19224159
v 0.06673710 1.90504396 0.19224159
v 0.06673710 1.90504396 0.19224159
v 0.06673710 1.89866304 0.19224159
v 0.06673710 1.89866304 0.19224159
v 0.06673710 1.89866304 0.19224159
v 0.06673710 1.89866304 0.19224159
v 0.06673710 1.89866304 0.19224159
v 0.06673710 1.89866304 0.19224159
v 0.06673710 1.89866304 0.19224159
v 0.09807534 1.88675296 0.16195349
v 0.09807534 1.88675296 0.16195349
v 0.09807534 1.88675296 0.16195349
v 0.09807534 1.88675296 0.16195349
v 0.11085404 1.83144557 0.14217062
v 0.11085404 1.83144557 0.14217062
v 0.11085404 1.83144557 0.14217062
v 0.11085404 1.83144557 0.14217062
v -0.07788531 1.83144557 0.17255935
v -0.07788531 1.83144557 0.17255935
v -0.07788531 1.83144557 0.17255935
v -0.01666250 1.83144557 0.19431446
v -0.01666250 1.83144557 0.19431446
v -0.01666250 1.83144557 0.19431446
v -0.01666250 1.83144557 0.19431446
v -0.01666250 1.83144557 0.19431446
v -0.01666250 1.83144557 0.19431446
v -0.04745984 1.89339805 0.19588423
v -0.04745984 1.89339805 0.19588423
v -0.04745984 1.89339805 0.19588423
v -0.04745984 1.89339805 0.19588423
v -0.04745984 1.90846026 0.19588423
v -0.04745984 1.90846026 0.19588423
v -0.04745984 1.90846026 0.19588423
v -0.04745984 1.90846026 0.19588423
v -0.04745984 1.90846026 0.19588423
v -0.01571593 1.91085422 0.19884260
v -0.01571593 1.91085422 0.19884260
v -0.01571593 1.91085422 0.19884260
v -0.01571593 1.91085422 0.19884260
v -0.01571593 1.91085422 0.19884260
v -0.01571593 1.91085422 0.19884260
v 0.01592656 1.91085422 0.19882247
v 0.01592656 1.91085422 0.19882247
v 0.01592656 1.91085422 0.19882247
v 0.01592656 1.91085422 0.19882247
v 0.01592656 1.91085422 0.19882247
v 0.04760286 1.90846026 0.19588423
v 0.04760286 1.90846026 0.19588423
v 0.04760286 1.90846026 0.19588423
v 0.04760286 1.90846026 0.19588423
v 0.04760286 1.90846026 0.19588423
v 0.04760286 1.89339805 0.19588423
v 0.04760286 1.89339805 0.19588423
v 0.04760286 1.89339805 0.19588423
v 0.04760286 1.89339805 0.19588423
v 0.01673791 1.83144557 0.19427423
v 0.01673791 1.83144557 0.19427423
v 0.01673791 1.83144557 0.19427423
v 0.01673791 1.83144557 0.19427423
v 0.01673791 1.83144557 0.19427423
v 0.07772408 1.83144557 0.17259960
v 0.07772408 1.83144557 0.17259960
v 0.07772408 1.83144557 0.17259960
v 0.10990746 1.83144557 0.14325736
v 0.10990746 1.83144557 0.14325736
v 0.10990746 1.83144557 0.14325736
v 0.10990746 1.83144557 0.14325736
v -0.01571593 1.88984549 0.19884260
v -0.01571593 1.88984549 0.19884260
v -0.01571593 1.88984549 0.19884260
v -0.01571593 1.88984549 0.19884260
v 0.01592656 1.88984549 0.19882247
v 0.01592656 1.88984549 0.19882247
v 0.01592656 1.88984549 0.19882247
v 0.01592656 1.88984549 0.19882247
v 0.01592656 1.88984549 0.19882247
v 0.17476240 1.83094740 -0.00678507
v 0.17476240 1.83094740 -0.00678507
v 0.17476240 1.83094740 -0.00678507
v 0.17476240 1.76420736 -0.00678507
v 0.17476240 1.76420736 -0.00678507
v 0.17476240 1.76420736 -0.00678507
v 0.17476240 1.83108425 -0.00684660
v 0.17476240 1.83108425 -0.00684660
v 0.17476240 1.83108425 -0.00684660
v 0.13605298 1.87690473 -0.00678507
v 0.13605298 1.87690473 -0.00678507
v 0.13605298 1.87690473 -0.00678507
v 0.13605298 1.87690473 -0.00678507
v 0.13605298 1.87690473 -0.00678507
v 0.13605298 1.87690473 -0.00678507
v 0.13605298 1.87690473 -0.00678507
v 0.13605298 1.87690473 -0.00678507
v 0.13605298 1.87690473 -0.00678507
v 0.13605298 1.87690473 -0.00678507
v 0.13605298 1.87690473 -0.00678507
v 0.01589677 1.76420736 -0.00678507
v 0.01589677 1.76420736 -0.00678507
v 0.01589677 1.76420736 -0.00678507
v 0.17476240 1.76420736 -0.32098070
v 0.17476240 1.76420736 -0.32098070
v 0.17476240 1.76420736 -0.32098070
v 0.17476240 1.83108425 -0.01619802
v 0.17476240 1.83108425 -0.01619802
v 0.17476240 1.83108425 -0.01619802
v 0.12826134 1.87887800 -0.00678507
v 0.12826134 1.87887800 -0.00678507
v 0.12826134 1.87887800 -0.00678507
v 0.12826134 1.87887800 -0.00678507
v 0.17476240 1.83107293 -0.04788213
v 0.17476240 1.83107293 -0.04788213
v 0.17476240 1.83107293 -0.04788213
v 0.17476240 1.83103871 -0.07959700
v 0.17476240 1.83103871 -0.07959700
v 0.17476240 1.83103871 -0.07959700
v 0.17476240 1.83087897 -0.20614888
v 0.17476240 1.83087897 -0.20614888
v 0.17476240 1.83087897 -0.20614888
v 0.17476240 1.83081055 -0.23814060
v 0.17476240 1.83081055 -0.23814060
v 0.17476240 1.83081055 -0.23814060
v 0.17476240 1.83067369 -0.26954785
v 0.17476240 1.83067369 -0.26954785
v 0.17476240 1.83067369 -0.26954785
v 0.17476240 1.83039987 -0.30153960
v 0.17476240 1.83039987 -0.30153960
v 0.17476240 1.83039987 -0.30153960
v 0.17476240 1.83012617 -0.32098070
v 0.17476240 1.83012617 -0.32098070
v 0.17476240 1.83012617 -0.32098070
v 0.17476240 1.83012617 -0.32098070
v 0.17476240 1.83012617 -0.32098070
v 0.17476240 1.83012617 -0.32098070
v 0.17476240 1.83012617 -0.32098070
v 0.01589677 1.83049119 -0.00678507
v 0.01589677 1.83049119 -0.00678507
v 0.01589677 1.83049119 -0.00678507
v 0.01589677 1.76420736 -0.32098070
v 0.01589677 1.76420736 -0.32098070
v 0.01589677 1.76420736 -0.32098070
v 0.12714159 1.87105310 -0.06400103
v 0.12714159 1.87105310 -0.06400103
v 0.12714159 1.87105310 -0.06400103
v 0.11106062 1.88072586 -0.00678507
v 0.11106062 1.88072586 -0.00678507
v 0.11106062 1.88072586 -0.00678507
v 0.11106062 1.88072586 -0.00678507
v 0.11106062 1.88072586 -0.00678507
v 0.11106062 1.88072586 -0.00678507
v 0.11106062 1.88072586 -0.00678507
v 0.11106062 1.88072586 -0.00678507
v 0.11106062 1.88072586 -0.00678507
v 0.11106062 1.88072586 -0.00678507
v 0.14277153 1.83027446 -0.32098070
v 0.14277153 1.83027446 -0.32098070
v 0.14277153 1.83027446 -0.32098070
v 0.08791896 1.87481725 -0.00678507
v 0.08791896 1.87481725 -0.00678507
v 0.08791896 1.87481725 -0.00678507
v 0.01589677 1.85593927 -0.14274989
v 0.01589677 1.85593927 -0.14274989
v 0.01589677 1.85593927 -0.14274989
v 0.01589677 1.85593927 -0.14274989
v 0.01589677 1.85593927 -0.14274989
v 0.01589677 1.85593927 -0.14274989
v 0.01589677 1.80759811 -0.32098070
v 0.01589677 1.80759811 -0.32098070
v 0.01589677 1.80759811 -0.32098070
v 0.10222698 1.87847877 -0.00678507
v 0.10222698 1.87847877 -0.00678507
v 0.10222698 1.87847877 -0.00678507
v 0.11106062 1.83038855 -0.32098070
v 0.11106062 1.83038855 -0.32098070
v 0.11106062 1.83038855 -0.32098070
v 0.07936525 1.83049119 -0.32098070
v 0.07936525 1.83049119 -0.32098070
v 0.07936525 1.83049119 -0.32098070
v 0.04765434 1.83055961 -0.32098070
v 0.04765434 1.83055961 -0.32098070
v 0.04765434 1.83055961 -0.32098070
v 0.01591232 1.83059382 -0.32098070
v 0.01591232 1.83059382 -0.32098070
v 0.01591232 1.83059382 -0.32098070
v 0.01591232 1.83059382 -0.32098070
v 0.01591232 1.83059382 -0.32098070
v 0.01589677 1.83074212 -0.30126271
v 0.01589677 1.83074212 -0.30126271
v 0.01589677 1.83074212 -0.30126271
v 0.26863325 0.05369891 0.42842287
v 0.26863325 0.05369891 0.42842287
v 0.26863325 0.05369891 0.42842287
v 0.26863325 0.05369891 0.42842287
v 0.26863325 0.05369891 0.42842287
v 0.25071189 0.05369891 0.43881568
v 0.25071189 0.05369891 0.43881568
v 0.25071189 0.05369891 0.43881568
v 0.25071189 0.05369891 0.43881568
v 0.21958408 0.00102280 0.37909856
v 0.21958408 0.00102280 0.37909856
v 0.21958408 0.00102280 0.37909856
v 0.21958408 0.00102280 0.37909856
v 0.21958408 0.00102280 0.37909856
v 0.25643548 -0.00142584 0.35081002
v 0.25643548 -0.00142584 0.35081002
v 0.25643548 -0.00142584 0.35081002
v 0.25643548 -0.00142584 0.35081002
v 0.25643548 -0.00142584 0.35081002
v 0.25643548 -0.00142584 0.35081002
v 0.26863325 0.00191138 0.34611380
v 0.26863325 0.00191138 0.34611380
v 0.26863325 0.00191138 0.34611380
v 0.26863325 0.05369891 0.21992697
v 0.26863325 0.05369891 0.21992697
v 0.26863325 0.05369891 0.21992697
v 0.26863325 0.05369891 0.21992697
v 0.23764619 0.05369891 0.44554046
v 0.23764619 0.05369891 0.44554046
v 0.23764619 0.05369891 0.44554046
v 0.19844908 -0.00287742 0.38440612
v 0.19844908 -0.00287742 0.38440612
v 0.19844908 -0.00287742 0.38440612
v 0.19844908 -0.00287742 0.38440612
v 0.19844908 -0.00287742 0.38440612
v 0.19844908 -0.00287742 0.38440612
v 0.19844908 -0.00287742 0.38440612
v 0.19844908 -0.00287742 0.38440612
v 0.23788075 -0.00486473 0.35720134
v 0.23788075 -0.00486473 0.35720134
v 0.23788075 -0.00486473 0.35720134
v 0.23788075 -0.00486473 0.35720134
v 0.23788075 -0.00486473 0.35720134
v 0.23788075 -0.00486473 0.35720134
v 0.26804683 -0.00593652 0.33244193
v 0.26804683 -0.00593652 0.33244193
v 0.26804683 -0.00593652 0.33244193
v 0.26804683 -0.00593652 0.33244193
v 0.26804683 -0.00593652 0.33244193
v 0.26863325 -0.00585509 0.33216405
v 0.26863325 -0.00585509 0.33216405
v 0.26863325 -0.00585509 0.33216405
v 0.26863325 -0.00585509 0.33216405
v 0.26863325 0.01317776 0.23787823
v 0.26863325 0.01317776 0.23787823
v 0.26863325 0.01317776 0.23787823
v 0.26863325 0.01317776 0.23787823
v 0.02901713 0.01585706 0.35778493
v 0.02901713 0.01585706 0.35778493
v 0.02901713 0.01585706 0.35778493
v 0.02901713 0.01585706 0.35778493
v 0.02901713 0.05369891 0.34289035
v 0.02901713 0.05369891 0.34289035
v 0.02901713 0.05369891 0.34289035
v 0.20665911 0.05369891 0.46071291
v 0.20665911 0.05369891 0.46071291
v 0.20665911 0.05369891 0.46071291
v 0.20665911 0.05369891 0.46071291
v 0.15446666 0.00132122 0.41047159
v 0.15446666 0.00132122 0.41047159
v 0.15446666 0.00132122 0.41047159
v 0.15446666 0.00132122 0.41047159
v 0.15446666 0.00132122 0.41047159
v 0.15446666 0.00132122 0.41047159
v 0.17447571 -0.00600433 0.39004716
v 0.17447571 -0.00600433 0.39004716
v 0.17447571 -0.00600433 0.39004716
v 0.17447571 -0.00600433 0.39004716
v 0.17447571 -0.00600433 0.39004716
v 0.17447571 -0.00600433 0.39004716
v 0.20787889 -0.00807987 0.36695507
v 0.20787889 -0.00807987 0.36695507
v 0.20787889 -0.00807987 0.36695507
v 0.20787889 -0.00807987 0.36695507
v 0.20787889 -0.00807987 0.36695507
v 0.23788075 -0.01314669 0.33294213
v 0.23788075 -0.01314669 0.33294213
v 0.23788075 -0.01314669 0.33294213
v 0.23788075 -0.01314669 0.33294213
v 0.23788075 -0.01314669 0.33294213
v 0.23788075 -0.01314669 0.33294213
v 0.26863325 -0.00907024 0.32079864
v 0.26863325 -0.00907024 0.32079864
v 0.26863325 -0.00907024 0.32079864
v 0.26863325 -0.00907024 0.32079864
v 0.26863325 -0.00106635 0.24815992
v 0.26863325 -0.00106635 0.24815992
v 0.26863325 -0.00106635 0.24815992
v 0.02901713 -0.00788992 0.37090099
v 0.02901713 -0.00788992 0.37090099
v 0.02901713 -0.00788992 0.37090099
v 0.02901713 -0.00788992 0.37090099
v 0.02901713 -0.00788992 0.37090099
v 0.02901713 0.05369891 0.50381261
v 0.02901713 0.05369891 0.50381261
v 0.02901713 0.05369891 0.50381261
v 0.20597886 0.05369891 0.46101856
v 0.20597886 0.05369891 0.46101856
v 0.20597886 0.05369891 0.46101856
v 0.13335511 -0.00186676 0.41444531
v 0.13335511 -0.00186676 0.41444531
v 0.13335511 -0.00186676 0.41444531
v 0.13335511 -0.00186676 0.41444531
v 0.13335511 -0.00186676 0.41444531
v 0.13335511 -0.00186676 0.41444531
v 0.13335511 -0.00186676 0.41444531
v 0.13335511 -0.00186676 0.41444531
v 0.13335511 -0.00186676 0.41444531
v 0.18679079 0.05369891 0.46960515
v 0.18679079 0.05369891 0.46960515
v 0.18679079 0.05369891 0.46960515
v 0.18679079 0.05369891 0.46960515
v 0.14346521 -0.00753042 0.39846700
v 0.14346521 -0.00753042 0.39846700
v 0.14346521 -0.00753042 0.39846700
v 0.14346521 -0.00753042 0.39846700
v 0.14346521 -0.00753042 0.39846700
v 0.17447571 -0.01405563 0.36462080
v 0.17447571 -0.01405563 0.36462080
v 0.17447571 -0.01405563 0.36462080
v 0.17447571 -0.01405563 0.36462080
v 0.17447571 -0.01405563 0.36462080
v 0.17447571 -0.01405563 0.36462080
v 0.17447571 -0.01405563 0.36462080
v 0.17447571 -0.01405563 0.36462080
v 0.17447571 -0.01405563 0.36462080
v 0.26863325 -0.01420487 0.30115229
v 0.26863325 -0.01420487 0.30115229
v 0.26863325 -0.01420487 0.30115229
v 0.26863325 -0.01420487 0.30115229
v 0.26863325 -0.01420487 0.30115229
v 0.26863325 -0.00903633 0.26494405
v 0.26863325 -0.00903633 0.26494405
v 0.26863325 -0.00903633 0.26494405
v 0.26863325 -0.00903633 0.26494405
v 0.02901713 -0.01558852 0.39632732
v 0.02901713 -0.01558852 0.39632732
v 0.02901713 -0.01558852 0.39632732
v 0.02901713 -0.01558852 0.39632732
v 0.02901713 -0.01558852 0.39632732
v 0.02901713 -0.01558852 0.39632732
v 0.02901713 -0.01558852 0.39632732
v 0.02901713 0.00352570 0.43976051
v 0.02901713 0.00352570 0.43976051
v 0.02901713 0.00352570 0.43976051
v 0.02901713 0.00352570 0.43976051
v 0.02901713 0.00352570 0.43976051
v 0.02901713 0.00352570 0.43976051
v 0.03476416 0.05369891 0.50364584
v 0.03476416 0.05369891 0.50364584
v 0.03476416 0.05369891 0.50364584
v 0.11107069 -0.00405763 0.41733533
v 0.11107069 -0.00405763 0.41733533
v 0.11107069 -0.00405763 0.41733533
v 0.11107069 -0.00405763 0.41733533
v 0.11107069 -0.00405763 0.41733533
v 0.11107069 -0.00405763 0.41733533
v 0.11107069 -0.00405763 0.41733533
v 0.11107069 -0.00405763 0.41733533
v 0.17391275 0.05369891 0.47455147
v 0.17391275 0.05369891 0.47455147
v 0.17391275 0.05369891 0.47455147
v 0.16598418 0.05369891 0.47724694
v 0.16598418 0.05369891 0.47724694
v 0.16598418 0.05369891 0.47724694
v 0.14278494 0.05369891 0.48447192
v 0.14278494 0.05369891 0.48447192
v 0.14278494 0.05369891 0.48447192
v 0.13957128 0.05369891 0.48530555
v 0.13957128 0.05369891 0.48530555
v 0.13957128 0.05369891 0.48530555
v 0.13957128 0.05369891 0.48530555
v 0.11107069 -0.01241420 0.39632732
v 0.11107069 -0.01241420 0.39632732
v 0.11107069 -0.01241420 0.39632732
v 0.11107069 -0.01241420 0.39632732
v 0.11107069 -0.01241420 0.39632732
v 0.11107069 -0.01241420 0.39632732
v 0.07935645 -0.01427268 0.39632732
v 0.07935645 -0.01427268 0.39632732
v 0.07935645 -0.01427268 0.39632732
v 0.07935645 -0.01427268 0.39632732
v 0.04764220 -0.01522234 0.39632732
v 0.04764220 -0.01522234 0.39632732
v 0.04764220 -0.01522234 0.39632732
v 0.04764220 -0.01522234 0.39632732
v 0.04764220 -0.01522234 0.39632732
v 0.26863325 -0.00963318 0.26761174
v 0.26863325 -0.00963318 0.26761174
v 0.26863325 -0.00963318 0.26761174
v 0.02901713 -0.00769327 0.42389336
v 0.02901713 -0.00769327 0.42389336
v 0.02901713 -0.00769327 0.42389336
v 0.02901713 -0.00769327 0.42389336
v 0.04764220 0.00393946 0.43920472
v 0.04764220 0.00393946 0.43920472
v 0.04764220 0.00393946 0.43920472
v 0.04764220 0.00393946 0.43920472
v 0.04764220 0.00393946 0.43920472
v 0.04764220 0.00393946 0.43920472
v 0.04764220 0.05369891 0.50325686
v 0.04764220 0.05369891 0.50325686
v 0.04764220 0.05369891 0.50325686
v 0.04764220 0.05369891 0.50325686
v 0.04764220 -0.00734058 0.42336535
v 0.04764220 -0.00734058 0.42336535
v 0.04764220 -0.00734058 0.42336535
v 0.04764220 -0.00734058 0.42336535
v 0.04764220 -0.00734058 0.42336535
v 0.04764220 -0.00734058 0.42336535
v 0.04764220 -0.00734058 0.42336535
v 0.07935645 -0.00610606 0.42083663
v 0.07935645 -0.00610606 0.42083663
v 0.07935645 -0.00610606 0.42083663
v 0.07935645 -0.00610606 0.42083663
v 0.07935645 -0.00610606 0.42083663
v 0.11071883 0.05369891 0.49244717
v 0.11071883 0.05369891 0.49244717
v 0.11071883 0.05369891 0.49244717
v 0.08698007 0.05369891 0.49767140
v 0.08698007 0.05369891 0.49767140
v 0.08698007 0.05369891 0.49767140
v 0.07935645 0.05369891 0.49922752
v 0.07935645 0.05369891 0.49922752
v 0.07935645 0.05369891 0.49922752
v 0.07935645 0.05369891 0.49922752
v 0.07935645 0.05369891 0.49922752
v 0.06427342 0.05369891 0.50125605
v 0.06427342 0.05369891 0.50125605
v 0.06427342 0.05369891 0.50125605
v -0.49207366 0.07140356 -0.19286025
v -0.49207366 0.07140356 -0.19286025
v -0.49207366 0.07140356 -0.19286025
v -0.49207366 0.07140356 -0.19286025
v -0.48339364 0.06339293 -0.19286025
v -0.48339364 0.06339293 -0.19286025
v -0.48339364 0.06339293 -0.19286025
v -0.48339364 0.06339293 -0.19286025
v -0.48339364 0.06339293 -0.19286025
v -0.49844241 0.07140356 -0.17740132
v -0.49844241 0.07140356 -0.17740132
v -0.49844241 0.07140356 -0.17740132
v -0.49844241 0.07140356 -0.17740132
v -0.26834488 0.07140356 -0.19286025
v -0.26834488 0.07140356 -0.19286025
v -0.26834488 0.07140356 -0.19286025
v -0.26834488 0.07140356 -0.19286025
v -0.26834488 0.07140356 -0.19286025
v -0.26834488 0.07140356 -0.19286025
v -0.47977269 0.06053138 -0.19286025
v -0.47977269 0.06053138 -0.19286025
v -0.47977269 0.06053138 -0.19286025
v -0.47977269 0.06053138 -0.19286025
v -0.47977269 0.06053138 -0.19286025
v -0.47977269 0.06053138 -0.19286025
v -0.50434893 0.06586039 -0.14271390
v -0.50434893 0.06586039 -0.14271390
v -0.50434893 0.06586039 -0.14271390
v -0.50434893 0.06586039 -0.14271390
v -0.50434893 0.06586039 -0.14271390
v -0.50434893 0.06586039 -0.14271390
v -0.50434893 0.06586039 -0.14271390
v -0.50434893 0.06586039 -0.14271390
v -0.49900740 0.07080388 -0.17443138
v -0.49900740 0.07080388 -0.17443138
v -0.49900740 0.07080388 -0.17443138
v -0.49900740 0.07080388 -0.17443138
v -0.49900740 0.07080388 -0.17443138
v -0.49934125 0.07140356 -0.17513578
v -0.49934125 0.07140356 -0.17513578
v -0.49934125 0.07140356 -0.17513578
v -0.49934125 0.07140356 -0.17513578
v -0.32730740 0.07140356 0.00163287
v -0.32730740 0.07140356 0.00163287
v -0.32730740 0.07140356 0.00163287
v -0.35825244 0.01586018 0.00163287
v -0.35825244 0.01586018 0.00163287
v -0.35825244 0.01586018 0.00163287
v -0.36557138 0.00288037 0.00163287
v -0.36557138 0.00288037 0.00163287
v -0.36557138 0.00288037 0.00163287
v -0.37152925 -0.00764054 0.00163287
v -0.37152925 -0.00764054 0.00163287
v -0.37152925 -0.00764054 0.00163287
v -0.37152925 -0.00764054 0.00163287
v -0.37152925 -0.00764054 0.00163287
v -0.31076914 -0.00327116 -0.19286025
v -0.31076914 -0.00327116 -0.19286025
v -0.31076914 -0.00327116 -0.19286025
v -0.41082048 0.00096978 -0.15512675
v -0.41082048 0.00096978 -0.15512675
v -0.41082048 0.00096978 -0.15512675
v -0.41082048 0.00096978 -0.15512675
v -0.41082048 0.00096978 -0.15512675
v -0.41441575 -0.00181470 -0.13399446
v -0.41441575 -0.00181470 -0.13399446
v -0.41441575 -0.00181470 -0.13399446
v -0.41441575 -0.00181470 -0.13399446
v -0.41441575 -0.00181470 -0.13399446
v -0.41441575 -0.00181470 -0.13399446
v -0.48313683 0.05830383 -0.17443138
v -0.48313683 0.05830383 -0.17443138
v -0.48313683 0.05830383 -0.17443138
v -0.48313683 0.05830383 -0.17443138
v -0.38924885 -0.00127490 -0.19286025
v -0.38924885 -0.00127490 -0.19286025
v -0.38924885 -0.00127490 -0.19286025
v -0.50701976 0.07140356 -0.15118587
v -0.50701976 0.07140356 -0.15118587
v -0.50701976 0.07140356 -0.15118587
v -0.49959806 0.07140356 -0.17443138
v -0.49959806 0.07140356 -0.17443138
v -0.49959806 0.07140356 -0.17443138
v -0.49959806 0.07140356 -0.17443138
v -0.49959806 0.07140356 -0.17443138
v -0.50704545 0.06358997 -0.12597944
v -0.50704545 0.06358997 -0.12597944
v -0.50704545 0.06358997 -0.12597944
v -0.50704545 0.06358997 -0.12597944
v -0.50704545 0.06358997 -0.12597944
v -0.50704545 0.06358997 -0.12597944
v -0.50704545 0.06358997 -0.12597944
v -0.50704545 0.06358997 -0.12597944
v -0.50958776 0.07140356 -0.14271390
v -0.50958776 0.07140356 -0.14271390
v -0.50958776 0.07140356 -0.14271390
v -0.50958776 0.07140356 -0.14271390
v -0.53067154 0.07140356 0.00163287
v -0.53067154 0.07140356 0.00163287
v -0.53067154 0.07140356 0.00163287
v -0.53067154 0.07140356 0.00163287
v -0.38262326 -0.01136748 0.00163287
v -0.38262326 -0.01136748 0.00163287
v -0.38262326 -0.01136748 0.00163287
v -0.33241782 -0.01142747 -0.19286025
v -0.33241782 -0.01142747 -0.19286025
v -0.33241782 -0.01142747 -0.19286025
v -0.33241782 -0.01142747 -0.19286025
v -0.33241782 -0.01142747 -0.19286025
v -0.33241782 -0.01142747 -0.19286025
v -0.33241782 -0.01142747 -0.19286025
v -0.38585898 -0.00351101 -0.19286025
v -0.38585898 -0.00351101 -0.19286025
v -0.38585898 -0.00351101 -0.19286025
v -0.38585898 -0.00351101 -0.19286025
v -0.39048150 -0.00605559 -0.17443138
v -0.39048150 -0.00605559 -0.17443138
v -0.39048150 -0.00605559 -0.17443138
v -0.39048150 -0.00605559 -0.17443138
v -0.39048150 -0.00605559 -0.17443138
v -0.39048150 -0.00605559 -0.17443138
v -0.39048150 -0.00605559 -0.17443138
v -0.39048150 -0.00605559 -0.17443138
v -0.41790828 -0.00450490 -0.11101550
v -0.41790828 -0.00450490 -0.11101550
v -0.41790828 -0.00450490 -0.11101550
v -0.41790828 -0.00450490 -0.11101550
v -0.41790828 -0.00450490 -0.11101550
v -0.41790828 -0.00450490 -0.11101550
v -0.41790828 -0.00450490 -0.11101550
v -0.50945938 0.06175655 -0.10482812
v -0.50945938 0.06175655 -0.10482812
v -0.50945938 0.06175655 -0.10482812
v -0.50945938 0.06175655 -0.10482812
v -0.50945938 0.06175655 -0.10482812
v -0.50945938 0.06175655 -0.10482812
v -0.50945938 0.06175655 -0.10482812
v -0.51590520 0.07140356 -0.11962071
v -0.51590520 0.07140356 -0.11962071
v -0.51590520 0.07140356 -0.11962071
v -0.51590520 0.07140356 -0.11962071
v -0.51233560 0.07140356 -0.13319488
v -0.51233560 0.07140356 -0.13319488
v -0.51233560 0.07140356 -0.13319488
v -0.53056878 0.07140356 -0.01590121
v -0.53056878 0.07140356 -0.01590121
v -0.53056878 0.07140356 -0.01590121
v -0.53046608 0.07129220 -0.01590121
v -0.53046608 0.07129220 -0.01590121
v -0.53046608 0.07129220 -0.01590121
v -0.53046608 0.07129220 -0.01590121
v -0.53046608 0.07129220 -0.01590121
v -0.53046608 0.07129220 -0.01590121
v -0.53046608 0.07129220 -0.01590121
v -0.53046608 0.07129220 -0.01590121
v -0.53049171 0.07124083 0.00163287
v -0.53049171 0.07124083 0.00163287
v -0.53049171 0.07124083 0.00163287
v -0.39631099 -0.01593395 0.00163287
v -0.39631099 -0.01593395 0.00163287
v -0.39631099 -0.01593395 0.00163287
v -0.39631099 -0.01593395 0.00163287
v -0.39631099 -0.01593395 0.00163287
v -0.36459553 -0.01469172 -0.14271390
v -0.36459553 -0.01469172 -0.14271390
v -0.36459553 -0.01469172 -0.14271390
v -0.36459553 -0.01469172 -0.14271390
v -0.36459553 -0.01414340 -0.17443138
v -0.36459553 -0.01414340 -0.17443138
v -0.36459553 -0.01414340 -0.17443138
v -0.36459553 -0.01414340 -0.17443138
v -0.36459553 -0.01414340 -0.17443138
v -0.36459553 -0.01414340 -0.17443138
v -0.36459553 -0.01414340 -0.17443138
v -0.36577684 -0.01075917 -0.19286025
v -0.36577684 -0.01075917 -0.19286025
v -0.36577684 -0.01075917 -0.19286025
v -0.36577684 -0.01075917 -0.19286025
v -0.39631099 -0.01298679 -0.11101550
v -0.39631099 -0.01298679 -0.11101550
v -0.39631099 -0.01298679 -0.11101550
v -0.39631099 -0.01298679 -0.11101550
v -0.39631099 -0.01298679 -0.11101550
v -0.39631099 -0.01298679 -0.11101550
v -0.39869925 -0.00766628 -0.14381814
v -0.39869925 -0.00766628 -0.14381814
v -0.39869925 -0.00766628 -0.14381814
v -0.42152923 -0.00702373 -0.07931708
v -0.42152923 -0.00702373 -0.07931708
v -0.42152923 -0.00702373 -0.07931708
v -0.42152923 -0.00702373 -0.07931708
v -0.42152923 -0.00702373 -0.07931708
v -0.42152923 -0.00702373 -0.07931708
v -0.51141113 0.06035146 -0.07931708
v -0.51141113 0.06035146 -0.07931708
v -0.51141113 0.06035146 -0.07931708
v -0.51141113 0.06035146 -0.07931708
v -0.51141113 0.06035146 -0.07931708
v -0.51141113 0.06035146 -0.07931708
v -0.51141113 0.06035146 -0.07931708
v -0.51141113 0.06035146 -0.07931708
v -0.51141113 0.06035146 -0.07931708
v -0.52232534 0.07140356 -0.08639925
v -0.52232534 0.07140356 -0.08639925
v -0.52232534 0.07140356 -0.08639925
v -0.52232534 0.07140356 -0.08639925
v -0.51777989 0.07140356 -0.11015879
v -0.51777989 0.07140356 -0.11015879
v -0.51777989 0.07140356 -0.11015879
v -0.53036332 0.07140356 -0.01809059
v -0.53036332 0.07140356 -0.01809059
v -0.53036332 0.07140356 -0.01809059
v -0.53036332 0.07140356 -0.01809059
v -0.52340388 0.06547487 0.00163287
v -0.52340388 0.06547487 0.00163287
v -0.52340388 0.06547487 0.00163287
v -0.52340388 0.06547487 0.00163287
v -0.51315737 0.05925478 -0.04761866
v -0.51315737 0.05925478 -0.04761866
v -0.51315737 0.05925478 -0.04761866
v -0.51315737 0.05925478 -0.04761866
v -0.51315737 0.05925478 -0.04761866
v -0.51459545 0.05841519 -0.01590121
v -0.51459545 0.05841519 -0.01590121
v -0.51459545 0.05841519 -0.01590121
v -0.51459545 0.05841519 -0.01590121
v -0.51459545 0.05841519 -0.01590121
v -0.42473930 -0.00829171 0.00163287
v -0.42473930 -0.00829171 0.00163287
v -0.42473930 -0.00829171 0.00163287
v -0.42473930 -0.00829171 0.00163287
v -0.39631099 -0.01611393 -0.04761866
v -0.39631099 -0.01611393 -0.04761866
v -0.39631099 -0.01611393 -0.04761866
v -0.39631099 -0.01611393 -0.04761866
v -0.39631099 -0.01611393 -0.04761866
v -0.39631099 -0.01611393 -0.04761866
v -0.39631099 -0.01611393 -0.04761866
v -0.39631099 -0.01536001 -0.07931708
v -0.39631099 -0.01536001 -0.07931708
v -0.39631099 -0.01536001 -0.07931708
v -0.39631099 -0.01536001 -0.07931708
v -0.39631099 -0.01536001 -0.07931708
v -0.42353234 -0.00801761 -0.04761866
v -0.42353234 -0.00801761 -0.04761866
v -0.42353234 -0.00801761 -0.04761866
v -0.42353234 -0.00801761 -0.04761866
v -0.42353234 -0.00801761 -0.04761866
v -0.42353234 -0.00801761 -0.04761866
v -0.42353234 -0.00801761 -0.04761866
v -0.52684504 0.07140356 -0.05152147
v -0.52684504 0.07140356 -0.05152147
v -0.52684504 0.07140356 -0.05152147
v -0.52327555 0.07140356 -0.07931708
v -0.52327555 0.07140356 -0.07931708
v -0.52327555 0.07140356 -0.07931708
v -0.51464683 0.05840663 0.00163287
v -0.51464683 0.05840663 0.00163287
v -0.51464683 0.05840663 0.00163287
v -0.51464683 0.05840663 0.00163287
v -0.44060990 0.00276039 -0.01590121
v -0.44060990 0.00276039 -0.01590121
v -0.44060990 0.00276039 -0.01590121
v -0.44060990 0.00276039 -0.01590121
v -0.44060990 0.00276039 -0.01590121
v -0.44060990 0.00276039 -0.01590121
v -0.44060990 0.00276039 -0.01590121
v -0.43349639 -0.00220017 0.00163287
v -0.43349639 -0.00220017 0.00163287
v -0.43349639 -0.00220017 0.00163287
v -0.43349639 -0.00220017 0.00163287
v -0.42473930 -0.00832596 -0.01590121
v -0.42473930 -0.00832596 -0.01590121
v -0.42473930 -0.00832596 -0.01590121
v -0.42473930 -0.00832596 -0.01590121
v -0.42473930 -0.00832596 -0.01590121
v -0.44058421 0.00276039 0.00163287
v -0.44058421 0.00276039 0.00163287
v -0.44058421 0.00276039 0.00163287
v -0.48297104 1.83430171 -0.00675434
v -0.48297104 1.83430171 -0.00675434
v -0.48297104 1.83430171 -0.00675434
v -0.48297104 1.83430171 -0.00675434
v -0.47714210 1.76421416 -0.00675434
v -0.47714210 1.76421416 -0.00675434
v -0.47714210 1.76421416 -0.00675434
v -0.47714210 1.76421416 -0.00675434
v -0.47714210 1.76421416 -0.00675434
v -0.47714210 1.76421416 -0.00675434
v -0.47714210 1.76421416 -0.00675434
v -0.47714210 1.76421416 -0.00675434
v -0.48310661 1.83430171 0.01592610
v -0.48310661 1.83430171 0.01592610
v -0.48310661 1.83430171 0.01592610
v -0.48310661 1.83430171 0.01592610
v -0.48310661 1.83430171 0.01592610
v -0.48310661 1.83430171 0.01592610
v -0.48310661 1.83430171 0.01592610
v -0.25625196 1.83477139 0.30919594
v -0.25625196 1.83477139 0.30919594
v -0.25625196 1.83477139 0.30919594
v -0.25625196 1.83477139 0.30919594
v -0.25625196 1.83477139 0.30919594
v -0.38977560 1.83430171 -0.00675434
v -0.38977560 1.83430171 -0.00675434
v -0.38977560 1.83430171 -0.00675434
v -0.38977560 1.83430171 -0.00675434
v -0.38977560 1.83430171 -0.00675434
v -0.38977560 1.83430171 -0.00675434
v -0.47714210 1.76421416 -0.00107230
v -0.47714210 1.76421416 -0.00107230
v -0.47714210 1.76421416 -0.00107230
v -0.25625196 1.76421416 -0.00675434
v -0.25625196 1.76421416 -0.00675434
v -0.25625196 1.76421416 -0.00675434
v -0.47700658 1.76421416 0.01592610
v -0.47700658 1.76421416 0.01592610
v -0.47700658 1.76421416 0.01592610
v -0.47700658 1.76421416 0.01592610
v -0.47700658 1.76421416 0.01592610
v -0.47700658 1.76421416 0.01592610
v -0.48107326 1.83430171 0.04763094
v -0.48107326 1.83430171 0.04763094
v -0.48107326 1.83430171 0.04763094
v -0.48107326 1.83430171 0.04763094
v -0.25625196 1.83477139 0.41123402
v -0.25625196 1.83477139 0.41123402
v -0.25625196 1.83477139 0.41123402
v -0.25625196 1.83477139 0.41123402
v -0.25625196 1.83477139 0.41123402
v -0.25625196 1.83477139 0.41123402
v -0.25625196 1.83477139 0.41123402
v -0.25625196 1.83477139 0.41123402
v -0.25625196 1.83477139 0.41123402
v -0.25625196 1.83477139 0.41123402
v -0.25625196 1.83477139 0.41123402
v -0.25625196 1.83477139 0.41123402
v -0.25625196 1.83477139 0.41123402
v -0.25625196 1.83477139 0.41123402
v -0.25625196 1.83477139 0.41123402
v -0.25625196 1.83477139 0.41123402
v -0.25625196 1.83477139 0.41123402
v -0.25625196 1.83477139 0.41123402
v -0.25625196 1.83477139 0.41123402
v -0.25625196 1.83477139 0.41123402
v -0.25625196 1.83477139 0.41123402
v -0.25625196 1.83477139 0.41123402
v 0.20931855 1.83477139 0.33364308
v 0.20931855 1.83477139 0.33364308
v 0.20931855 1.83477139 0.33364308
v 0.20931855 1.83477139 0.33364308
v 0.20931855 1.83477139 0.33364308
v 0.17265038 1.83142173 -0.00670660
v 0.17265038 1.83142173 -0.00670660
v 0.17265038 1.83142173 -0.00670660
v 0.20931855 1.83102810 -0.00670660
v 0.20931855 1.83102810 -0.00670660
v 0.20931855 1.83102810 -0.00670660
v 0.20931855 1.83102810 -0.00670660
v 0.20931855 1.83102810 -0.00670660
v -0.25625196 1.83100736 -0.00675434
v -0.25625196 1.83100736 -0.00675434
v -0.25625196 1.83100736 -0.00675434
v 0.20931855 1.76421416 -0.00670660
v 0.20931855 1.76421416 -0.00670660
v 0.20931855 1.76421416 -0.00670660
v -0.47598991 1.76421416 0.02843614
v -0.47598991 1.76421416 0.02843614
v -0.47598991 1.76421416 0.02843614
v -0.47598991 1.76421416 0.02843614
v -0.47890434 1.83430171 0.07804659
v -0.47890434 1.83430171 0.07804659
v -0.47890434 1.83430171 0.07804659
v -0.47890434 1.83430171 0.07804659
v -0.47890434 1.83430171 0.07804659
v -0.47890434 1.83430171 0.07804659
v -0.47890434 1.83430171 0.07804659
v -0.25862423 1.83430171 0.40946731
v -0.25862423 1.83430171 0.40946731
v -0.25862423 1.83430171 0.40946731
v -0.26736763 1.76421416 0.39437887
v -0.26736763 1.76421416 0.39437887
v -0.26736763 1.76421416 0.39437887
v -0.26736763 1.76421416 0.39437887
v -0.26736763 1.76421416 0.39437887
v -0.24635631 1.76421416 0.40813035
v -0.24635631 1.76421416 0.40813035
v -0.24635631 1.76421416 0.40813035
v -0.23002170 1.76421416 0.41739357
v -0.23002170 1.76421416 0.41739357
v -0.23002170 1.76421416 0.41739357
v -0.23002170 1.76421416 0.41739357
v -0.24832191 1.83477139 0.41567463
v -0.24832191 1.83477139 0.41567463
v -0.24832191 1.83477139 0.41567463
v -0.24832191 1.83477139 0.41567463
v -0.47870100 1.83430171 0.07933579
v -0.47870100 1.83430171 0.07933579
v -0.47870100 1.83430171 0.07933579
v -0.47870100 1.83430171 0.07933579
v -0.47870100 1.83430171 0.07933579
v -0.47470206 1.83430171 0.10301892
v -0.47470206 1.83430171 0.10301892
v -0.47470206 1.83430171 0.10301892
v -0.47470206 1.83430171 0.10301892
v -0.47470206 1.83430171 0.10301892
v -0.44752288 1.83430171 0.18571894
v -0.44752288 1.83430171 0.18571894
v -0.44752288 1.83430171 0.18571894
v -0.44752288 1.83430171 0.18571894
v -0.44752288 1.83430171 0.18571894
v -0.44311729 1.83430171 0.19651005
v -0.44311729 1.83430171 0.19651005
v -0.44311729 1.83430171 0.19651005
v -0.44311729 1.83430171 0.19651005
v -0.44311729 1.83430171 0.19651005
v -0.44311729 1.83430171 0.19651005
v -0.44311729 1.83430171 0.19651005
v -0.41634476 1.83430171 0.24487905
v -0.41634476 1.83430171 0.24487905
v -0.41634476 1.83430171 0.24487905
v -0.41634476 1.83430171 0.24487905
v -0.40787247 1.83430171 0.25853503
v -0.40787247 1.83430171 0.25853503
v -0.40787247 1.83430171 0.25853503
v -0.40787247 1.83430171 0.25853503
v -0.40787247 1.83430171 0.25853503
v -0.40787247 1.83430171 0.25853503
v -0.38489556 1.83430171 0.28871197
v -0.38489556 1.83430171 0.28871197
v -0.38489556 1.83430171 0.28871197
v -0.38489556 1.83430171 0.28871197
v -0.38326889 1.83430171 0.29076514
v -0.38326889 1.83430171 0.29076514
v -0.38326889 1.83430171 0.29076514
v -0.38326889 1.83430171 0.29076514
v -0.38326889 1.83430171 0.29076514
v -0.35473412 1.83430171 0.32418892
v -0.35473412 1.83430171 0.32418892
v -0.35473412 1.83430171 0.32418892
v -0.35473412 1.83430171 0.32418892
v -0.35473412 1.83430171 0.32418892
v -0.35405636 1.83430171 0.32495287
v -0.35405636 1.83430171 0.32495287
v -0.35405636 1.83430171 0.32495287
v -0.35405636 1.83430171 0.32495287
v -0.35405636 1.83430171 0.32495287
v -0.32464048 1.83430171 0.35570279
v -0.32464048 1.83430171 0.35570279
v -0.32464048 1.83430171 0.35570279
v -0.32464048 1.83430171 0.35570279
v -0.32464048 1.83430171 0.35570279
v -0.32314935 1.83430171 0.35699195
v -0.32314935 1.83430171 0.35699195
v -0.32314935 1.83430171 0.35699195
v -0.32314935 1.83430171 0.35699195
v -0.29007342 1.83430171 0.38497245
v -0.29007342 1.83430171 0.38497245
v -0.29007342 1.83430171 0.38497245
v -0.29007342 1.83430171 0.38497245
v -0.29007342 1.83430171 0.38497245
v -0.29007342 1.83430171 0.38497245
v 0.20931855 1.83477139 0.43033332
v 0.20931855 1.83477139 0.43033332
v 0.20931855 1.83477139 0.43033332
v 0.20931855 1.76421416 0.42751619
v 0.20931855 1.76421416 0.42751619
v 0.20931855 1.76421416 0.42751619
v 0.20931855 1.76421416 0.42751619
v -0.47436321 1.76421416 0.04763094
v -0.47436321 1.76421416 0.04763094
v -0.47436321 1.76421416 0.04763094
v -0.47436321 1.76421416 0.04763094
v -0.47083870 1.76421416 0.07933579
v -0.47083870 1.76421416 0.07933579
v -0.47083870 1.76421416 0.07933579
v -0.47083870 1.76421416 0.07933579
v -0.47083870 1.76421416 0.07933579
v -0.30322248 1.76421416 0.36615965
v -0.30322248 1.76421416 0.36615965
v -0.30322248 1.76421416 0.36615965
v -0.20426586 1.76421416 0.43014231
v -0.20426586 1.76421416 0.43014231
v -0.20426586 1.76421416 0.43014231
v -0.20426586 1.76421416 0.43014231
v -0.19491243 1.83477139 0.44069469
v -0.19491243 1.83477139 0.44069469
v -0.19491243 1.83477139 0.44069469
v -0.19491243 1.83477139 0.44069469
v -0.46568751 1.76421416 0.11008568
v -0.46568751 1.76421416 0.11008568
v -0.46568751 1.76421416 0.11008568
v -0.46568751 1.76421416 0.11008568
v -0.45585969 1.76421416 0.14265001
v -0.45585969 1.76421416 0.14265001
v -0.45585969 1.76421416 0.14265001
v -0.45585969 1.76421416 0.14265001
v -0.45585969 1.76421416 0.14265001
v -0.44596398 1.76421416 0.17182419
v -0.44596398 1.76421416 0.17182419
v -0.44596398 1.76421416 0.17182419
v -0.44596398 1.76421416 0.17182419
v -0.44596398 1.76421416 0.17182419
v -0.44128728 1.76421416 0.18323602
v -0.44128728 1.76421416 0.18323602
v -0.44128728 1.76421416 0.18323602
v -0.44128728 1.76421416 0.18323602
v -0.43125603 1.76421416 0.20529573
v -0.43125603 1.76421416 0.20529573
v -0.43125603 1.76421416 0.20529573
v -0.41451475 1.76421416 0.23599786
v -0.41451475 1.76421416 0.23599786
v -0.41451475 1.76421416 0.23599786
v -0.41451475 1.76421416 0.23599786
v -0.41451475 1.76421416 0.23599786
v -0.39438453 1.76421416 0.26784596
v -0.39438453 1.76421416 0.26784596
v -0.39438453 1.76421416 0.26784596
v -0.38109997 1.76421416 0.28603804
v -0.38109997 1.76421416 0.28603804
v -0.38109997 1.76421416 0.28603804
v -0.38109997 1.76421416 0.28603804
v -0.38109997 1.76421416 0.28603804
v -0.36639202 1.76421416 0.30332294
v -0.36639202 1.76421416 0.30332294
v -0.36639202 1.76421416 0.30332294
v -0.36639202 1.76421416 0.30332294
v -0.35148075 1.76421416 0.32017806
v -0.35148075 1.76421416 0.32017806
v -0.35148075 1.76421416 0.32017806
v -0.35148075 1.76421416 0.32017806
v -0.33629841 1.76421416 0.33612597
v -0.33629841 1.76421416 0.33612597
v -0.33629841 1.76421416 0.33612597
v -0.33629841 1.76421416 0.33612597
v -0.32050598 1.76421416 0.35188290
v -0.32050598 1.76421416 0.35188290
v -0.32050598 1.76421416 0.35188290
v -0.32050598 1.76421416 0.35188290
v -0.32050598 1.76421416 0.35188290
v 0.19515286 1.83477139 0.44069469
v 0.19515286 1.83477139 0.44069469
v 0.19515286 1.83477139 0.44069469
v 0.19515286 1.83477139 0.44069469
v 0.20450629 1.76421416 0.43014231
v 0.20450629 1.76421416 0.43014231
v 0.20450629 1.76421416 0.43014231
v 0.20450629 1.76421416 0.43014231
v -0.19701357 1.76421416 0.43343693
v -0.19701357 1.76421416 0.43343693
v -0.19701357 1.76421416 0.43343693
v -0.19701357 1.76421416 0.43343693
v -0.17993338 1.83477139 0.44733170
v -0.17993338 1.83477139 0.44733170
v -0.17993338 1.83477139 0.44733170
v -0.17993338 1.83477139 0.44733170
v -0.17993338 1.83477139 0.44733170
v 0.18939166 1.83477139 0.44332084
v 0.18939166 1.83477139 0.44332084
v 0.18939166 1.83477139 0.44332084
v 0.18939166 1.83477139 0.44332084
v 0.17170149 1.76421416 0.44503978
v 0.17170149 1.76421416 0.44503978
v 0.17170149 1.76421416 0.44503978
v 0.17170149 1.76421416 0.44503978
v -0.16508989 1.76421416 0.44747493
v -0.16508989 1.76421416 0.44747493
v -0.16508989 1.76421416 0.44747493
v -0.14224853 1.76421416 0.45525789
v -0.14224853 1.76421416 0.45525789
v -0.14224853 1.76421416 0.45525789
v -0.14224853 1.76421416 0.45525789
v -0.10036141 1.83477139 0.47225627
v -0.10036141 1.83477139 0.47225627
v -0.10036141 1.83477139 0.47225627
v -0.10036141 1.83477139 0.47225627
v -0.10036141 1.83477139 0.47225627
v 0.18017380 1.83477139 0.44733170
v 0.18017380 1.83477139 0.44733170
v 0.18017380 1.83477139 0.44733170
v 0.18017380 1.83477139 0.44733170
v 0.14248897 1.76421416 0.45525789
v 0.14248897 1.76421416 0.45525789
v 0.14248897 1.76421416 0.45525789
v 0.14248897 1.76421416 0.45525789
v -0.13818184 1.76421416 0.45640385
v -0.13818184 1.76421416 0.45640385
v -0.13818184 1.76421416 0.45640385
v -0.10849484 1.76421416 0.46433008
v -0.10849484 1.76421416 0.46433008
v -0.10849484 1.76421416 0.46433008
v -0.10849484 1.76421416 0.46433008
v -0.07921453 1.83477139 0.47688785
v -0.07921453 1.83477139 0.47688785
v -0.07921453 1.83477139 0.47688785
v -0.07921453 1.83477139 0.47688785
v -0.07921453 1.83477139 0.47688785
v -0.07921453 1.83477139 0.47688785
v 0.10046628 1.83477139 0.47225627
v 0.10046628 1.83477139 0.47225627
v 0.10046628 1.83477139 0.47225627
v 0.10046628 1.83477139 0.47225627
v 0.10866749 1.76421416 0.46428233
v 0.10866749 1.76421416 0.46428233
v 0.10866749 1.76421416 0.46428233
v 0.10866749 1.76421416 0.46428233
v 0.10866749 1.76421416 0.46428233
v -0.10178477 1.76421416 0.46576256
v -0.10178477 1.76421416 0.46576256
v -0.10178477 1.76421416 0.46576256
v -0.07921453 1.76421416 0.47015536
v -0.07921453 1.76421416 0.47015536
v -0.07921453 1.76421416 0.47015536
v -0.04749418 1.76421416 0.47483471
v -0.04749418 1.76421416 0.47483471
v -0.04749418 1.76421416 0.47483471
v -0.04749418 1.76421416 0.47483471
v -0.04749418 1.76421416 0.47483471
v -0.06538772 1.83477139 0.47875008
v -0.06538772 1.83477139 0.47875008
v -0.06538772 1.83477139 0.47875008
v 0.09307842 1.83477139 0.47392747
v 0.09307842 1.83477139 0.47392747
v 0.09307842 1.83477139 0.47392747
v 0.07931939 1.83477139 0.47688785
v 0.07931939 1.83477139 0.47688785
v 0.07931939 1.83477139 0.47688785
v 0.07931939 1.83477139 0.47688785
v 0.07931939 1.83477139 0.47688785
v 0.07931939 1.76421416 0.47015536
v 0.07931939 1.76421416 0.47015536
v 0.07931939 1.76421416 0.47015536
v -0.02729619 1.76421416 0.47559869
v -0.02729619 1.76421416 0.47559869
v -0.02729619 1.76421416 0.47559869
v -0.04749418 1.83477139 0.48032570
v -0.04749418 1.83477139 0.48032570
v -0.04749418 1.83477139 0.48032570
v -0.04749418 1.83477139 0.48032570
v -0.04749418 1.83477139 0.48032570
v 0.06556036 1.83477139 0.47875008
v 0.06556036 1.83477139 0.47875008
v 0.06556036 1.83477139 0.47875008
v 0.04759905 1.76421416 0.47483471
v 0.04759905 1.76421416 0.47483471
v 0.04759905 1.76421416 0.47483471
v 0.04759905 1.76421416 0.47483471
v 0.04759905 1.76421416 0.47483471
v -0.01584163 1.76421416 0.47602841
v -0.01584163 1.76421416 0.47602841
v -0.01584163 1.76421416 0.47602841
v -0.01584163 1.76421416 0.47602841
v -0.01584163 1.83477139 0.48104197
v -0.01584163 1.83477139 0.48104197
v -0.01584163 1.83477139 0.48104197
v -0.01584163 1.83477139 0.48104197
v 0.04759905 1.83477139 0.48032570
v 0.04759905 1.83477139 0.48032570
v 0.04759905 1.83477139 0.48032570
v 0.04759905 1.83477139 0.48032570
v 0.01587871 1.76421416 0.47602841
v 0.01587871 1.76421416 0.47602841
v 0.01587871 1.76421416 0.47602841
v 0.01587871 1.76421416 0.47602841
v 0.01587871 1.76421416 0.47602841
v 0.01587871 1.83477139 0.48099422
v 0.01587871 1.83477139 0.48099422
v 0.01587871 1.83477139 0.48099422
v 0.49017853 1.88676083 -0.00675431
v 0.49017853 1.88676083 -0.00675431
v 0.49017853 1.88676083 -0.00675431
v 0.49017853 1.88676083 -0.00675431
v 0.49006495 1.87762630 -0.00675431
v 0.49006495 1.87762630 -0.00675431
v 0.49006495 1.87762630 -0.00675431
v 0.49006495 1.87762630 -0.00675431
v 0.48253575 1.90945756 -0.00675431
v 0.48253575 1.90945756 -0.00675431
v 0.48253575 1.90945756 -0.00675431
v 0.48253575 1.90945756 -0.00675431
v 0.48250327 1.90942740 0.01584203
v 0.48250327 1.90942740 0.01584203
v 0.48250327 1.90942740 0.01584203
v 0.48250327 1.90942740 0.01584203
v 0.48250327 1.90942740 0.01584203
v 0.48250327 1.90942740 0.01584203
v 0.49011359 1.88676083 0.01584203
v 0.49011359 1.88676083 0.01584203
v 0.49011359 1.88676083 0.01584203
v 0.49011359 1.88676083 0.01584203
v 0.49011359 1.88676083 0.01584203
v 0.49011359 1.88676083 0.01584203
v 0.49011359 1.88676083 0.01584203
v 0.48969173 1.85505784 -0.00675431
v 0.48969173 1.85505784 -0.00675431
v 0.48969173 1.85505784 -0.00675431
v 0.48969173 1.85505784 -0.00675431
v 0.48969173 1.85505784 0.01584203
v 0.48969173 1.85505784 0.01584203
v 0.48969173 1.85505784 0.01584203
v 0.48969173 1.85505784 0.01584203
v 0.48969173 1.85505784 0.01584203
v 0.48969173 1.85505784 0.01584203
v 0.48969173 1.85505784 0.01584203
v 0.48969173 1.85505784 0.01584203
v 0.48969173 1.85505784 0.01584203
v 0.45986703 1.91050601 -0.00675431
v 0.45986703 1.91050601 -0.00675431
v 0.45986703 1.91050601 -0.00675431
v 0.45986703 1.91050601 -0.00675431
v 0.45986703 1.91116226 0.07926349
v 0.45986703 1.91116226 0.07926349
v 0.45986703 1.91116226 0.07926349
v 0.45986703 1.91116226 0.07926349
v 0.45986703 1.91116226 0.07926349
v 0.45986703 1.91116226 0.07926349
v 0.45986703 1.91116226 0.07926349
v 0.45504770 1.91009116 0.14263900
v 0.45504770 1.91009116 0.14263900
v 0.45504770 1.91009116 0.14263900
v 0.45504770 1.91009116 0.14263900
v 0.45504770 1.91009116 0.14263900
v 0.45504770 1.91009116 0.14263900
v 0.48115647 1.90854490 0.04754127
v 0.48115647 1.90854490 0.04754127
v 0.48115647 1.90854490 0.04754127
v 0.48115647 1.90854490 0.04754127
v 0.47963119 1.90721726 0.07926349
v 0.47963119 1.90721726 0.07926349
v 0.47963119 1.90721726 0.07926349
v 0.47963119 1.90721726 0.07926349
v 0.47963119 1.90721726 0.07926349
v 0.47963119 1.90721726 0.07926349
v 0.48740378 1.88676083 0.04754127
v 0.48740378 1.88676083 0.04754127
v 0.48740378 1.88676083 0.04754127
v 0.48740378 1.88676083 0.04754127
v 0.48740378 1.88676083 0.04754127
v 0.48740378 1.88676083 0.04754127
v 0.48320106 1.83410347 0.01119863
v 0.48320106 1.83410347 0.01119863
v 0.48320106 1.83410347 0.01119863
v 0.48320106 1.83410347 0.01119863
v 0.48320106 1.83410347 0.01119863
v 0.48320106 1.83410347 0.01119863
v 0.48320106 1.83410347 0.01119863
v 0.48320106 1.83410347 0.01119863
v 0.48320106 1.83410347 0.01119863
v 0.48320106 1.83410347 0.01119863
v 0.48750108 1.84799004 -0.00675431
v 0.48750108 1.84799004 -0.00675431
v 0.48750108 1.84799004 -0.00675431
v 0.48693314 1.85505784 0.04754127
v 0.48693314 1.85505784 0.04754127
v 0.48693314 1.85505784 0.04754127
v 0.48693314 1.85505784 0.04754127
v 0.48693314 1.85505784 0.04754127
v 0.48693314 1.85505784 0.04754127
v 0.47901455 1.83440518 0.07926349
v 0.47901455 1.83440518 0.07926349
v 0.47901455 1.83440518 0.07926349
v 0.47901455 1.83440518 0.07926349
v 0.47901455 1.83440518 0.07926349
v 0.47901455 1.83440518 0.07926349
v 0.48143232 1.83410347 0.04492074
v 0.48143232 1.83410347 0.04492074
v 0.48143232 1.83410347 0.04492074
v 0.48143232 1.83410347 0.04492074
v 0.48143232 1.83410347 0.04492074
v 0.48318478 1.83410347 0.01584203
v 0.48318478 1.83410347 0.01584203
v 0.48318478 1.83410347 0.01584203
v 0.44313732 1.90365708 -0.00675431
v 0.44313732 1.90365708 -0.00675431
v 0.44313732 1.90365708 -0.00675431
v 0.44313732 1.90365708 -0.00675431
v 0.44313732 1.90365708 -0.00675431
v 0.39651799 1.90954816 0.22808214
v 0.39651799 1.90954816 0.22808214
v 0.39651799 1.90954816 0.22808214
v 0.39651799 1.90954816 0.22808214
v 0.39651799 1.90954816 0.22808214
v 0.40344679 1.90967631 0.22808214
v 0.40344679 1.90967631 0.22808214
v 0.40344679 1.90967631 0.22808214
v 0.40344679 1.90967631 0.22808214
v 0.42944199 1.90951788 0.20615242
v 0.42944199 1.90951788 0.20615242
v 0.42944199 1.90951788 0.20615242
v 0.42944199 1.90951788 0.20615242
v 0.42944199 1.90951788 0.20615242
v 0.45027706 1.90862787 0.17436123
v 0.45027706 1.90862787 0.17436123
v 0.45027706 1.90862787 0.17436123
v 0.45027706 1.90862787 0.17436123
v 0.45027706 1.90862787 0.17436123
v 0.45027706 1.90862787 0.17436123
v 0.47781375 1.90518081 0.10257244
v 0.47781375 1.90518081 0.10257244
v 0.47781375 1.90518081 0.10257244
v 0.47781375 1.90518081 0.10257244
v 0.47781375 1.90518081 0.10257244
v 0.47781375 1.90518081 0.10257244
v 0.47781375 1.90518081 0.10257244
v 0.48417464 1.88676083 0.07926349
v 0.48417464 1.88676083 0.07926349
v 0.48417464 1.88676083 0.07926349
v 0.48417464 1.88676083 0.07926349
v 0.48417464 1.88676083 0.07926349
v 0.48417464 1.88676083 0.07926349
v 0.48316857 1.83410347 -0.00675431
v 0.48316857 1.83410347 -0.00675431
v 0.48316857 1.83410347 -0.00675431
v 0.48355800 1.85505784 0.07926349
v 0.48355800 1.85505784 0.07926349
v 0.48355800 1.85505784 0.07926349
v 0.48355800 1.85505784 0.07926349
v 0.47737566 1.83673596 0.10080244
v 0.47737566 1.83673596 0.10080244
v 0.47737566 1.83673596 0.10080244
v 0.47737566 1.83673596 0.10080244
v 0.47737566 1.83673596 0.10080244
v 0.47737566 1.83673596 0.10080244
v 0.47737566 1.83673596 0.10080244
v 0.47737566 1.83673596 0.10080244
v 0.47737566 1.83673596 0.10080244
v 0.47737566 1.83673596 0.10080244
v 0.47737566 1.83673596 0.10080244
v 0.47737566 1.83673596 0.10080244
v 0.47880360 1.83410347 0.07926349
v 0.47880360 1.83410347 0.07926349
v 0.47880360 1.83410347 0.07926349
v 0.47880360 1.83410347 0.07926349
v 0.47880360 1.83410347 0.07926349
v 0.47924170 1.83410347 0.07491893
v 0.47924170 1.83410347 0.07491893
v 0.47924170 1.83410347 0.07491893
v 0.47924170 1.83410347 0.07491893
v 0.38879406 1.83410347 -0.00675431
v 0.38879406 1.83410347 -0.00675431
v 0.38879406 1.83410347 -0.00675431
v 0.32442278 1.83410347 0.22808214
v 0.32442278 1.83410347 0.22808214
v 0.32442278 1.83410347 0.22808214
v 0.32442278 1.83410347 0.22808214
v 0.38079432 1.90202773 0.22808214
v 0.38079432 1.90202773 0.22808214
v 0.38079432 1.90202773 0.22808214
v 0.42238334 1.90861273 0.22808214
v 0.42238334 1.90861273 0.22808214
v 0.42238334 1.90861273 0.22808214
v 0.42238334 1.90861273 0.22808214
v 0.42238334 1.90861273 0.22808214
v 0.44657737 1.90554273 0.19564730
v 0.44657737 1.90554273 0.19564730
v 0.44657737 1.90554273 0.19564730
v 0.44657737 1.90554273 0.19564730
v 0.44657737 1.90554273 0.19564730
v 0.44657737 1.90554273 0.19564730
v 0.44657737 1.90554273 0.19564730
v 0.47911191 1.88676083 0.10703194
v 0.47911191 1.88676083 0.10703194
v 0.47911191 1.88676083 0.10703194
v 0.47911191 1.88676083 0.10703194
v 0.47911191 1.88676083 0.10703194
v 0.47911191 1.88676083 0.10703194
v 0.45761153 1.88676083 0.17436123
v 0.45761153 1.88676083 0.17436123
v 0.45761153 1.88676083 0.17436123
v 0.45761153 1.88676083 0.17436123
v 0.45761153 1.88676083 0.17436123
v 0.45761153 1.88676083 0.17436123
v 0.47877118 1.85505784 0.10569869
v 0.47877118 1.85505784 0.10569869
v 0.47877118 1.85505784 0.10569869
v 0.47877118 1.85505784 0.10569869
v 0.47877118 1.85505784 0.10569869
v 0.47477937 1.83410347 0.10312413
v 0.47477937 1.83410347 0.10312413
v 0.47477937 1.83410347 0.10312413
v 0.47477937 1.83410347 0.10312413
v 0.47596395 1.83410347 0.09767619
v 0.47596395 1.83410347 0.09767619
v 0.47596395 1.83410347 0.09767619
v 0.47596395 1.83410347 0.09767619
v 0.47393560 1.85505784 0.12153682
v 0.47393560 1.85505784 0.12153682
v 0.47393560 1.85505784 0.12153682
v 0.47393560 1.85505784 0.12153682
v 0.46721774 1.85505784 0.14263900
v 0.46721774 1.85505784 0.14263900
v 0.46721774 1.85505784 0.14263900
v 0.46721774 1.85505784 0.14263900
v 0.46721774 1.85505784 0.14263900
v 0.45704359 1.85505784 0.17436123
v 0.45704359 1.85505784 0.17436123
v 0.45704359 1.85505784 0.17436123
v 0.45704359 1.85505784 0.17436123
v 0.45704359 1.85505784 0.17436123
v 0.45704359 1.85505784 0.17436123
v 0.44607434 1.83641160 0.19454391
v 0.44607434 1.83641160 0.19454391
v 0.44607434 1.83641160 0.19454391
v 0.44607434 1.83641160 0.19454391
v 0.44607434 1.83641160 0.19454391
v 0.44607434 1.83641160 0.19454391
v 0.44607434 1.83641160 0.19454391
v 0.44607434 1.83641160 0.19454391
v 0.44607434 1.83641160 0.19454391
v 0.44607434 1.83641160 0.19454391
v 0.44607434 1.83641160 0.19454391
v 0.44784304 1.83410347 0.18468244
v 0.44784304 1.83410347 0.18468244
v 0.44784304 1.83410347 0.18468244
v 0.44784304 1.83410347 0.18468244
v 0.44784304 1.83410347 0.18468244
v 0.42387623 1.83410347 0.22808214
v 0.42387623 1.83410347 0.22808214
v 0.42387623 1.83410347 0.22808214
v 0.42387623 1.83410347 0.22808214
v 0.43294692 1.88676083 0.22808214
v 0.43294692 1.88676083 0.22808214
v 0.43294692 1.88676083 0.22808214
v 0.43294692 1.88676083 0.22808214
v 0.43294692 1.88676083 0.22808214
v 0.44015160 1.88676083 0.21504843
v 0.44015160 1.88676083 0.21504843
v 0.44015160 1.88676083 0.21504843
v 0.44015160 1.88676083 0.21504843
v 0.44826496 1.88676083 0.19921032
v 0.44826496 1.88676083 0.19921032
v 0.44826496 1.88676083 0.19921032
v 0.44826496 1.88676083 0.19921032
v 0.44826496 1.88676083 0.19921032
v 0.44826496 1.88676083 0.19921032
v 0.44789174 1.85505784 0.19838277
v 0.44789174 1.85505784 0.19838277
v 0.44789174 1.85505784 0.19838277
v 0.44789174 1.85505784 0.19838277
v 0.43994066 1.85505784 0.21424389
v 0.43994066 1.85505784 0.21424389
v 0.43994066 1.85505784 0.21424389
v 0.43994066 1.85505784 0.21424389
v 0.43994066 1.85505784 0.21424389
v 0.43994066 1.85505784 0.21424389
v 0.43224922 1.85505784 0.22808214
v 0.43224922 1.85505784 0.22808214
v 0.43224922 1.85505784 0.22808214
v 0.43224922 1.85505784 0.22808214
v 0.42780307 1.84274769 0.22808214
v 0.42780307 1.84274769 0.22808214
v 0.42780307 1.84274769 0.22808214
v 0.42736495 1.84154081 0.22808214
v 0.42736495 1.84154081 0.22808214
v 0.42736495 1.84154081 0.22808214
v 0.44299126 1.83410347 0.19661276
v 0.44299126 1.83410347 0.19661276
v 0.44299126 1.83410347 0.19661276
v 0.44299126 1.83410347 0.19661276
v 0.44506830 1.83410347 0.19226819
v 0.44506830 1.83410347 0.19226819
v 0.44506830 1.83410347 0.19226819
v 0.44506830 1.83410347 0.19226819
v 0.01578540 1.84490359 -0.48391327
v 0.01578540 1.84490359 -0.48391327
v 0.01578540 1.84490359 -0.48391327
v 0.01578540 1.84490359 -0.48391327
v 0.01578540 1.84490359 -0.48391327
v 0.01578540 1.84490359 -0.48391327
v 0.01578540 1.84490359 -0.48391327
v 0.01578540 1.84490359 -0.48391327
v 0.01578540 1.84490359 -0.48391327
v 0.01578540 1.84490359 -0.48391327
v 0.01578540 1.84490359 -0.48391327
v 0.01578540 1.84490359 -0.48391327
v 0.01578540 1.84490359 -0.48391327
v 0.01578540 1.84490359 -0.48391327
v 0.01578540 1.84490359 -0.48391327
v 0.01578540 1.84490359 -0.48391327
v 0.01578540 1.84490359 -0.48391327
v 0.01578540 1.84490359 -0.48391327
v 0.01578540 1.84490359 -0.48391327
v -0.00367016 1.76420736 -0.47603613
v -0.00367016 1.76420736 -0.47603613
v -0.00367016 1.76420736 -0.47603613
v -0.00367016 1.76420736 -0.47603613
v -0.01577584 1.76420736 -0.47603613
v -0.01577584 1.76420736 -0.47603613
v -0.01577584 1.76420736 -0.47603613
v -0.01577584 1.76420736 -0.47603613
v -0.01577584 1.76420736 -0.47603613
v -0.01577584 1.84490359 -0.48389569
v -0.01577584 1.84490359 -0.48389569
v -0.01577584 1.84490359 -0.48389569
v 0.01578540 1.84490359 -0.40452641
v 0.01578540 1.84490359 -0.40452641
v 0.01578540 1.84490359 -0.40452641
v 0.36101353 1.84472990 -0.32102513
v 0.36101353 1.84472990 -0.32102513
v 0.36101353 1.84472990 -0.32102513
v 0.36101353 1.84472990 -0.32102513
v 0.36101353 1.84472990 -0.32102513
v 0.36101353 1.84472990 -0.32102513
v 0.36101353 1.84472990 -0.32102513
v 0.35834739 1.84472990 -0.32586047
v 0.35834739 1.84472990 -0.32586047
v 0.35834739 1.84472990 -0.32586047
v 0.35755473 1.84472990 -0.32728466
v 0.35755473 1.84472990 -0.32728466
v 0.35755473 1.84472990 -0.32728466
v 0.35755473 1.84472990 -0.32728466
v 0.35006079 1.84472990 -0.33579478
v 0.35006079 1.84472990 -0.33579478
v 0.35006079 1.84472990 -0.33579478
v 0.35006079 1.84472990 -0.33579478
v 0.35006079 1.84472990 -0.33579478
v 0.35006079 1.84472990 -0.33579478
v 0.32750672 1.84472990 -0.35798442
v 0.32750672 1.84472990 -0.35798442
v 0.32750672 1.84472990 -0.35798442
v 0.32750672 1.84472990 -0.35798442
v 0.31727451 1.84472990 -0.36665282
v 0.31727451 1.84472990 -0.36665282
v 0.31727451 1.84472990 -0.36665282
v 0.31727451 1.84472990 -0.36665282
v 0.29306316 1.84472990 -0.38648632
v 0.29306316 1.84472990 -0.38648632
v 0.29306316 1.84472990 -0.38648632
v 0.29306316 1.84472990 -0.38648632
v 0.29306316 1.84472990 -0.38648632
v 0.29306316 1.84472990 -0.38648632
v 0.25660202 1.84472990 -0.41410908
v 0.25660202 1.84472990 -0.41410908
v 0.25660202 1.84472990 -0.41410908
v 0.25660202 1.84472990 -0.41410908
v 0.25660202 1.84472990 -0.41410908
v 0.25660202 1.84472990 -0.41410908
v 0.24838741 1.84472990 -0.41848722
v 0.24838741 1.84472990 -0.41848722
v 0.24838741 1.84472990 -0.41848722
v 0.24838741 1.84472990 -0.41848722
v 0.24838741 1.84472990 -0.41848722
v 0.19412805 1.84472990 -0.44582871
v 0.19412805 1.84472990 -0.44582871
v 0.19412805 1.84472990 -0.44582871
v 0.19412805 1.84472990 -0.44582871
v 0.19412805 1.84472990 -0.44582871
v 0.19412805 1.84472990 -0.44582871
v 0.18533701 1.84472990 -0.44957384
v 0.18533701 1.84472990 -0.44957384
v 0.18533701 1.84472990 -0.44957384
v 0.18533701 1.84472990 -0.44957384
v 0.18533701 1.84472990 -0.44957384
v 0.18533701 1.84472990 -0.44957384
v 0.15737864 1.84472990 -0.45818949
v 0.15737864 1.84472990 -0.45818949
v 0.15737864 1.84472990 -0.45818949
v 0.15737864 1.84472990 -0.45818949
v 0.15737864 1.84472990 -0.45818949
v 0.09771493 1.84472990 -0.47622955
v 0.09771493 1.84472990 -0.47622955
v 0.09771493 1.84472990 -0.47622955
v 0.09771493 1.84472990 -0.47622955
v 0.09029299 1.84472990 -0.47789994
v 0.09029299 1.84472990 -0.47789994
v 0.09029299 1.84472990 -0.47789994
v 0.09029299 1.84472990 -0.47789994
v 0.09029299 1.84472990 -0.47789994
v 0.09029299 1.84472990 -0.47789994
v 0.06485666 1.84472990 -0.48145166
v 0.06485666 1.84472990 -0.48145166
v 0.06485666 1.84472990 -0.48145166
v 0.06485666 1.84472990 -0.48145166
v 0.06485666 1.84472990 -0.48145166
v 0.04763488 1.84472990 -0.48306933
v 0.04763488 1.84472990 -0.48306933
v 0.04763488 1.84472990 -0.48306933
v 0.04763488 1.84472990 -0.48306933
v 0.04763488 1.84472990 -0.48306933
v 0.04763488 1.84472990 -0.48306933
v 0.03077339 1.84472990 -0.48356161
v 0.03077339 1.84472990 -0.48356161
v 0.03077339 1.84472990 -0.48356161
v 0.01592952 1.76421523 -0.47603613
v 0.01592952 1.76421523 -0.47603613
v 0.01592952 1.76421523 -0.47603613
v 0.01592952 1.76421523 -0.47603613
v 0.01592952 1.76421523 -0.47603613
v 0.01592952 1.76421523 -0.47603613
v 0.01578540 1.76420736 -0.47578996
v 0.01578540 1.76420736 -0.47578996
v 0.01578540 1.76420736 -0.47578996
v 0.01578540 1.76420736 -0.47578996
v 0.01578540 1.76420736 -0.47578996
v 0.01578540 1.76420736 -0.47578996
v 0.01578540 1.76420736 -0.47578996
v 0.01578540 1.76420736 -0.47578996
v 0.01578540 1.76420736 -0.47578996
v 0.01578540 1.76420736 -0.47578996
v 0.01578540 1.76420736 -0.47578996
v 0.01578540 1.76420736 -0.47578996
v 0.01578540 1.76420736 -0.47578996
v 0.01578540 1.76420736 -0.47578996
v -0.04748119 1.76420736 -0.47473499
v -0.04748119 1.76420736 -0.47473499
v -0.04748119 1.76420736 -0.47473499
v -0.04748119 1.76420736 -0.47473499
v -0.04748119 1.84490359 -0.48310447
v -0.04748119 1.84490359 -0.48310447
v -0.04748119 1.84490359 -0.48310447
v -0.04748119 1.84490359 -0.48310447
v -0.27770534 1.84490359 -0.30428621
v -0.27770534 1.84490359 -0.30428621
v -0.27770534 1.84490359 -0.30428621
v -0.27770534 1.84490359 -0.30428621
v 0.01578540 1.76420736 -0.30428621
v 0.01578540 1.76420736 -0.30428621
v 0.01578540 1.76420736 -0.30428621
v 0.01578540 1.76420736 -0.30428621
v 0.35121366 1.76421523 -0.32102513
v 0.35121366 1.76421523 -0.32102513
v 0.35121366 1.76421523 -0.32102513
v 0.35121366 1.76421523 -0.32102513
v 0.35121366 1.76421523 -0.32102513
v 0.35121366 1.76421523 -0.32102513
v 0.35121366 1.76421523 -0.32102513
v 0.01578540 1.83071709 -0.30428621
v 0.01578540 1.83071709 -0.30428621
v 0.01578540 1.83071709 -0.30428621
v 0.33636981 1.76421523 -0.33648050
v 0.33636981 1.76421523 -0.33648050
v 0.33636981 1.76421523 -0.33648050
v 0.33636981 1.76421523 -0.33648050
v 0.32066125 1.76421523 -0.35202381
v 0.32066125 1.76421523 -0.35202381
v 0.32066125 1.76421523 -0.35202381
v 0.32066125 1.76421523 -0.35202381
v 0.32066125 1.76421523 -0.35202381
v 0.32066125 1.76421523 -0.35202381
v 0.30257475 1.76421523 -0.36693415
v 0.30257475 1.76421523 -0.36693415
v 0.30257475 1.76421523 -0.36693415
v 0.30257475 1.76421523 -0.36693415
v 0.28520891 1.76421523 -0.38042021
v 0.28520891 1.76421523 -0.38042021
v 0.28520891 1.76421523 -0.38042021
v 0.28520891 1.76421523 -0.38042021
v 0.26733860 1.76421523 -0.39422283
v 0.26733860 1.76421523 -0.39422283
v 0.26733860 1.76421523 -0.39422283
v 0.26733860 1.76421523 -0.39422283
v 0.26733860 1.76421523 -0.39422283
v 0.24600954 1.76421523 -0.40783200
v 0.24600954 1.76421523 -0.40783200
v 0.24600954 1.76421523 -0.40783200
v 0.22986862 1.76421523 -0.41734436
v 0.22986862 1.76421523 -0.41734436
v 0.22986862 1.76421523 -0.41734436
v 0.22986862 1.76421523 -0.41734436
v 0.22986862 1.76421523 -0.41734436
v 0.20443228 1.76421523 -0.43023264
v 0.20443228 1.76421523 -0.43023264
v 0.20443228 1.76421523 -0.43023264
v 0.20443228 1.76421523 -0.43023264
v 0.19729857 1.76421523 -0.43353823
v 0.19729857 1.76421523 -0.43353823
v 0.19729857 1.76421523 -0.43353823
v 0.16782701 1.76421523 -0.44672543
v 0.16782701 1.76421523 -0.44672543
v 0.16782701 1.76421523 -0.44672543
v 0.16782701 1.76421523 -0.44672543
v 0.16552116 1.76421523 -0.44769248
v 0.16552116 1.76421523 -0.44769248
v 0.16552116 1.76421523 -0.44769248
v 0.16552116 1.76421523 -0.44769248
v 0.14246273 1.76421523 -0.45551687
v 0.14246273 1.76421523 -0.45551687
v 0.14246273 1.76421523 -0.45551687
v 0.14246273 1.76421523 -0.45551687
v 0.14246273 1.76421523 -0.45551687
v 0.14246273 1.76421523 -0.45551687
v 0.09670612 1.83867919 -0.47600096
v 0.09670612 1.83867919 -0.47600096
v 0.09670612 1.83867919 -0.47600096
v 0.09670612 1.83867919 -0.47600096
v 0.09670612 1.83867919 -0.47600096
v 0.09670612 1.83867919 -0.47600096
v 0.09670612 1.83867919 -0.47600096
v 0.08200637 1.76421523 -0.46988213
v 0.08200637 1.76421523 -0.46988213
v 0.08200637 1.76421523 -0.46988213
v 0.08200637 1.76421523 -0.46988213
v 0.08200637 1.76421523 -0.46988213
v 0.05383184 1.76421523 -0.47387344
v 0.05383184 1.76421523 -0.47387344
v 0.05383184 1.76421523 -0.47387344
v 0.05383184 1.76421523 -0.47387344
v 0.05383184 1.76421523 -0.47387344
v 0.04763488 1.76421523 -0.47471741
v 0.04763488 1.76421523 -0.47471741
v 0.04763488 1.76421523 -0.47471741
v 0.04763488 1.76421523 -0.47471741
v 0.04763488 1.76421523 -0.47471741
v 0.02709845 1.76421523 -0.47563171
v 0.02709845 1.76421523 -0.47563171
v 0.02709845 1.76421523 -0.47563171
v 0.02709845 1.76421523 -0.47563171
v 0.11104559 1.76421523 -0.46353468
v 0.11104559 1.76421523 -0.46353468
v 0.11104559 1.76421523 -0.46353468
v 0.11104559 1.76421523 -0.46353468
v 0.13849956 1.76421523 -0.45662460
v 0.13849956 1.76421523 -0.45662460
v 0.13849956 1.76421523 -0.45662460
v 0.13849956 1.76421523 -0.45662460
v -0.08192474 1.76420736 -0.46989971
v -0.08192474 1.76420736 -0.46989971
v -0.08192474 1.76420736 -0.46989971
v -0.08192474 1.76420736 -0.46989971
v -0.07918656 1.84490359 -0.47942966
v -0.07918656 1.84490359 -0.47942966
v -0.07918656 1.84490359 -0.47942966
v -0.07918656 1.84490359 -0.47942966
v -0.07918656 1.84490359 -0.47942966
v -0.37498313 1.84490359 -0.30428621
v -0.37498313 1.84490359 -0.30428621
v -0.37498313 1.84490359 -0.30428621
v -0.36554357 1.76420736 -0.30428621
v -0.36554357 1.76420736 -0.30428621
v -0.36554357 1.76420736 -0.30428621
v -0.36554357 1.76420736 -0.30428621
v -0.36554357 1.76420736 -0.30428621
v -0.08632027 1.76420736 -0.46898541
v -0.08632027 1.76420736 -0.46898541
v -0.08632027 1.76420736 -0.46898541
v -0.09655245 1.83868718 -0.47600096
v -0.09655245 1.83868718 -0.47600096
v -0.09655245 1.83868718 -0.47600096
v -0.09655245 1.83868718 -0.47600096
v -0.09655245 1.83868718 -0.47600096
v -0.09655245 1.83868718 -0.47600096
v -0.09655245 1.83868718 -0.47600096
v -0.09756126 1.84490359 -0.47622955
v -0.09756126 1.84490359 -0.47622955
v -0.09756126 1.84490359 -0.47622955
v -0.36604801 1.84490359 -0.31722721
v -0.36604801 1.84490359 -0.31722721
v -0.36604801 1.84490359 -0.31722721
v -0.35740107 1.84490359 -0.32731980
v -0.35740107 1.84490359 -0.32731980
v -0.35740107 1.84490359 -0.32731980
v -0.35740107 1.84490359 -0.32731980
v -0.33700877 1.76420736 -0.33567169
v -0.33700877 1.76420736 -0.33567169
v -0.33700877 1.76420736 -0.33567169
v -0.33700877 1.76420736 -0.33567169
v -0.11089192 1.76420736 -0.46348193
v -0.11089192 1.76420736 -0.46348193
v -0.11089192 1.76420736 -0.46348193
v -0.14238110 1.76420736 -0.45546412
v -0.14238110 1.76420736 -0.45546412
v -0.14238110 1.76420736 -0.45546412
v -0.14238110 1.76420736 -0.45546412
v -0.14238110 1.76420736 -0.45546412
v -0.10354203 1.84490359 -0.47475258
v -0.10354203 1.84490359 -0.47475258
v -0.10354203 1.84490359 -0.47475258
v -0.10354203 1.84490359 -0.47475258
v -0.33614406 1.84490359 -0.34996662
v -0.33614406 1.84490359 -0.34996662
v -0.33614406 1.84490359 -0.34996662
v -0.33614406 1.84490359 -0.34996662
v -0.33614406 1.84490359 -0.34996662
v -0.33599997 1.76420736 -0.33672670
v -0.33599997 1.76420736 -0.33672670
v -0.33599997 1.76420736 -0.33672670
v -0.16767333 1.76420736 -0.44672543
v -0.16767333 1.76420736 -0.44672543
v -0.16767333 1.76420736 -0.44672543
v -0.16767333 1.76420736 -0.44672543
v -0.17430262 1.84490359 -0.45268604
v -0.17430262 1.84490359 -0.45268604
v -0.17430262 1.84490359 -0.45268604
v -0.17430262 1.84490359 -0.45268604
v -0.32735303 1.84490359 -0.35801959
v -0.32735303 1.84490359 -0.35801959
v -0.32735303 1.84490359 -0.35801959
v -0.32735303 1.84490359 -0.35801959
v -0.33542347 1.76420736 -0.33728933
v -0.33542347 1.76420736 -0.33728933
v -0.33542347 1.76420736 -0.33728933
v -0.33542347 1.76420736 -0.33728933
v -0.17178062 1.76420736 -0.44526604
v -0.17178062 1.76420736 -0.44526604
v -0.17178062 1.76420736 -0.44526604
v -0.19404641 1.84490359 -0.44582871
v -0.19404641 1.84490359 -0.44582871
v -0.19404641 1.84490359 -0.44582871
v -0.19404641 1.84490359 -0.44582871
v -0.19404641 1.84490359 -0.44582871
v -0.30090791 1.84490359 -0.38033229
v -0.30090791 1.84490359 -0.38033229
v -0.30090791 1.84490359 -0.38033229
v -0.30090791 1.84490359 -0.38033229
v -0.30090791 1.84490359 -0.38033229
v -0.30393431 1.76420736 -0.36570334
v -0.30393431 1.76420736 -0.36570334
v -0.30393431 1.76420736 -0.36570334
v -0.30393431 1.76420736 -0.36570334
v -0.30393431 1.76420736 -0.36570334
v -0.20427862 1.76420736 -0.43023264
v -0.20427862 1.76420736 -0.43023264
v -0.20427862 1.76420736 -0.43023264
v -0.20427862 1.76420736 -0.43023264
v -0.20427862 1.76420736 -0.43023264
v -0.20081984 1.84490359 -0.44254068
v -0.20081984 1.84490359 -0.44254068
v -0.20081984 1.84490359 -0.44254068
v -0.30321372 1.76420736 -0.36628357
v -0.30321372 1.76420736 -0.36628357
v -0.30321372 1.76420736 -0.36628357
v -0.30321372 1.76420736 -0.36628357
v -0.26307765 1.84490359 -0.40946722
v -0.26307765 1.84490359 -0.40946722
v -0.26307765 1.84490359 -0.40946722
v -0.26307765 1.84490359 -0.40946722
v -0.26992309 1.76420736 -0.39211285
v -0.26992309 1.76420736 -0.39211285
v -0.26992309 1.76420736 -0.39211285
v -0.26992309 1.76420736 -0.39211285
v -0.23569573 1.76420736 -0.41407394
v -0.23569573 1.76420736 -0.41407394
v -0.23569573 1.76420736 -0.41407394
v -0.23569573 1.76420736 -0.41407394
v -0.25644833 1.84490359 -0.41410908
v -0.25644833 1.84490359 -0.41410908
v -0.25644833 1.84490359 -0.41410908
v -0.25644833 1.84490359 -0.41410908
v -0.25644833 1.84490359 -0.41410908
v -0.25644833 1.84490359 -0.41410908
v -0.26711285 1.76420736 -0.39420524
v -0.26711285 1.76420736 -0.39420524
v -0.26711285 1.76420736 -0.39420524
v -0.26711285 1.76420736 -0.39420524
v -0.26711285 1.76420736 -0.39420524
v -0.25551161 1.83754969 -0.41351128
v -0.25551161 1.83754969 -0.41351128
v -0.25551161 1.83754969 -0.41351128
v -0.25634205 1.83477139 0.30923122
v -0.25634205 1.83477139 0.30923122
v -0.25634205 1.83477139 0.30923122
v -0.25634205 1.83477139 0.30923122
v -0.25634205 1.83477139 0.41128510
v -0.25634205 1.83477139 0.41128510
v -0.25634205 1.83477139 0.41128510
v -0.25634205 1.87834239 0.34196353
v -0.25634205 1.87834239 0.34196353
v -0.25634205 1.87834239 0.34196353
v -0.25634205 1.87834239 0.34196353
v -0.02349391 1.83477139 0.38889027
v -0.02349391 1.83477139 0.38889027
v -0.02349391 1.83477139 0.38889027
v -0.02349391 1.83477139 0.38889027
v -0.24847865 1.83477139 0.41569808
v -0.24847865 1.83477139 0.41569808
v -0.24847865 1.83477139 0.41569808
v -0.24847865 1.83477139 0.41569808
v -0.24847865 1.83477139 0.41569808
v -0.25634205 1.83674610 0.41349161
v -0.25634205 1.83674610 0.41349161
v -0.25634205 1.83674610 0.41349161
v -0.25634205 1.83674610 0.41349161
v -0.25634205 1.89532948 0.35511550
v -0.25634205 1.89532948 0.35511550
v -0.25634205 1.89532948 0.35511550
v -0.25634205 1.89532948 0.35511550
v -0.02349391 1.90506101 0.44200206
v -0.02349391 1.90506101 0.44200206
v -0.02349391 1.90506101 0.44200206
v -0.02349391 1.90506101 0.44200206
v -0.02349391 1.90506101 0.44200206
v -0.02349391 1.83477139 0.48088470
v -0.02349391 1.83477139 0.48088470
v -0.02349391 1.83477139 0.48088470
v -0.25611416 1.83697808 0.41387382
v -0.25611416 1.83697808 0.41387382
v -0.25611416 1.83697808 0.41387382
v -0.25611416 1.83697808 0.41387382
v -0.25611416 1.83697808 0.41387382
v -0.19503024 1.83477139 0.44076854
v -0.19503024 1.83477139 0.44076854
v -0.19503024 1.83477139 0.44076854
v -0.19204442 1.83801031 0.44476449
v -0.19204442 1.83801031 0.44476449
v -0.19204442 1.83801031 0.44476449
v -0.19204442 1.83801031 0.44476449
v -0.19204442 1.83801031 0.44476449
v -0.19204442 1.83801031 0.44476449
v -0.19204442 1.83801031 0.44476449
v -0.19204442 1.83801031 0.44476449
v -0.19204442 1.83801031 0.44476449
v -0.25634205 1.83854139 0.41403019
v -0.25634205 1.83854139 0.41403019
v -0.25634205 1.83854139 0.41403019
v -0.25634205 1.83854139 0.41403019
v -0.25634205 1.90791082 0.37003964
v -0.25634205 1.90791082 0.37003964
v -0.25634205 1.90791082 0.37003964
v -0.25634205 1.90791082 0.37003964
v -0.25634205 1.90791082 0.37003964
v -0.02349391 1.91089547 0.45975813
v -0.02349391 1.91089547 0.45975813
v -0.02349391 1.91089547 0.45975813
v -0.02349391 1.91089547 0.45975813
v -0.02349391 1.91089547 0.45975813
v -0.02349391 1.84973145 0.48491544
v -0.02349391 1.84973145 0.48491544
v -0.02349391 1.84973145 0.48491544
v -0.04516957 1.83477139 0.48045033
v -0.04516957 1.83477139 0.48045033
v -0.04516957 1.83477139 0.48045033
v -0.04516957 1.83477139 0.48045033
v -0.23774338 1.85505724 0.42615715
v -0.23774338 1.85505724 0.42615715
v -0.23774338 1.85505724 0.42615715
v -0.23774338 1.85505724 0.42615715
v -0.23774338 1.85505724 0.42615715
v -0.23774338 1.85505724 0.42615715
v -0.23774338 1.85505724 0.42615715
v -0.18007837 1.83477139 0.44738793
v -0.18007837 1.83477139 0.44738793
v -0.18007837 1.83477139 0.44738793
v -0.18007837 1.83477139 0.44738793
v -0.09663503 1.83863854 0.47596791
v -0.09663503 1.83863854 0.47596791
v -0.09663503 1.83863854 0.47596791
v -0.09663503 1.83863854 0.47596791
v -0.09663503 1.83863854 0.47596791
v -0.09663503 1.83863854 0.47596791
v -0.09663503 1.83863854 0.47596791
v -0.09663503 1.83863854 0.47596791
v -0.09663503 1.83863854 0.47596791
v -0.14260750 1.85505724 0.46585634
v -0.14260750 1.85505724 0.46585634
v -0.14260750 1.85505724 0.46585634
v -0.14260750 1.85505724 0.46585634
v -0.14260750 1.85505724 0.46585634
v -0.14260750 1.85505724 0.46585634
v -0.14260750 1.85505724 0.46585634
v -0.17431188 1.85505724 0.45520619
v -0.17431188 1.85505724 0.45520619
v -0.17431188 1.85505724 0.45520619
v -0.17431188 1.85505724 0.45520619
v -0.17431188 1.85505724 0.45520619
v -0.19514421 1.85505724 0.44624129
v -0.19514421 1.85505724 0.44624129
v -0.19514421 1.85505724 0.44624129
v -0.19514421 1.85505724 0.44624129
v -0.25634205 1.85505724 0.41670576
v -0.25634205 1.85505724 0.41670576
v -0.25634205 1.85505724 0.41670576
v -0.25634205 1.85505724 0.41670576
v -0.25634205 1.90935457 0.39533594
v -0.25634205 1.90935457 0.39533594
v -0.25634205 1.90935457 0.39533594
v -0.25634205 1.90935457 0.39533594
v -0.25634205 1.90935457 0.39533594
v -0.25634205 1.90935457 0.39533594
v -0.23566927 1.90978837 0.39398077
v -0.23566927 1.90978837 0.39398077
v -0.23566927 1.90978837 0.39398077
v -0.23566927 1.90978837 0.39398077
v -0.23566927 1.90978837 0.39398077
v -0.04749440 1.91118717 0.45975813
v -0.04749440 1.91118717 0.45975813
v -0.04749440 1.91118717 0.45975813
v -0.04749440 1.91118717 0.45975813
v -0.04749440 1.91118717 0.45975813
v -0.04749440 1.91118717 0.45975813
v -0.02349391 1.90844941 0.48074570
v -0.02349391 1.90844941 0.48074570
v -0.02349391 1.90844941 0.48074570
v -0.02349391 1.90844941 0.48074570
v -0.02349391 1.85012043 0.48501971
v -0.02349391 1.85012043 0.48501971
v -0.02349391 1.85012043 0.48501971
v -0.02349391 1.85012043 0.48501971
v -0.02349391 1.85012043 0.48501971
v -0.04749440 1.83477139 0.48039824
v -0.04749440 1.83477139 0.48039824
v -0.04749440 1.83477139 0.48039824
v -0.04749440 1.83477139 0.48039824
v -0.04749440 1.83477139 0.48039824
v -0.19673969 1.88675749 0.44700575
v -0.19673969 1.88675749 0.44700575
v -0.19673969 1.88675749 0.44700575
v -0.19673969 1.88675749 0.44700575
v -0.19673969 1.88675749 0.44700575
v -0.19673969 1.88675749 0.44700575
v -0.23774338 1.88675749 0.42699108
v -0.23774338 1.88675749 0.42699108
v -0.23774338 1.88675749 0.42699108
v -0.23774338 1.88675749 0.42699108
v -0.23774338 1.88675749 0.42699108
v -0.23774338 1.88675749 0.42699108
v -0.23774338 1.88675749 0.42699108
v -0.10037300 1.83477139 0.47233680
v -0.10037300 1.83477139 0.47233680
v -0.10037300 1.83477139 0.47233680
v -0.07922156 1.83477139 0.47697562
v -0.07922156 1.83477139 0.47697562
v -0.07922156 1.83477139 0.47697562
v -0.07922156 1.83477139 0.47697562
v -0.07922156 1.83601308 0.47786164
v -0.07922156 1.83601308 0.47786164
v -0.07922156 1.83601308 0.47786164
v -0.07922156 1.83601308 0.47786164
v -0.07922156 1.83601308 0.47786164
v -0.07922156 1.83601308 0.47786164
v -0.07922156 1.85505724 0.48135385
v -0.07922156 1.85505724 0.48135385
v -0.07922156 1.85505724 0.48135385
v -0.07922156 1.85505724 0.48135385
v -0.07922156 1.85505724 0.48135385
v -0.09993995 1.85505724 0.47673237
v -0.09993995 1.85505724 0.47673237
v -0.09993995 1.85505724 0.47673237
v -0.09993995 1.85505724 0.47673237
v -0.09993995 1.85505724 0.47673237
v -0.11578073 1.85505724 0.47275376
v -0.11578073 1.85505724 0.47275376
v -0.11578073 1.85505724 0.47275376
v -0.11578073 1.85505724 0.47275376
v -0.10123911 1.88675749 0.47701031
v -0.10123911 1.88675749 0.47701031
v -0.10123911 1.88675749 0.47701031
v -0.10123911 1.88675749 0.47701031
v -0.10123911 1.88675749 0.47701031
v -0.10123911 1.88675749 0.47701031
v -0.14260750 1.88675749 0.46587375
v -0.14260750 1.88675749 0.46587375
v -0.14260750 1.88675749 0.46587375
v -0.14260750 1.88675749 0.46587375
v -0.17431188 1.88675749 0.45610964
v -0.17431188 1.88675749 0.45610964
v -0.17431188 1.88675749 0.45610964
v -0.17431188 1.88675749 0.45610964
v -0.17431188 1.88675749 0.45610964
v -0.17431188 1.88675749 0.45610964
v -0.25634205 1.85855782 0.41679263
v -0.25634205 1.85855782 0.41679263
v -0.25634205 1.85855782 0.41679263
v -0.25634205 1.90521061 0.41451666
v -0.25634205 1.90521061 0.41451666
v -0.25634205 1.90521061 0.41451666
v -0.25634205 1.90521061 0.41451666
v -0.25634205 1.90521061 0.41451666
v -0.23774338 1.90850186 0.41905123
v -0.23774338 1.90850186 0.41905123
v -0.23774338 1.90850186 0.41905123
v -0.23774338 1.90850186 0.41905123
v -0.23774338 1.90850186 0.41905123
v -0.23774338 1.90850186 0.41905123
v -0.20524129 1.90926480 0.42905855
v -0.20524129 1.90926480 0.42905855
v -0.20524129 1.90926480 0.42905855
v -0.14260750 1.90992308 0.45404214
v -0.14260750 1.90992308 0.45404214
v -0.14260750 1.90992308 0.45404214
v -0.14260750 1.90992308 0.45404214
v -0.14260750 1.90992308 0.45404214
v -0.14260750 1.90992308 0.45404214
v -0.14260750 1.90992308 0.45404214
v -0.14260750 1.90992308 0.45404214
v -0.14260750 1.90992308 0.45404214
v -0.07922156 1.91055143 0.45975813
v -0.07922156 1.91055143 0.45975813
v -0.07922156 1.91055143 0.45975813
v -0.04749440 1.90822506 0.48051986
v -0.04749440 1.90822506 0.48051986
v -0.04749440 1.90822506 0.48051986
v -0.04749440 1.90822506 0.48051986
v -0.04749440 1.90822506 0.48051986
v -0.04749440 1.90822506 0.48051986
v -0.04749440 1.90822506 0.48051986
v -0.02349391 1.88675749 0.48670498
v -0.02349391 1.88675749 0.48670498
v -0.02349391 1.88675749 0.48670498
v -0.02349391 1.88675749 0.48670498
v -0.02349391 1.85505724 0.48628798
v -0.02349391 1.85505724 0.48628798
v -0.02349391 1.85505724 0.48628798
v -0.02349391 1.85505724 0.48628798
v -0.04749440 1.85505724 0.48562780
v -0.04749440 1.85505724 0.48562780
v -0.04749440 1.85505724 0.48562780
v -0.04749440 1.85505724 0.48562780
v -0.04749440 1.85505724 0.48562780
v -0.04749440 1.85505724 0.48562780
v -0.04749440 1.85505724 0.48562780
v -0.06543210 1.83477139 0.47878250
v -0.06543210 1.83477139 0.47878250
v -0.06543210 1.83477139 0.47878250
v -0.19416413 1.90480661 0.44577217
v -0.19416413 1.90480661 0.44577217
v -0.19416413 1.90480661 0.44577217
v -0.19416413 1.90480661 0.44577217
v -0.19416413 1.90480661 0.44577217
v -0.19416413 1.90480661 0.44577217
v -0.19416413 1.90480661 0.44577217
v -0.25634205 1.88675749 0.41741809
v -0.25634205 1.88675749 0.41741809
v -0.25634205 1.88675749 0.41741809
v -0.07922156 1.88675749 0.48197928
v -0.07922156 1.88675749 0.48197928
v -0.07922156 1.88675749 0.48197928
v -0.07922156 1.88675749 0.48197928
v -0.07922156 1.88675749 0.48197928
v -0.07922156 1.88675749 0.48197928
v -0.07922156 1.88675749 0.48197928
v -0.09836726 1.90360987 0.47635013
v -0.09836726 1.90360987 0.47635013
v -0.09836726 1.90360987 0.47635013
v -0.09836726 1.90360987 0.47635013
v -0.09836726 1.90360987 0.47635013
v -0.09836726 1.90360987 0.47635013
v -0.09836726 1.90360987 0.47635013
v -0.17431188 1.90796328 0.44954231
v -0.17431188 1.90796328 0.44954231
v -0.17431188 1.90796328 0.44954231
v -0.17431188 1.90796328 0.44954231
v -0.17431188 1.90796328 0.44954231
v -0.07922156 1.90601850 0.47848713
v -0.07922156 1.90601850 0.47848713
v -0.07922156 1.90601850 0.47848713
v -0.07922156 1.90601850 0.47848713
v -0.07922156 1.90601850 0.47848713
v -0.07922156 1.90601850 0.47848713
v -0.04749440 1.88675749 0.48616636
v -0.04749440 1.88675749 0.48616636
v -0.04749440 1.88675749 0.48616636
v -0.04749440 1.88675749 0.48616636
v -0.04749440 1.88675749 0.48616636
v -0.04749440 1.88675749 0.48616636
v 0.01588123 1.88676012 -0.48674244
v 0.01588123 1.88676012 -0.48674244
v 0.01588123 1.88676012 -0.48674244
v 0.01588123 1.90847003 -0.48075625
v 0.01588123 1.90847003 -0.48075625
v 0.01588123 1.90847003 -0.48075625
v 0.01588123 1.90847003 -0.48075625
v 0.01595009 1.88676012 -0.48674244
v 0.01595009 1.88676012 -0.48674244
v 0.01595009 1.88676012 -0.48674244
v 0.01595009 1.88676012 -0.48674244
v 0.01595009 1.88676012 -0.48674244
v 0.01588123 1.85505700 -0.48658022
v 0.01588123 1.85505700 -0.48658022
v 0.01588123 1.85505700 -0.48658022
v 0.01588123 1.85505700 -0.48658022
v 0.01588123 1.91089022 -0.45982900
v 0.01588123 1.91089022 -0.45982900
v 0.01588123 1.91089022 -0.45982900
v 0.01588123 1.91089022 -0.45982900
v 0.01588123 1.91089022 -0.45982900
v 0.04766350 1.91120255 -0.45982900
v 0.04766350 1.91120255 -0.45982900
v 0.04766350 1.91120255 -0.45982900
v 0.04766350 1.91120255 -0.45982900
v 0.04766350 1.91120255 -0.45982900
v 0.01595009 1.90847003 -0.48075625
v 0.01595009 1.90847003 -0.48075625
v 0.01595009 1.90847003 -0.48075625
v 0.01595009 1.90847003 -0.48075625
v 0.01595009 1.90847003 -0.48075625
v 0.01595009 1.85505700 -0.48658022
v 0.01595009 1.85505700 -0.48658022
v 0.01595009 1.85505700 -0.48658022
v 0.01595009 1.85505700 -0.48658022
v 0.01595009 1.85505700 -0.48658022
v 0.01595009 1.85505700 -0.48658022
v 0.04766350 1.90819037 -0.48049667
v 0.04766350 1.90819037 -0.48049667
v 0.04766350 1.90819037 -0.48049667
v 0.04766350 1.90819037 -0.48049667
v 0.04766350 1.90819037 -0.48049667
v 0.04766350 1.90819037 -0.48049667
v 0.04766350 1.88676012 -0.48597997
v 0.04766350 1.88676012 -0.48597997
v 0.04766350 1.88676012 -0.48597997
v 0.04766350 1.88676012 -0.48597997
v 0.04766350 1.88676012 -0.48597997
v 0.04766350 1.88676012 -0.48597997
v 0.04766350 1.88676012 -0.48597997
v 0.01591566 1.84473872 -0.48385477
v 0.01591566 1.84473872 -0.48385477
v 0.01591566 1.84473872 -0.48385477
v 0.01591566 1.84473872 -0.48385477
v 0.01588123 1.84473872 -0.45398882
v 0.01588123 1.84473872 -0.45398882
v 0.01588123 1.84473872 -0.45398882
v 0.01588123 1.90504146 -0.44209757
v 0.01588123 1.90504146 -0.44209757
v 0.01588123 1.90504146 -0.44209757
v 0.01588123 1.90504146 -0.44209757
v 0.33453032 1.90916622 -0.32102767
v 0.33453032 1.90916622 -0.32102767
v 0.33453032 1.90916622 -0.32102767
v 0.33453032 1.90916622 -0.32102767
v 0.33453032 1.90916622 -0.32102767
v 0.33477134 1.90981030 -0.33471963
v 0.33477134 1.90981030 -0.33471963
v 0.33477134 1.90981030 -0.33471963
v 0.33477134 1.90981030 -0.33471963
v 0.33477134 1.90981030 -0.33471963
v 0.33477134 1.90981030 -0.33471963
v 0.33477134 1.90981030 -0.33471963
v 0.33477134 1.90981030 -0.33471963
v 0.07937690 1.91107893 -0.45982900
v 0.07937690 1.91107893 -0.45982900
v 0.07937690 1.91107893 -0.45982900
v 0.07937690 1.91107893 -0.45982900
v 0.07937690 1.91107893 -0.45982900
v 0.07937690 1.91107893 -0.45982900
v 0.04766350 1.85505700 -0.48563930
v 0.04766350 1.85505700 -0.48563930
v 0.04766350 1.85505700 -0.48563930
v 0.04766350 1.85505700 -0.48563930
v 0.04766350 1.85505700 -0.48563930
v 0.04766350 1.85505700 -0.48563930
v 0.04766350 1.85505700 -0.48563930
v 0.04766350 1.85505700 -0.48563930
v 0.03082544 1.84473872 -0.48357901
v 0.03082544 1.84473872 -0.48357901
v 0.03082544 1.84473872 -0.48357901
v 0.03082544 1.84473872 -0.48357901
v 0.14280370 1.91038287 -0.45428085
v 0.14280370 1.91038287 -0.45428085
v 0.14280370 1.91038287 -0.45428085
v 0.14280370 1.91038287 -0.45428085
v 0.14280370 1.91038287 -0.45428085
v 0.14280370 1.91038287 -0.45428085
v 0.14280370 1.91038287 -0.45428085
v 0.14280370 1.91038287 -0.45428085
v 0.07937690 1.90601087 -0.47851753
v 0.07937690 1.90601087 -0.47851753
v 0.07937690 1.90601087 -0.47851753
v 0.07937690 1.90601087 -0.47851753
v 0.07937690 1.90601087 -0.47851753
v 0.09841871 1.90362322 -0.47640860
v 0.09841871 1.90362322 -0.47640860
v 0.09841871 1.90362322 -0.47640860
v 0.09841871 1.90362322 -0.47640860
v 0.09841871 1.90362322 -0.47640860
v 0.09841871 1.90362322 -0.47640860
v 0.09841871 1.90362322 -0.47640860
v 0.09841871 1.90362322 -0.47640860
v 0.07937690 1.88676012 -0.48171338
v 0.07937690 1.88676012 -0.48171338
v 0.07937690 1.88676012 -0.48171338
v 0.07937690 1.88676012 -0.48171338
v 0.07937690 1.88676012 -0.48171338
v 0.01588123 1.84473872 -0.40429872
v 0.01588123 1.84473872 -0.40429872
v 0.01588123 1.84473872 -0.40429872
v 0.01588123 1.84473872 -0.40429872
v 0.01588123 1.84473872 -0.40429872
v 0.01588123 1.84473872 -0.40429872
v 0.01588123 1.84473872 -0.40429872
v 0.31083992 1.90578961 -0.32102767
v 0.31083992 1.90578961 -0.32102767
v 0.31083992 1.90578961 -0.32102767
v 0.31083992 1.90578961 -0.32102767
v 0.35763529 1.90801466 -0.32102767
v 0.35763529 1.90801466 -0.32102767
v 0.35763529 1.90801466 -0.32102767
v 0.35763529 1.90801466 -0.32102767
v 0.35581028 1.90759838 -0.32527801
v 0.35581028 1.90759838 -0.32527801
v 0.35581028 1.90759838 -0.32527801
v 0.35581028 1.90759838 -0.32527801
v 0.35581028 1.90759838 -0.32527801
v 0.35581028 1.90759838 -0.32527801
v 0.35581028 1.90759838 -0.32527801
v 0.32537097 1.90771544 -0.35606867
v 0.32537097 1.90771544 -0.35606867
v 0.32537097 1.90771544 -0.35606867
v 0.32537097 1.90771544 -0.35606867
v 0.32537097 1.90771544 -0.35606867
v 0.32537097 1.90771544 -0.35606867
v 0.32537097 1.90771544 -0.35606867
v 0.30205935 1.90978432 -0.36586717
v 0.30205935 1.90978432 -0.36586717
v 0.30205935 1.90978432 -0.36586717
v 0.30205935 1.90978432 -0.36586717
v 0.30205935 1.90978432 -0.36586717
v 0.04766350 1.84473872 -0.48307613
v 0.04766350 1.84473872 -0.48307613
v 0.04766350 1.84473872 -0.48307613
v 0.07937690 1.85505700 -0.48114565
v 0.07937690 1.85505700 -0.48114565
v 0.07937690 1.85505700 -0.48114565
v 0.07937690 1.85505700 -0.48114565
v 0.07937690 1.85505700 -0.48114565
v 0.07937690 1.85505700 -0.48114565
v 0.09029237 1.84473872 -0.47790107
v 0.09029237 1.84473872 -0.47790107
v 0.09029237 1.84473872 -0.47790107
v 0.09029237 1.84473872 -0.47790107
v 0.06488033 1.84473872 -0.48145387
v 0.06488033 1.84473872 -0.48145387
v 0.06488033 1.84473872 -0.48145387
v 0.17451710 1.90802121 -0.44959250
v 0.17451710 1.90802121 -0.44959250
v 0.17451710 1.90802121 -0.44959250
v 0.17451710 1.90802121 -0.44959250
v 0.17451710 1.90802121 -0.44959250
v 0.26821110 1.90898407 -0.39621985
v 0.26821110 1.90898407 -0.39621985
v 0.26821110 1.90898407 -0.39621985
v 0.26821110 1.90898407 -0.39621985
v 0.26821110 1.90898407 -0.39621985
v 0.26821110 1.90898407 -0.39621985
v 0.20530079 1.90932238 -0.42903835
v 0.20530079 1.90932238 -0.42903835
v 0.20530079 1.90932238 -0.42903835
v 0.23787503 1.90819693 -0.41883424
v 0.23787503 1.90819693 -0.41883424
v 0.23787503 1.90819693 -0.41883424
v 0.23787503 1.90819693 -0.41883424
v 0.23787503 1.90819693 -0.41883424
v 0.23787503 1.90819693 -0.41883424
v 0.23787503 1.90819693 -0.41883424
v 0.19410984 1.90474880 -0.44578016
v 0.19410984 1.90474880 -0.44578016
v 0.19410984 1.90474880 -0.44578016
v 0.19410984 1.90474880 -0.44578016
v 0.19410984 1.90474880 -0.44578016
v 0.19410984 1.90474880 -0.44578016
v 0.19410984 1.90474880 -0.44578016
v 0.17451710 1.88676012 -0.45593557
v 0.17451710 1.88676012 -0.45593557
v 0.17451710 1.88676012 -0.45593557
v 0.17451710 1.88676012 -0.45593557
v 0.17451710 1.88676012 -0.45593557
v 0.17451710 1.88676012 -0.45593557
v 0.14280370 1.88676012 -0.46583140
v 0.14280370 1.88676012 -0.46583140
v 0.14280370 1.88676012 -0.46583140
v 0.14280370 1.88676012 -0.46583140
v 0.10065690 1.88676012 -0.47692770
v 0.10065690 1.88676012 -0.47692770
v 0.10065690 1.88676012 -0.47692770
v 0.10065690 1.88676012 -0.47692770
v 0.10065690 1.88676012 -0.47692770
v 0.10065690 1.88676012 -0.47692770
v 0.10065690 1.88676012 -0.47692770
v 0.25016785 1.84473872 -0.32428843
v 0.25016785 1.84473872 -0.32428843
v 0.25016785 1.84473872 -0.32428843
v 0.25016785 1.84473872 -0.32428843
v 0.28060722 1.87579763 -0.32102767
v 0.28060722 1.87579763 -0.32102767
v 0.28060722 1.87579763 -0.32102767
v 0.28060722 1.87579763 -0.32102767
v 0.29544812 1.89183462 -0.32102767
v 0.29544812 1.89183462 -0.32102767
v 0.29544812 1.89183462 -0.32102767
v 0.30088863 1.89744914 -0.32102767
v 0.30088863 1.89744914 -0.32102767
v 0.30088863 1.89744914 -0.32102767
v 0.36204281 1.90107298 -0.32102767
v 0.36204281 1.90107298 -0.32102767
v 0.36204281 1.90107298 -0.32102767
v 0.36765549 1.88676012 -0.32102767
v 0.36765549 1.88676012 -0.32102767
v 0.36765549 1.88676012 -0.32102767
v 0.36765549 1.88676012 -0.32102767
v 0.36765549 1.88676012 -0.32102767
v 0.35987347 1.88676012 -0.33001503
v 0.35987347 1.88676012 -0.33001503
v 0.35987347 1.88676012 -0.33001503
v 0.35987347 1.88676012 -0.33001503
v 0.34603116 1.88676012 -0.34586462
v 0.34603116 1.88676012 -0.34586462
v 0.34603116 1.88676012 -0.34586462
v 0.34603116 1.88676012 -0.34586462
v 0.34603116 1.88676012 -0.34586462
v 0.34603116 1.88676012 -0.34586462
v 0.34603116 1.88676012 -0.34586462
v 0.29200473 1.90683722 -0.38551286
v 0.29200473 1.90683722 -0.38551286
v 0.29200473 1.90683722 -0.38551286
v 0.29200473 1.90683722 -0.38551286
v 0.29200473 1.90683722 -0.38551286
v 0.29200473 1.90683722 -0.38551286
v 0.33015722 1.88676012 -0.36033526
v 0.33015722 1.88676012 -0.36033526
v 0.33015722 1.88676012 -0.36033526
v 0.33015722 1.88676012 -0.36033526
v 0.33015722 1.88676012 -0.36033526
v 0.09938285 1.85505700 -0.47661948
v 0.09938285 1.85505700 -0.47661948
v 0.09938285 1.85505700 -0.47661948
v 0.09938285 1.85505700 -0.47661948
v 0.09769560 1.84473872 -0.47623011
v 0.09769560 1.84473872 -0.47623011
v 0.09769560 1.84473872 -0.47623011
v 0.09769560 1.84473872 -0.47623011
v 0.09769560 1.84473872 -0.47623011
v 0.09769560 1.84473872 -0.47623011
v 0.25671026 1.90475523 -0.41419458
v 0.25671026 1.90475523 -0.41419458
v 0.25671026 1.90475523 -0.41419458
v 0.25671026 1.90475523 -0.41419458
v 0.25671026 1.90475523 -0.41419458
v 0.25671026 1.90475523 -0.41419458
v 0.25671026 1.90475523 -0.41419458
v 0.25671026 1.90475523 -0.41419458
v 0.19658907 1.88676012 -0.44693196
v 0.19658907 1.88676012 -0.44693196
v 0.19658907 1.88676012 -0.44693196
v 0.19658907 1.88676012 -0.44693196
v 0.19658907 1.88676012 -0.44693196
v 0.19658907 1.88676012 -0.44693196
v 0.23787503 1.88676012 -0.42642647
v 0.23787503 1.88676012 -0.42642647
v 0.23787503 1.88676012 -0.42642647
v 0.23787503 1.88676012 -0.42642647
v 0.23787503 1.88676012 -0.42642647
v 0.23787503 1.88676012 -0.42642647
v 0.17451710 1.85505700 -0.45556244
v 0.17451710 1.85505700 -0.45556244
v 0.17451710 1.85505700 -0.45556244
v 0.17451710 1.85505700 -0.45556244
v 0.17451710 1.85505700 -0.45556244
v 0.14280370 1.85505700 -0.46588007
v 0.14280370 1.85505700 -0.46588007
v 0.14280370 1.85505700 -0.46588007
v 0.14280370 1.85505700 -0.46588007
v 0.14280370 1.85505700 -0.46588007
v 0.14280370 1.85505700 -0.46588007
v 0.14280370 1.85505700 -0.46588007
v 0.14280370 1.85505700 -0.46588007
v 0.11522234 1.85505700 -0.47274226
v 0.11522234 1.85505700 -0.47274226
v 0.11522234 1.85505700 -0.47274226
v 0.11522234 1.85505700 -0.47274226
v 0.26104888 1.84473872 -0.32102767
v 0.26104888 1.84473872 -0.32102767
v 0.26104888 1.84473872 -0.32102767
v 0.27155116 1.86214185 -0.32102767
v 0.27155116 1.86214185 -0.32102767
v 0.27155116 1.86214185 -0.32102767
v 0.36679465 1.85505700 -0.32102767
v 0.36679465 1.85505700 -0.32102767
v 0.36679465 1.85505700 -0.32102767
v 0.36679465 1.85505700 -0.32102767
v 0.36679465 1.85505700 -0.32102767
v 0.35952914 1.85505700 -0.32954457
v 0.35952914 1.85505700 -0.32954457
v 0.35952914 1.85505700 -0.32954457
v 0.35952914 1.85505700 -0.32954457
v 0.35952914 1.85505700 -0.32954457
v 0.35952914 1.85505700 -0.32954457
v 0.35952914 1.85505700 -0.32954457
v 0.34561795 1.85505700 -0.34539416
v 0.34561795 1.85505700 -0.34539416
v 0.34561795 1.85505700 -0.34539416
v 0.34561795 1.85505700 -0.34539416
v 0.34561795 1.85505700 -0.34539416
v 0.32977846 1.85505700 -0.35997835
v 0.32977846 1.85505700 -0.35997835
v 0.32977846 1.85505700 -0.35997835
v 0.32977846 1.85505700 -0.35997835
v 0.32977846 1.85505700 -0.35997835
v 0.32977846 1.85505700 -0.35997835
v 0.32977846 1.85505700 -0.35997835
v 0.31170079 1.88676012 -0.37620106
v 0.31170079 1.88676012 -0.37620106
v 0.31170079 1.88676012 -0.37620106
v 0.31170079 1.88676012 -0.37620106
v 0.31170079 1.88676012 -0.37620106
v 0.31170079 1.88676012 -0.37620106
v 0.15740356 1.84473872 -0.45820671
v 0.15740356 1.84473872 -0.45820671
v 0.15740356 1.84473872 -0.45820671
v 0.29586130 1.88676012 -0.38849783
v 0.29586130 1.88676012 -0.38849783
v 0.29586130 1.88676012 -0.38849783
v 0.29586130 1.88676012 -0.38849783
v 0.29586130 1.88676012 -0.38849783
v 0.27454686 1.88676012 -0.40433118
v 0.27454686 1.88676012 -0.40433118
v 0.27454686 1.88676012 -0.40433118
v 0.27454686 1.88676012 -0.40433118
v 0.27454686 1.88676012 -0.40433118
v 0.25870740 1.88676012 -0.41549239
v 0.25870740 1.88676012 -0.41549239
v 0.25870740 1.88676012 -0.41549239
v 0.25870740 1.88676012 -0.41549239
v 0.25870740 1.88676012 -0.41549239
v 0.25870740 1.88676012 -0.41549239
v 0.19579710 1.85505700 -0.44657508
v 0.19579710 1.85505700 -0.44657508
v 0.19579710 1.85505700 -0.44657508
v 0.19579710 1.85505700 -0.44657508
v 0.19579710 1.85505700 -0.44657508
v 0.21163659 1.85505700 -0.43882060
v 0.21163659 1.85505700 -0.43882060
v 0.21163659 1.85505700 -0.43882060
v 0.21163659 1.85505700 -0.43882060
v 0.21163659 1.85505700 -0.43882060
v 0.23787503 1.85505700 -0.42568025
v 0.23787503 1.85505700 -0.42568025
v 0.23787503 1.85505700 -0.42568025
v 0.23787503 1.85505700 -0.42568025
v 0.23787503 1.85505700 -0.42568025
v 0.23787503 1.85505700 -0.42568025
v 0.18536371 1.84473872 -0.44957626
v 0.18536371 1.84473872 -0.44957626
v 0.18536371 1.84473872 -0.44957626
v 0.18536371 1.84473872 -0.44957626
v 0.18536371 1.84473872 -0.44957626
v 0.36107865 1.84473872 -0.32102767
v 0.36107865 1.84473872 -0.32102767
v 0.36107865 1.84473872 -0.32102767
v 0.35839283 1.84473872 -0.32584584
v 0.35839283 1.84473872 -0.32584584
v 0.35839283 1.84473872 -0.32584584
v 0.35756642 1.84473872 -0.32727340
v 0.35756642 1.84473872 -0.32727340
v 0.35756642 1.84473872 -0.32727340
v 0.35756642 1.84473872 -0.32727340
v 0.35012877 1.84473872 -0.33579031
v 0.35012877 1.84473872 -0.33579031
v 0.35012877 1.84473872 -0.33579031
v 0.35012877 1.84473872 -0.33579031
v 0.32754028 1.84473872 -0.35798296
v 0.32754028 1.84473872 -0.35798296
v 0.32754028 1.84473872 -0.35798296
v 0.32754028 1.84473872 -0.35798296
v 0.31727907 1.84473872 -0.36664587
v 0.31727907 1.84473872 -0.36664587
v 0.31727907 1.84473872 -0.36664587
v 0.31727907 1.84473872 -0.36664587
v 0.31097770 1.85505700 -0.37582791
v 0.31097770 1.85505700 -0.37582791
v 0.31097770 1.85505700 -0.37582791
v 0.31097770 1.85505700 -0.37582791
v 0.31097770 1.85505700 -0.37582791
v 0.31097770 1.85505700 -0.37582791
v 0.29513821 1.85505700 -0.38805982
v 0.29513821 1.85505700 -0.38805982
v 0.29513821 1.85505700 -0.38805982
v 0.29513821 1.85505700 -0.38805982
v 0.29513821 1.85505700 -0.38805982
v 0.29513821 1.85505700 -0.38805982
v 0.27378935 1.85505700 -0.40389317
v 0.27378935 1.85505700 -0.40389317
v 0.27378935 1.85505700 -0.40389317
v 0.27378935 1.85505700 -0.40389317
v 0.27378935 1.85505700 -0.40389317
v 0.25791541 1.85505700 -0.41497326
v 0.25791541 1.85505700 -0.41497326
v 0.25791541 1.85505700 -0.41497326
v 0.25791541 1.85505700 -0.41497326
v 0.25791541 1.85505700 -0.41497326
v 0.19421315 1.84473872 -0.44582880
v 0.19421315 1.84473872 -0.44582880
v 0.19421315 1.84473872 -0.44582880
v 0.19421315 1.84473872 -0.44582880
v 0.19421315 1.84473872 -0.44582880
v 0.24837729 1.84473872 -0.41849357
v 0.24837729 1.84473872 -0.41849357
v 0.24837729 1.84473872 -0.41849357
v 0.24837729 1.84473872 -0.41849357
v 0.29307216 1.84473872 -0.38648623
v 0.29307216 1.84473872 -0.38648623
v 0.29307216 1.84473872 -0.38648623
v 0.29307216 1.84473872 -0.38648623
v 0.25657248 1.84473872 -0.41411346
v 0.25657248 1.84473872 -0.41411346
v 0.25657248 1.84473872 -0.41411346
v 0.25657248 1.84473872 -0.41411346
v 0.25657248 1.84473872 -0.41411346
v -0.25636494 1.88675857 0.41741979
v -0.25636494 1.88675857 0.41741979
v -0.25636494 1.88675857 0.41741979
v -0.25636494 1.88675857 0.41741979
v -0.25636494 1.88675857 0.41741979
v -0.25636494 1.85855722 0.41679698
v -0.25636494 1.85855722 0.41679698
v -0.25636494 1.85855722 0.41679698
v -0.25636494 1.90521097 0.41451335
v -0.25636494 1.90521097 0.41451335
v -0.25636494 1.90521097 0.41451335
v -0.25636494 1.90521097 0.41451335
v -0.25636494 1.90521097 0.41451335
v -0.25695971 1.90510571 0.41434726
v -0.25695971 1.90510571 0.41434726
v -0.25695971 1.90510571 0.41434726
v -0.25695971 1.90510571 0.41434726
v -0.25695971 1.90510571 0.41434726
v -0.25695971 1.90510571 0.41434726
v -0.25695971 1.90510571 0.41434726
v -0.25927013 1.88675857 0.41588354
v -0.25927013 1.88675857 0.41588354
v -0.25927013 1.88675857 0.41588354
v -0.25927013 1.88675857 0.41588354
v -0.25865248 1.85505927 0.41550985
v -0.25865248 1.85505927 0.41550985
v -0.25865248 1.85505927 0.41550985
v -0.25865248 1.85505927 0.41550985
v -0.25865248 1.85505927 0.41550985
v -0.25865248 1.85505927 0.41550985
v -0.25636494 1.85505927 0.41671398
v -0.25636494 1.85505927 0.41671398
v -0.25636494 1.85505927 0.41671398
v -0.25636494 1.85505927 0.41671398
v -0.25636494 1.90935576 0.39528936
v -0.25636494 1.90935576 0.39528936
v -0.25636494 1.90935576 0.39528936
v -0.25636494 1.90935576 0.39528936
v -0.25636494 1.90935576 0.39528936
v -0.25636494 1.90935576 0.39528936
v -0.25636494 1.90935576 0.39528936
v -0.26830596 1.90910757 0.39607823
v -0.26830596 1.90910757 0.39607823
v -0.26830596 1.90910757 0.39607823
v -0.26830596 1.90910757 0.39607823
v -0.26830596 1.90910757 0.39607823
v -0.29168478 1.90684330 0.38536590
v -0.29168478 1.90684330 0.38536590
v -0.29168478 1.90684330 0.38536590
v -0.29168478 1.90684330 0.38536590
v -0.29168478 1.90684330 0.38536590
v -0.29168478 1.90684330 0.38536590
v -0.27512288 1.88675857 0.40429932
v -0.27512288 1.88675857 0.40429932
v -0.27512288 1.88675857 0.40429932
v -0.27512288 1.88675857 0.40429932
v -0.27512288 1.88675857 0.40429932
v -0.27512288 1.88675857 0.40429932
v -0.31142637 1.88675857 0.37610683
v -0.31142637 1.88675857 0.37610683
v -0.31142637 1.88675857 0.37610683
v -0.31142637 1.88675857 0.37610683
v -0.31142637 1.88675857 0.37610683
v -0.29557362 1.88675857 0.38843846
v -0.29557362 1.88675857 0.38843846
v -0.29557362 1.88675857 0.38843846
v -0.29557362 1.88675857 0.38843846
v -0.27450526 1.85505927 0.40384257
v -0.27450526 1.85505927 0.40384257
v -0.27450526 1.85505927 0.40384257
v -0.27450526 1.85505927 0.40384257
v -0.25636494 1.83854020 0.41401511
v -0.25636494 1.83854020 0.41401511
v -0.25636494 1.83854020 0.41401511
v -0.25636494 1.83854020 0.41401511
v -0.25636494 1.83854020 0.41401511
v -0.25636494 1.83854020 0.41401511
v -0.25636494 1.90791154 0.37000331
v -0.25636494 1.90791154 0.37000331
v -0.25636494 1.90791154 0.37000331
v -0.25636494 1.90791154 0.37000331
v -0.25636494 1.90791154 0.37000331
v -0.25636494 1.90791154 0.37000331
v -0.25636494 1.90791154 0.37000331
v -0.26993012 1.90932572 0.36435652
v -0.26993012 1.90932572 0.36435652
v -0.26993012 1.90932572 0.36435652
v -0.45970568 1.91048419 -0.00675431
v -0.45970568 1.91048419 -0.00675431
v -0.45970568 1.91048419 -0.00675431
v -0.45970568 1.91048419 -0.00675431
v -0.45970568 1.91048419 -0.00675431
v -0.45970568 1.91048419 -0.00675431
v -0.45970568 1.91115367 0.07927631
v -0.45970568 1.91115367 0.07927631
v -0.45970568 1.91115367 0.07927631
v -0.45970568 1.91115367 0.07927631
v -0.45970568 1.91115367 0.07927631
v -0.45970568 1.91115367 0.07927631
v -0.45970568 1.91115367 0.07927631
v -0.45970568 1.91115367 0.07927631
v -0.30181867 1.91004038 0.36576822
v -0.30181867 1.91004038 0.36576822
v -0.30181867 1.91004038 0.36576822
v -0.30181867 1.91004038 0.36576822
v -0.30181867 1.91004038 0.36576822
v -0.30181867 1.91004038 0.36576822
v -0.32517460 1.90790391 0.35601088
v -0.32517460 1.90790391 0.35601088
v -0.32517460 1.90790391 0.35601088
v -0.32517460 1.90790391 0.35601088
v -0.32517460 1.90790391 0.35601088
v -0.32517460 1.90790391 0.35601088
v -0.32517460 1.90790391 0.35601088
v -0.32517460 1.90790391 0.35601088
v -0.32990983 1.88675857 0.36024600
v -0.32990983 1.88675857 0.36024600
v -0.32990983 1.88675857 0.36024600
v -0.32990983 1.88675857 0.36024600
v -0.32990983 1.88675857 0.36024600
v -0.32990983 1.88675857 0.36024600
v -0.29497889 1.85505927 0.38798171
v -0.29497889 1.85505927 0.38798171
v -0.29497889 1.85505927 0.38798171
v -0.29497889 1.85505927 0.38798171
v -0.29497889 1.85505927 0.38798171
v -0.31083164 1.85505927 0.37565014
v -0.31083164 1.85505927 0.37565014
v -0.31083164 1.85505927 0.37565014
v -0.31083164 1.85505927 0.37565014
v -0.31083164 1.85505927 0.37565014
v -0.31083164 1.85505927 0.37565014
v -0.31083164 1.85505927 0.37565014
v -0.31083164 1.85505927 0.37565014
v -0.25636494 1.83674979 0.41347536
v -0.25636494 1.83674979 0.41347536
v -0.25636494 1.83674979 0.41347536
v -0.25636494 1.83674979 0.41347536
v -0.25636494 1.83674979 0.41347536
v -0.25636494 1.89532661 0.35509741
v -0.25636494 1.89532661 0.35509741
v -0.25636494 1.89532661 0.35509741
v -0.38986665 1.83432019 -0.00675431
v -0.38986665 1.83432019 -0.00675431
v -0.38986665 1.83432019 -0.00675431
v -0.38986665 1.83432019 -0.00675431
v -0.38986665 1.83432019 -0.00675431
v -0.38986665 1.83432019 -0.00675431
v -0.44300655 1.90363884 -0.00675431
v -0.44300655 1.90363884 -0.00675431
v -0.44300655 1.90363884 -0.00675431
v -0.44776464 1.90560222 -0.00675431
v -0.44776464 1.90560222 -0.00675431
v -0.44776464 1.90560222 -0.00675431
v -0.46622524 1.91025853 -0.00675431
v -0.46622524 1.91025853 -0.00675431
v -0.46622524 1.91025853 -0.00675431
v -0.48237538 1.90946114 -0.00675431
v -0.48237538 1.90946114 -0.00675431
v -0.48237538 1.90946114 -0.00675431
v -0.48237538 1.90946114 -0.00675431
v -0.48235247 1.90943110 0.01583288
v -0.48235247 1.90943110 0.01583288
v -0.48235247 1.90943110 0.01583288
v -0.48235247 1.90943110 0.01583288
v -0.48235247 1.90943110 0.01583288
v -0.48235247 1.90943110 0.01583288
v -0.45490181 1.91010046 0.14267822
v -0.45490181 1.91010046 0.14267822
v -0.45490181 1.91010046 0.14267822
v -0.45490181 1.91010046 0.14267822
v -0.45490181 1.91010046 0.14267822
v -0.45490181 1.91010046 0.14267822
v -0.45490181 1.91010046 0.14267822
v -0.36566430 1.91025102 0.30190957
v -0.36566430 1.91025102 0.30190957
v -0.36566430 1.91025102 0.30190957
v -0.36566430 1.91025102 0.30190957
v -0.36566430 1.91025102 0.30190957
v -0.36566430 1.91025102 0.30190957
v -0.36566430 1.91025102 0.30190957
v -0.36566430 1.91025102 0.30190957
v -0.36566430 1.91025102 0.30190957
v -0.33459932 1.90999532 0.33458626
v -0.33459932 1.90999532 0.33458626
v -0.33459932 1.90999532 0.33458626
v -0.34576258 1.88675857 0.34567228
v -0.34576258 1.88675857 0.34567228
v -0.34576258 1.88675857 0.34567228
v -0.34576258 1.88675857 0.34567228
v -0.34576258 1.88675857 0.34567228
v -0.34576258 1.88675857 0.34567228
v -0.35578206 1.90779114 0.32516107
v -0.35578206 1.90779114 0.32516107
v -0.35578206 1.90779114 0.32516107
v -0.35578206 1.90779114 0.32516107
v -0.35578206 1.90779114 0.32516107
v -0.32929218 1.85505927 0.35978925
v -0.32929218 1.85505927 0.35978925
v -0.32929218 1.85505927 0.35978925
v -0.32929218 1.85505927 0.35978925
v -0.32929218 1.85505927 0.35978925
v -0.29088414 1.83459842 0.38474309
v -0.29088414 1.83459842 0.38474309
v -0.29088414 1.83459842 0.38474309
v -0.29088414 1.83459842 0.38474309
v -0.29088414 1.83459842 0.38474309
v -0.29088414 1.83459842 0.38474309
v -0.32476282 1.83432019 0.35576174
v -0.32476282 1.83432019 0.35576174
v -0.32476282 1.83432019 0.35576174
v -0.32476282 1.83432019 0.35576174
v -0.32476282 1.83432019 0.35576174
v -0.32476282 1.83432019 0.35576174
v -0.25862962 1.83432019 0.40948936
v -0.25862962 1.83432019 0.40948936
v -0.25862962 1.83432019 0.40948936
v -0.25862962 1.83432019 0.40948936
v -0.25636494 1.83432019 0.41077650
v -0.25636494 1.83432019 0.41077650
v -0.25636494 1.83432019 0.41077650
v -0.25636494 1.83432019 0.30705816
v -0.25636494 1.83432019 0.30705816
v -0.25636494 1.83432019 0.30705816
v -0.48306161 1.83432019 -0.00675431
v -0.48306161 1.83432019 -0.00675431
v -0.48306161 1.83432019 -0.00675431
v -0.48784262 1.89328802 -0.00675431
v -0.48784262 1.89328802 -0.00675431
v -0.48784262 1.89328802 -0.00675431
v -0.48784262 1.89328802 -0.00675431
v -0.48100284 1.90854335 0.04755459
v -0.48100284 1.90854335 0.04755459
v -0.48100284 1.90854335 0.04755459
v -0.48100284 1.90854335 0.04755459
v -0.48994714 1.88675857 0.01583288
v -0.48994714 1.88675857 0.01583288
v -0.48994714 1.88675857 0.01583288
v -0.48994714 1.88675857 0.01583288
v -0.48994714 1.88675857 0.01583288
v -0.48994714 1.88675857 0.01583288
v -0.48994714 1.88675857 0.01583288
v -0.45014369 1.90864873 0.17439993
v -0.45014369 1.90864873 0.17439993
v -0.45014369 1.90864873 0.17439993
v -0.45014369 1.90864873 0.17439993
v -0.45014369 1.90864873 0.17439993
v -0.45014369 1.90864873 0.17439993
v -0.42930409 1.90952885 0.20616315
v -0.42930409 1.90952885 0.20616315
v -0.42930409 1.90952885 0.20616315
v -0.42930409 1.90952885 0.20616315
v -0.42930409 1.90952885 0.20616315
v -0.47947019 1.90721202 0.07927631
v -0.47947019 1.90721202 0.07927631
v -0.47947019 1.90721202 0.07927631
v -0.47947019 1.90721202 0.07927631
v -0.47947019 1.90721202 0.07927631
v -0.47947019 1.90721202 0.07927631
v -0.39624891 1.90928054 0.26798728
v -0.39624891 1.90928054 0.26798728
v -0.39624891 1.90928054 0.26798728
v -0.39624891 1.90928054 0.26798728
v -0.38565752 1.90721202 0.29182008
v -0.38565752 1.90721202 0.29182008
v -0.38565752 1.90721202 0.29182008
v -0.38565752 1.90721202 0.29182008
v -0.38565752 1.90721202 0.29182008
v -0.38565752 1.90721202 0.29182008
v -0.38565752 1.90721202 0.29182008
v -0.38565752 1.90721202 0.29182008
v -0.34514493 1.85505927 0.34475881
v -0.34514493 1.85505927 0.34475881
v -0.34514493 1.85505927 0.34475881
v -0.34514493 1.85505927 0.34475881
v -0.34514493 1.85505927 0.34475881
v -0.34514493 1.85505927 0.34475881
v -0.35989967 1.88675857 0.32981142
v -0.35989967 1.88675857 0.32981142
v -0.35989967 1.88675857 0.32981142
v -0.35989967 1.88675857 0.32981142
v -0.35989967 1.88675857 0.32981142
v -0.35989967 1.88675857 0.32981142
v -0.29113576 1.83432019 0.38424486
v -0.29113576 1.83432019 0.38424486
v -0.29113576 1.83432019 0.38424486
v -0.29113576 1.83432019 0.38424486
v -0.29017499 1.83432019 0.38503376
v -0.29017499 1.83432019 0.38503376
v -0.29017499 1.83432019 0.38503376
v -0.29017499 1.83432019 0.38503376
v -0.35418078 1.83432019 0.32499501
v -0.35418078 1.83432019 0.32499501
v -0.35418078 1.83432019 0.32499501
v -0.35418078 1.83432019 0.32499501
v -0.35418078 1.83432019 0.32499501
v -0.48409104 1.83759987 -0.00675431
v -0.48409104 1.83759987 -0.00675431
v -0.48409104 1.83759987 -0.00675431
v -0.48308450 1.83432019 0.01583288
v -0.48308450 1.83432019 0.01583288
v -0.48308450 1.83432019 0.01583288
v -0.48308450 1.83432019 0.01583288
v -0.48308450 1.83432019 0.01583288
v -0.49001580 1.88675857 -0.00675431
v -0.49001580 1.88675857 -0.00675431
v -0.49001580 1.88675857 -0.00675431
v -0.49001580 1.88675857 -0.00675431
v -0.48727074 1.88675857 0.04755459
v -0.48727074 1.88675857 0.04755459
v -0.48727074 1.88675857 0.04755459
v -0.48727074 1.88675857 0.04755459
v -0.48727074 1.88675857 0.04755459
v -0.48727074 1.88675857 0.04755459
v -0.48953542 1.85505927 0.01583288
v -0.48953542 1.85505927 0.01583288
v -0.48953542 1.85505927 0.01583288
v -0.48953542 1.85505927 0.01583288
v -0.48953542 1.85505927 0.01583288
v -0.48953542 1.85505927 0.01583288
v -0.48953542 1.85505927 0.01583288
v -0.48953542 1.85505927 0.01583288
v -0.44641498 1.90554202 0.19565846
v -0.44641498 1.90554202 0.19565846
v -0.44641498 1.90554202 0.19565846
v -0.44641498 1.90554202 0.19565846
v -0.44641498 1.90554202 0.19565846
v -0.44641498 1.90554202 0.19565846
v -0.44641498 1.90554202 0.19565846
v -0.41907871 1.90818989 0.23776032
v -0.41907871 1.90818989 0.23776032
v -0.41907871 1.90818989 0.23776032
v -0.41907871 1.90818989 0.23776032
v -0.41907871 1.90818989 0.23776032
v -0.41907871 1.90818989 0.23776032
v -0.47766301 1.90518093 0.10256934
v -0.47766301 1.90518093 0.10256934
v -0.47766301 1.90518093 0.10256934
v -0.47766301 1.90518093 0.10256934
v -0.47766301 1.90518093 0.10256934
v -0.47766301 1.90518093 0.10256934
v -0.47766301 1.90518093 0.10256934
v -0.38881436 1.88675857 0.29572302
v -0.38881436 1.88675857 0.29572302
v -0.38881436 1.88675857 0.29572302
v -0.38881436 1.88675857 0.29572302
v -0.38881436 1.88675857 0.29572302
v -0.38881436 1.88675857 0.29572302
v -0.38881436 1.88675857 0.29572302
v -0.37572956 1.88675857 0.31154236
v -0.37572956 1.88675857 0.31154236
v -0.37572956 1.88675857 0.31154236
v -0.37572956 1.88675857 0.31154236
v -0.37572956 1.88675857 0.31154236
v -0.41393173 1.90472949 0.25644457
v -0.41393173 1.90472949 0.25644457
v -0.41393173 1.90472949 0.25644457
v -0.41393173 1.90472949 0.25644457
v -0.41393173 1.90472949 0.25644457
v -0.41393173 1.90472949 0.25644457
v -0.41393173 1.90472949 0.25644457
v -0.41393173 1.90472949 0.25644457
v -0.35903040 1.85505927 0.32889795
v -0.35903040 1.85505927 0.32889795
v -0.35903040 1.85505927 0.32889795
v -0.35903040 1.85505927 0.32889795
v -0.35903040 1.85505927 0.32889795
v -0.35903040 1.85505927 0.32889795
v -0.35903040 1.85505927 0.32889795
v -0.35486707 1.83432019 0.32420614
v -0.35486707 1.83432019 0.32420614
v -0.35486707 1.83432019 0.32420614
v -0.35486707 1.83432019 0.32420614
v -0.35486707 1.83432019 0.32420614
v -0.48953542 1.85505927 -0.00675431
v -0.48953542 1.85505927 -0.00675431
v -0.48953542 1.85505927 -0.00675431
v -0.48953542 1.85505927 -0.00675431
v -0.48111722 1.83432019 0.04755459
v -0.48111722 1.83432019 0.04755459
v -0.48111722 1.83432019 0.04755459
v -0.48111722 1.83432019 0.04755459
v -0.48679036 1.85505927 0.04755459
v -0.48679036 1.85505927 0.04755459
v -0.48679036 1.85505927 0.04755459
v -0.48679036 1.85505927 0.04755459
v -0.48679036 1.85505927 0.04755459
v -0.48679036 1.85505927 0.04755459
v -0.48402235 1.88675857 0.07927631
v -0.48402235 1.88675857 0.07927631
v -0.48402235 1.88675857 0.07927631
v -0.48402235 1.88675857 0.07927631
v -0.48402235 1.88675857 0.07927631
v -0.48402235 1.88675857 0.07927631
v -0.47885251 1.83440292 0.07927631
v -0.47885251 1.83440292 0.07927631
v -0.47885251 1.83440292 0.07927631
v -0.47885251 1.83440292 0.07927631
v -0.47885251 1.83440292 0.07927631
v -0.47885251 1.83440292 0.07927631
v -0.45748675 1.88675857 0.17439993
v -0.45748675 1.88675857 0.17439993
v -0.45748675 1.88675857 0.17439993
v -0.45748675 1.88675857 0.17439993
v -0.45748675 1.88675857 0.17439993
v -0.45748675 1.88675857 0.17439993
v -0.44810778 1.88675857 0.19922923
v -0.44810778 1.88675857 0.19922923
v -0.44810778 1.88675857 0.19922923
v -0.44810778 1.88675857 0.19922923
v -0.44810778 1.88675857 0.19922923
v -0.44810778 1.88675857 0.19922923
v -0.44000986 1.88675857 0.21504855
v -0.44000986 1.88675857 0.21504855
v -0.44000986 1.88675857 0.21504855
v -0.44000986 1.88675857 0.21504855
v -0.44000986 1.88675857 0.21504855
v -0.44000986 1.88675857 0.21504855
v -0.47894403 1.88675857 0.10701205
v -0.47894403 1.88675857 0.10701205
v -0.47894403 1.88675857 0.10701205
v -0.47894403 1.88675857 0.10701205
v -0.47894403 1.88675857 0.10701205
v -0.47894403 1.88675857 0.10701205
v -0.40466714 1.88675857 0.27454752
v -0.40466714 1.88675857 0.27454752
v -0.40466714 1.88675857 0.27454752
v -0.40466714 1.88675857 0.27454752
v -0.40466714 1.88675857 0.27454752
v -0.40363774 1.85505927 0.27375862
v -0.40363774 1.85505927 0.27375862
v -0.40363774 1.85505927 0.27375862
v -0.40363774 1.85505927 0.27375862
v -0.40363774 1.85505927 0.27375862
v -0.38778499 1.85505927 0.29451892
v -0.38778499 1.85505927 0.29451892
v -0.38778499 1.85505927 0.29451892
v -0.38778499 1.85505927 0.29451892
v -0.38778499 1.85505927 0.29451892
v -0.37488315 1.85505927 0.31037977
v -0.37488315 1.85505927 0.31037977
v -0.37488315 1.85505927 0.31037977
v -0.37488315 1.85505927 0.31037977
v -0.37488315 1.85505927 0.31037977
v -0.42738253 1.88675857 0.23776032
v -0.42738253 1.88675857 0.23776032
v -0.42738253 1.88675857 0.23776032
v -0.42738253 1.88675857 0.23776032
v -0.41537288 1.88675857 0.25868666
v -0.41537288 1.88675857 0.25868666
v -0.41537288 1.88675857 0.25868666
v -0.41537288 1.88675857 0.25868666
v -0.41537288 1.88675857 0.25868666
v -0.38430786 1.83489931 0.29024231
v -0.38430786 1.83489931 0.29024231
v -0.38430786 1.83489931 0.29024231
v -0.38430786 1.83489931 0.29024231
v -0.38430786 1.83489931 0.29024231
v -0.38430786 1.83489931 0.29024231
v -0.38430786 1.83489931 0.29024231
v -0.38430786 1.83489931 0.29024231
v -0.38330135 1.83432019 0.29078206
v -0.38330135 1.83432019 0.29078206
v -0.38330135 1.83432019 0.29078206
v -0.47892112 1.83432019 0.07794765
v -0.47892112 1.83432019 0.07794765
v -0.47892112 1.83432019 0.07794765
v -0.47722834 1.83673477 0.10082548
v -0.47722834 1.83673477 0.10082548
v -0.47722834 1.83673477 0.10082548
v -0.47722834 1.83673477 0.10082548
v -0.47722834 1.83673477 0.10082548
v -0.47722834 1.83673477 0.10082548
v -0.47722834 1.83673477 0.10082548
v -0.47722834 1.83673477 0.10082548
v -0.47722834 1.83673477 0.10082548
v -0.47722834 1.83673477 0.10082548
v -0.47722834 1.83673477 0.10082548
v -0.48340476 1.85505927 0.07927631
v -0.48340476 1.85505927 0.07927631
v -0.48340476 1.85505927 0.07927631
v -0.48340476 1.85505927 0.07927631
v -0.47862378 1.85505927 0.10568339
v -0.47862378 1.85505927 0.10568339
v -0.47862378 1.85505927 0.10568339
v -0.47862378 1.85505927 0.10568339
v -0.47862378 1.85505927 0.10568339
v -0.47880676 1.83432019 0.07927631
v -0.47880676 1.83432019 0.07927631
v -0.47880676 1.83432019 0.07927631
v -0.47880676 1.83432019 0.07927631
v -0.45689201 1.85505927 0.17439993
v -0.45689201 1.85505927 0.17439993
v -0.45689201 1.85505927 0.17439993
v -0.45689201 1.85505927 0.17439993
v -0.45689201 1.85505927 0.17439993
v -0.45689201 1.85505927 0.17439993
v -0.46707162 1.85505927 0.14267822
v -0.46707162 1.85505927 0.14267822
v -0.46707162 1.85505927 0.14267822
v -0.46707162 1.85505927 0.14267822
v -0.46707162 1.85505927 0.14267822
v -0.44774178 1.85505927 0.19839881
v -0.44774178 1.85505927 0.19839881
v -0.44774178 1.85505927 0.19839881
v -0.44774178 1.85505927 0.19839881
v -0.43978107 1.85505927 0.21421814
v -0.43978107 1.85505927 0.21421814
v -0.43978107 1.85505927 0.21421814
v -0.43978107 1.85505927 0.21421814
v -0.43978107 1.85505927 0.21421814
v -0.43978107 1.85505927 0.21421814
v -0.42669627 1.85505927 0.23776032
v -0.42669627 1.85505927 0.23776032
v -0.42669627 1.85505927 0.23776032
v -0.42669627 1.85505927 0.23776032
v -0.42669627 1.85505927 0.23776032
v -0.42669627 1.85505927 0.23776032
v -0.47377414 1.85505927 0.12154425
v -0.47377414 1.85505927 0.12154425
v -0.47377414 1.85505927 0.12154425
v -0.47377414 1.85505927 0.12154425
v -0.41491535 1.85505927 0.25789779
v -0.41491535 1.85505927 0.25789779
v -0.41491535 1.85505927 0.25789779
v -0.41491535 1.85505927 0.25789779
v -0.41491535 1.85505927 0.25789779
v -0.41333693 1.83766758 0.25540653
v -0.41333693 1.83766758 0.25540653
v -0.41333693 1.83766758 0.25540653
v -0.41333693 1.83766758 0.25540653
v -0.41333693 1.83766758 0.25540653
v -0.41333693 1.83766758 0.25540653
v -0.41333693 1.83766758 0.25540653
v -0.41333693 1.83766758 0.25540653
v -0.41333693 1.83766758 0.25540653
v -0.40796122 1.83432019 0.25860363
v -0.40796122 1.83432019 0.25860363
v -0.40796122 1.83432019 0.25860363
v -0.40796122 1.83432019 0.25860363
v -0.38492551 1.83432019 0.28874758
v -0.38492551 1.83432019 0.28874758
v -0.38492551 1.83432019 0.28874758
v -0.47482643 1.83432019 0.10294303
v -0.47482643 1.83432019 0.10294303
v -0.47482643 1.83432019 0.10294303
v -0.44753590 1.83432019 0.18561047
v -0.44753590 1.83432019 0.18561047
v -0.44753590 1.83432019 0.18561047
v -0.44753590 1.83432019 0.18561047
v -0.44591174 1.83641887 0.19457892
v -0.44591174 1.83641887 0.19457892
v -0.44591174 1.83641887 0.19457892
v -0.44591174 1.83641887 0.19457892
v -0.44591174 1.83641887 0.19457892
v -0.44591174 1.83641887 0.19457892
v -0.44591174 1.83641887 0.19457892
v -0.44591174 1.83641887 0.19457892
v -0.41635650 1.83432019 0.24490185
v -0.41635650 1.83432019 0.24490185
v -0.41635650 1.83432019 0.24490185
v -0.41635650 1.83432019 0.24490185
v -0.44312090 1.83432019 0.19644734
v -0.44312090 1.83432019 0.19644734
v -0.44312090 1.83432019 0.19644734
v 0.02899368 0.07309545 0.52688289
v 0.02899368 0.07309545 0.52688289
v 0.02899368 0.07309545 0.52688289
v 0.01739180 0.07309545 0.52720505
v 0.01739180 0.07309545 0.52720505
v 0.01739180 0.07309545 0.52720505
v 0.01739180 0.07309545 0.52720505
v 0.02899368 0.05965227 0.51223886
v 0.02899368 0.05965227 0.51223886
v 0.02899368 0.05965227 0.51223886
v 0.02899368 0.05965227 0.51223886
v 0.02899368 0.05965227 0.51223886
v 0.02899368 0.07309545 0.32227606
v 0.02899368 0.07309545 0.32227606
v 0.02899368 0.07309545 0.32227606
v 0.01590571 0.07309545 0.52723438
v 0.01590571 0.07309545 0.52723438
v 0.01590571 0.07309545 0.52723438
v 0.01590571 0.05953909 0.51241457
v 0.01590571 0.05953909 0.51241457
v 0.01590571 0.05953909 0.51241457
v 0.01590571 0.05953909 0.51241457
v 0.01590571 0.05953909 0.51241457
v 0.01590571 0.05953909 0.51241457
v 0.01590571 0.00323272 0.44013149
v 0.01590571 0.00323272 0.44013149
v 0.01590571 0.00323272 0.44013149
v 0.01590571 0.00323272 0.44013149
v 0.01590571 0.00323272 0.44013149
v 0.01590571 0.00323272 0.44013149
v 0.01590571 0.00323272 0.44013149
v 0.01590571 0.00323272 0.44013149
v 0.02899368 0.00352876 0.43975073
v 0.02899368 0.00352876 0.43975073
v 0.02899368 0.00352876 0.43975073
v 0.02899368 -0.00789445 0.37092364
v 0.02899368 -0.00789445 0.37092364
v 0.02899368 -0.00789445 0.37092364
v 0.02899368 -0.00789445 0.37092364
v 0.02899368 -0.00789445 0.37092364
v 0.02899368 -0.00789445 0.37092364
v 0.02899368 -0.00789445 0.37092364
v 0.02899368 -0.00789445 0.37092364
v 0.02899368 -0.00789445 0.37092364
v -0.23735444 0.07309545 0.22805618
v -0.23735444 0.07309545 0.22805618
v -0.23735444 0.07309545 0.22805618
v -0.23735444 0.07309545 0.22805618
v -0.23735444 0.07309545 0.22805618
v -0.23735444 0.07309545 0.22805618
v -0.01579744 0.07309545 0.52726364
v -0.01579744 0.07309545 0.52726364
v -0.01579744 0.07309545 0.52726364
v -0.01579744 0.07309545 0.52726364
v -0.01579744 0.07309545 0.52726364
v -0.01579744 0.05953909 0.51241457
v -0.01579744 0.05953909 0.51241457
v -0.01579744 0.05953909 0.51241457
v -0.01579744 0.05953909 0.51241457
v -0.01579744 0.05953909 0.51241457
v -0.01579744 0.00324145 0.44013149
v -0.01579744 0.00324145 0.44013149
v -0.01579744 0.00324145 0.44013149
v -0.01579744 0.00324145 0.44013149
v -0.01579744 0.00324145 0.44013149
v -0.01579744 0.00324145 0.44013149
v -0.01579744 -0.00795547 0.42428660
v -0.01579744 -0.00795547 0.42428660
v -0.01579744 -0.00795547 0.42428660
v -0.01579744 -0.00795547 0.42428660
v -0.01579744 -0.00795547 0.42428660
v -0.01579744 -0.00795547 0.42428660
v -0.01579744 -0.00795547 0.42428660
v 0.01590571 -0.00793800 0.42425734
v 0.01590571 -0.00793800 0.42425734
v 0.01590571 -0.00793800 0.42425734
v 0.01590571 -0.00793800 0.42425734
v 0.01590571 -0.00793800 0.42425734
v 0.02899368 -0.00769418 0.42390585
v 0.02899368 -0.00769418 0.42390585
v 0.02899368 -0.00769418 0.42390585
v 0.02899368 -0.00769418 0.42390585
v -0.23735444 -0.00963579 0.29562387
v -0.23735444 -0.00963579 0.29562387
v -0.23735444 -0.00963579 0.29562387
v -0.23735444 -0.00963579 0.29562387
v -0.23735444 -0.00963579 0.29562387
v -0.23735444 -0.00819055 0.29137710
v -0.23735444 -0.00819055 0.29137710
v -0.23735444 -0.00819055 0.29137710
v -0.23735444 -0.00819055 0.29137710
v -0.22202431 0.00030727 0.28549019
v -0.22202431 0.00030727 0.28549019
v -0.22202431 0.00030727 0.28549019
v -0.23735444 0.01227029 0.26961604
v -0.23735444 0.01227029 0.26961604
v -0.23735444 0.01227029 0.26961604
v -0.23735444 0.01227029 0.26961604
v -0.23735444 0.01227029 0.26961604
v -0.23735444 0.01322806 0.26888382
v -0.23735444 0.01322806 0.26888382
v -0.23735444 0.01322806 0.26888382
v -0.23735444 0.01322806 0.26888382
v -0.23735444 0.01339346 0.26876664
v -0.23735444 0.01339346 0.26876664
v -0.23735444 0.01339346 0.26876664
v 0.02899368 -0.01559124 0.39631647
v 0.02899368 -0.01559124 0.39631647
v 0.02899368 -0.01559124 0.39631647
v 0.02899368 -0.01559124 0.39631647
v 0.02899368 -0.01559124 0.39631647
v 0.02899368 -0.01559124 0.39631647
v -0.23735444 0.07309545 0.47182122
v -0.23735444 0.07309545 0.47182122
v -0.23735444 0.07309545 0.47182122
v -0.23735444 0.07309545 0.47182122
v -0.01788317 0.07309545 0.52720505
v -0.01788317 0.07309545 0.52720505
v -0.01788317 0.07309545 0.52720505
v -0.04750058 0.05981772 0.51200455
v -0.04750058 0.05981772 0.51200455
v -0.04750058 0.05981772 0.51200455
v -0.04750058 0.05981772 0.51200455
v -0.04750058 0.05981772 0.51200455
v -0.04750058 0.05981772 0.51200455
v -0.04750058 0.05981772 0.51200455
v -0.04750058 0.00393798 0.43925285
v -0.04750058 0.00393798 0.43925285
v -0.04750058 0.00393798 0.43925285
v -0.04750058 0.00393798 0.43925285
v -0.04750058 0.00393798 0.43925285
v -0.04750058 -0.00739819 0.42340797
v -0.04750058 -0.00739819 0.42340797
v -0.04750058 -0.00739819 0.42340797
v -0.04750058 -0.00739819 0.42340797
v -0.04750058 -0.00739819 0.42340797
v -0.04750058 -0.00739819 0.42340797
v -0.04750058 -0.00739819 0.42340797
v -0.04750058 -0.01526033 0.39631647
v -0.04750058 -0.01526033 0.39631647
v -0.04750058 -0.01526033 0.39631647
v -0.04750058 -0.01526033 0.39631647
v -0.04750058 -0.01526033 0.39631647
v -0.01579744 -0.01584368 0.39631647
v -0.01579744 -0.01584368 0.39631647
v -0.01579744 -0.01584368 0.39631647
v -0.01579744 -0.01584368 0.39631647
v -0.01579744 -0.01584368 0.39631647
v 0.01590571 -0.01585241 0.39631647
v 0.01590571 -0.01585241 0.39631647
v 0.01590571 -0.01585241 0.39631647
v 0.01590571 -0.01585241 0.39631647
v 0.01590571 -0.01585241 0.39631647
v -0.23735444 -0.01001025 0.29837695
v -0.23735444 -0.01001025 0.29837695
v -0.23735444 -0.01001025 0.29837695
v -0.20601630 -0.01393689 0.33293694
v -0.20601630 -0.01393689 0.33293694
v -0.20601630 -0.01393689 0.33293694
v -0.20601630 -0.01393689 0.33293694
v -0.20601630 -0.01393689 0.33293694
v -0.20601630 -0.01393689 0.33293694
v -0.20601630 -0.01393689 0.33293694
v -0.23735444 0.06983041 0.46851167
v -0.23735444 0.06983041 0.46851167
v -0.23735444 0.06983041 0.46851167
v -0.21740964 0.06503305 0.47343209
v -0.21740964 0.06503305 0.47343209
v -0.21740964 0.06503305 0.47343209
v -0.21740964 0.06503305 0.47343209
v -0.21740964 0.06503305 0.47343209
v -0.21740964 0.06503305 0.47343209
v -0.21740964 0.06503305 0.47343209
v -0.21740964 0.06503305 0.47343209
v -0.21740964 0.06503305 0.47343209
v -0.21740964 0.06503305 0.47343209
v -0.21740964 0.06503305 0.47343209
v -0.21102208 0.07309545 0.48423937
v -0.21102208 0.07309545 0.48423937
v -0.21102208 0.07309545 0.48423937
v -0.04750058 0.07309545 0.52635574
v -0.04750058 0.07309545 0.52635574
v -0.04750058 0.07309545 0.52635574
v -0.04750058 0.07309545 0.52635574
v -0.07920372 0.06119338 0.51015937
v -0.07920372 0.06119338 0.51015937
v -0.07920372 0.06119338 0.51015937
v -0.07920372 0.06119338 0.51015937
v -0.07920372 0.06119338 0.51015937
v -0.07920372 0.06119338 0.51015937
v -0.07920372 0.06119338 0.51015937
v -0.07920372 -0.00616185 0.42088920
v -0.07920372 -0.00616185 0.42088920
v -0.07920372 -0.00616185 0.42088920
v -0.07920372 -0.00616185 0.42088920
v -0.07920372 -0.00616185 0.42088920
v -0.07920372 -0.00616185 0.42088920
v -0.11090687 -0.01241330 0.39631647
v -0.11090687 -0.01241330 0.39631647
v -0.11090687 -0.01241330 0.39631647
v -0.11090687 -0.01241330 0.39631647
v -0.11090687 -0.01241330 0.39631647
v -0.11090687 -0.01241330 0.39631647
v -0.07920372 -0.01433744 0.39631647
v -0.07920372 -0.01433744 0.39631647
v -0.07920372 -0.01433744 0.39631647
v -0.07920372 -0.01433744 0.39631647
v -0.17431316 -0.01401525 0.36465597
v -0.17431316 -0.01401525 0.36465597
v -0.17431316 -0.01401525 0.36465597
v -0.17431316 -0.01401525 0.36465597
v -0.17431316 -0.01401525 0.36465597
v -0.17431316 -0.01401525 0.36465597
v -0.17431316 -0.01401525 0.36465597
v -0.17431316 -0.01401525 0.36465597
v -0.17431316 -0.01401525 0.36465597
v -0.17431316 -0.01401525 0.36465597
v -0.23735444 -0.01319681 0.33293694
v -0.23735444 -0.01319681 0.33293694
v -0.23735444 -0.01319681 0.33293694
v -0.23735444 -0.01319681 0.33293694
v -0.23735444 0.06963020 0.46830666
v -0.23735444 0.06963020 0.46830666
v -0.23735444 0.06963020 0.46830666
v -0.19626550 0.06159387 0.47808892
v -0.19626550 0.06159387 0.47808892
v -0.19626550 0.06159387 0.47808892
v -0.19626550 0.06159387 0.47808892
v -0.19626550 0.06159387 0.47808892
v -0.19626550 0.06159387 0.47808892
v -0.17431316 0.07173720 0.49806336
v -0.17431316 0.07173720 0.49806336
v -0.17431316 0.07173720 0.49806336
v -0.17431316 0.07173720 0.49806336
v -0.17431316 0.07173720 0.49806336
v -0.18072678 0.07309545 0.49680400
v -0.18072678 0.07309545 0.49680400
v -0.18072678 0.07309545 0.49680400
v -0.18072678 0.07309545 0.49680400
v -0.23735444 0.05817211 0.45275468
v -0.23735444 0.05817211 0.45275468
v -0.23735444 0.05817211 0.45275468
v -0.23735444 0.05817211 0.45275468
v -0.21939108 0.00099507 0.37915361
v -0.21939108 0.00099507 0.37915361
v -0.21939108 0.00099507 0.37915361
v -0.21939108 0.00099507 0.37915361
v -0.21939108 0.00099507 0.37915361
v -0.19824696 -0.00278364 0.38430834
v -0.19824696 -0.00278364 0.38430834
v -0.19824696 -0.00278364 0.38430834
v -0.19824696 -0.00278364 0.38430834
v -0.19824696 -0.00278364 0.38430834
v -0.19824696 -0.00278364 0.38430834
v -0.19824696 -0.00278364 0.38430834
v -0.15431620 0.00131725 0.41049191
v -0.15431620 0.00131725 0.41049191
v -0.15431620 0.00131725 0.41049191
v -0.15431620 0.00131725 0.41049191
v -0.15431620 0.00131725 0.41049191
v -0.05083776 0.07309545 0.52600431
v -0.05083776 0.07309545 0.52600431
v -0.05083776 0.07309545 0.52600431
v -0.07920372 0.07309545 0.52219683
v -0.07920372 0.07309545 0.52219683
v -0.07920372 0.07309545 0.52219683
v -0.07920372 0.07309545 0.52219683
v -0.09974820 0.06268222 0.50822639
v -0.09974820 0.06268222 0.50822639
v -0.09974820 0.06268222 0.50822639
v -0.09974820 0.06268222 0.50822639
v -0.09974820 0.06268222 0.50822639
v -0.09974820 0.06268222 0.50822639
v -0.11090687 -0.00406352 0.41734532
v -0.11090687 -0.00406352 0.41734532
v -0.11090687 -0.00406352 0.41734532
v -0.11090687 -0.00406352 0.41734532
v -0.11090687 -0.00406352 0.41734532
v -0.11090687 -0.00406352 0.41734532
v -0.14328788 -0.00753745 0.39848378
v -0.14328788 -0.00753745 0.39848378
v -0.14328788 -0.00753745 0.39848378
v -0.14328788 -0.00753745 0.39848378
v -0.14328788 -0.00753745 0.39848378
v -0.20771097 -0.00806864 0.36702833
v -0.20771097 -0.00806864 0.36702833
v -0.20771097 -0.00806864 0.36702833
v -0.20771097 -0.00806864 0.36702833
v -0.20771097 -0.00806864 0.36702833
v -0.23735444 -0.01312718 0.33337629
v -0.23735444 -0.01312718 0.33337629
v -0.23735444 -0.01312718 0.33337629
v -0.23735444 -0.01312718 0.33337629
v -0.17431316 -0.00596158 0.38999024
v -0.17431316 -0.00596158 0.38999024
v -0.17431316 -0.00596158 0.38999024
v -0.17431316 -0.00596158 0.38999024
v -0.17431316 -0.00596158 0.38999024
v -0.17431316 -0.00596158 0.38999024
v -0.17431316 0.05882515 0.48221850
v -0.17431316 0.05882515 0.48221850
v -0.17431316 0.05882515 0.48221850
v -0.14261001 0.06692237 0.50310093
v -0.14261001 0.06692237 0.50310093
v -0.14261001 0.06692237 0.50310093
v -0.14261001 0.06692237 0.50310093
v -0.14261001 0.06692237 0.50310093
v -0.14261001 0.06692237 0.50310093
v -0.14261001 0.06692237 0.50310093
v -0.13317207 -0.00186075 0.41441649
v -0.13317207 -0.00186075 0.41441649
v -0.13317207 -0.00186075 0.41441649
v -0.13317207 -0.00186075 0.41441649
v -0.13317207 -0.00186075 0.41441649
v -0.13317207 -0.00186075 0.41441649
v -0.13317207 -0.00186075 0.41441649
v -0.13317207 -0.00186075 0.41441649
v -0.17431316 0.07309545 0.49941063
v -0.17431316 0.07309545 0.49941063
v -0.17431316 0.07309545 0.49941063
v -0.17431316 0.07309545 0.49941063
v -0.23735444 0.00528750 0.37323740
v -0.23735444 0.00528750 0.37323740
v -0.23735444 0.00528750 0.37323740
v -0.23735444 -0.00478614 0.35771468
v -0.23735444 -0.00478614 0.35771468
v -0.23735444 -0.00478614 0.35771468
v -0.23735444 -0.00478614 0.35771468
v -0.23735444 -0.00495160 0.35736325
v -0.23735444 -0.00495160 0.35736325
v -0.23735444 -0.00495160 0.35736325
v -0.23735444 -0.00495160 0.35736325
v -0.08467878 0.07309545 0.52125961
v -0.08467878 0.07309545 0.52125961
v -0.08467878 0.07309545 0.52125961
v -0.08467878 0.07309545 0.52125961
v -0.12086625 0.06452806 0.50594187
v -0.12086625 0.06452806 0.50594187
v -0.12086625 0.06452806 0.50594187
v -0.12086625 0.06452806 0.50594187
v -0.12086625 0.06452806 0.50594187
v -0.12086625 0.06452806 0.50594187
v -0.12086625 0.06452806 0.50594187
v -0.14261001 0.07309545 0.50887072
v -0.14261001 0.07309545 0.50887072
v -0.14261001 0.07309545 0.50887072
v -0.14261001 0.07309545 0.50887072
v -0.11382690 0.07309545 0.51528484
v -0.11382690 0.07309545 0.51528484
v -0.11382690 0.07309545 0.51528484
v -0.23735446 0.07309545 0.47183642
v -0.23735446 0.07309545 0.47183642
v -0.23735446 0.07309545 0.47183642
v -0.23735446 0.07309545 0.47183642
v -0.23735446 0.07309545 0.47183642
v -0.23735446 0.07309545 0.47183642
v -0.23735446 0.07309545 0.47183642
v -0.23775864 0.07309545 0.47165233
v -0.23775864 0.07309545 0.47165233
v -0.23775864 0.07309545 0.47165233
v -0.23775864 0.07309545 0.47165233
v -0.23735446 0.06983358 0.46852255
v -0.23735446 0.06983358 0.46852255
v -0.23735446 0.06983358 0.46852255
v -0.23735446 0.06983358 0.46852255
v -0.23735446 0.07309545 0.22808173
v -0.23735446 0.07309545 0.22808173
v -0.23735446 0.07309545 0.22808173
v -0.25037456 0.07309545 0.46511659
v -0.25037456 0.07309545 0.46511659
v -0.25037456 0.07309545 0.46511659
v -0.25037456 0.07309545 0.46511659
v -0.23775864 0.06972024 0.46820036
v -0.23775864 0.06972024 0.46820036
v -0.23775864 0.06972024 0.46820036
v -0.23775864 0.06972024 0.46820036
v -0.23775864 0.06972024 0.46820036
v -0.23775864 0.06972024 0.46820036
v -0.23775864 0.06972024 0.46820036
v -0.23735446 0.06962430 0.46829242
v -0.23735446 0.06962430 0.46829242
v -0.23735446 0.06962430 0.46829242
v -0.23735446 0.06962430 0.46829242
v -0.23735446 0.06962430 0.46829242
v -0.23735446 0.06962430 0.46829242
v -0.23735446 0.01339674 0.26872286
v -0.23735446 0.01339674 0.26872286
v -0.23735446 0.01339674 0.26872286
v -0.32373166 0.07309545 0.00163289
v -0.32373166 0.07309545 0.00163289
v -0.32373166 0.07309545 0.00163289
v -0.32373166 0.07309545 0.00163289
v -0.32373166 0.07309545 0.00163289
v -0.32373166 0.07309545 0.00163289
v -0.27450937 0.07309545 0.45213723
v -0.27450937 0.07309545 0.45213723
v -0.27450937 0.07309545 0.45213723
v -0.27450937 0.07309545 0.45213723
v -0.28031212 0.06554263 0.44072273
v -0.28031212 0.06554263 0.44072273
v -0.28031212 0.06554263 0.44072273
v -0.28031212 0.06554263 0.44072273
v -0.28031212 0.06554263 0.44072273
v -0.28031212 0.06554263 0.44072273
v -0.28031212 0.06554263 0.44072273
v -0.28031212 0.06554263 0.44072273
v -0.28031212 0.06554263 0.44072273
v -0.25915086 0.06140862 0.44675213
v -0.25915086 0.06140862 0.44675213
v -0.25915086 0.06140862 0.44675213
v -0.25915086 0.06140862 0.44675213
v -0.25915086 0.06140862 0.44675213
v -0.23775864 0.05803341 0.45236734
v -0.23775864 0.05803341 0.45236734
v -0.23775864 0.05803341 0.45236734
v -0.23775864 0.05803341 0.45236734
v -0.23735446 0.05817296 0.45273554
v -0.23735446 0.05817296 0.45273554
v -0.23735446 0.05817296 0.45273554
v -0.23735446 0.01227165 0.26959735
v -0.23735446 0.01227165 0.26959735
v -0.23735446 0.01227165 0.26959735
v -0.37153935 -0.00763952 0.00163289
v -0.37153935 -0.00763952 0.00163289
v -0.37153935 -0.00763952 0.00163289
v -0.37153935 -0.00763952 0.00163289
v -0.53219742 0.07309545 0.00163289
v -0.53219742 0.07309545 0.00163289
v -0.53219742 0.07309545 0.00163289
v -0.23735446 -0.00819770 0.29136774
v -0.23735446 -0.00819770 0.29136774
v -0.23735446 -0.00819770 0.29136774
v -0.23735446 -0.00819770 0.29136774
v -0.30378291 0.07309545 0.43276021
v -0.30378291 0.07309545 0.43276021
v -0.30378291 0.07309545 0.43276021
v -0.30378291 0.07309545 0.43276021
v -0.30427369 0.07034816 0.42930821
v -0.30427369 0.07034816 0.42930821
v -0.30427369 0.07034816 0.42930821
v -0.30427369 0.07034816 0.42930821
v -0.31688961 0.06349307 0.41204840
v -0.31688961 0.06349307 0.41204840
v -0.31688961 0.06349307 0.41204840
v -0.31688961 0.06349307 0.41204840
v -0.31688961 0.06349307 0.41204840
v -0.31688961 0.06349307 0.41204840
v -0.31688961 0.06349307 0.41204840
v -0.31688961 0.06349307 0.41204840
v -0.25629279 -0.00142108 0.35078755
v -0.25629279 -0.00142108 0.35078755
v -0.25629279 -0.00142108 0.35078755
v -0.25629279 -0.00142108 0.35078755
v -0.25629279 -0.00142108 0.35078755
v -0.25629279 -0.00142108 0.35078755
v -0.23735446 -0.00478761 0.35769150
v -0.23735446 -0.00478761 0.35769150
v -0.23735446 -0.00478761 0.35769150
v -0.23735446 -0.00478761 0.35769150
v -0.23735446 -0.00478761 0.35769150
v -0.23735446 -0.00478761 0.35769150
v -0.23735446 0.00528574 0.37320229
v -0.23735446 0.00528574 0.37320229
v -0.23735446 0.00528574 0.37320229
v -0.23735446 0.00528574 0.37320229
v -0.23735446 0.00528574 0.37320229
v -0.23735446 0.00528574 0.37320229
v -0.38262519 -0.01137235 0.00163289
v -0.38262519 -0.01137235 0.00163289
v -0.38262519 -0.01137235 0.00163289
v -0.23735446 -0.00963681 0.29560217
v -0.23735446 -0.00963681 0.29560217
v -0.23735446 -0.00963681 0.29560217
v -0.23735446 -0.00963681 0.29560217
v -0.23735446 -0.00963681 0.29560217
v -0.53228408 0.07309545 0.01585498
v -0.53228408 0.07309545 0.01585498
v -0.53228408 0.07309545 0.01585498
v -0.53228408 0.07309545 0.01585498
v -0.53228408 0.07309545 0.01585498
v -0.53049421 0.07123777 0.00163289
v -0.53049421 0.07123777 0.00163289
v -0.53049421 0.07123777 0.00163289
v -0.53049421 0.07123777 0.00163289
v -0.30892166 0.07309545 0.42889398
v -0.30892166 0.07309545 0.42889398
v -0.30892166 0.07309545 0.42889398
v -0.30892166 0.07309545 0.42889398
v -0.33233473 0.07309545 0.41094378
v -0.33233473 0.07309545 0.41094378
v -0.33233473 0.07309545 0.41094378
v -0.33233473 0.07309545 0.41094378
v -0.33288324 0.06870855 0.40542063
v -0.33288324 0.06870855 0.40542063
v -0.33288324 0.06870855 0.40542063
v -0.33288324 0.06870855 0.40542063
v -0.35069567 0.06234184 0.38217741
v -0.35069567 0.06234184 0.38217741
v -0.35069567 0.06234184 0.38217741
v -0.35069567 0.06234184 0.38217741
v -0.35069567 0.06234184 0.38217741
v -0.35069567 0.06234184 0.38217741
v -0.35069567 0.06234184 0.38217741
v -0.35069567 0.06234184 0.38217741
v -0.29041636 -0.00287765 0.32151490
v -0.29041636 -0.00287765 0.32151490
v -0.29041636 -0.00287765 0.32151490
v -0.29041636 -0.00287765 0.32151490
v -0.29041636 -0.00287765 0.32151490
v -0.29041636 -0.00287765 0.32151490
v -0.29041636 -0.00287765 0.32151490
v -0.26789829 -0.00593890 0.33242312
v -0.26789829 -0.00593890 0.33242312
v -0.26789829 -0.00593890 0.33242312
v -0.26789829 -0.00593890 0.33242312
v -0.26789829 -0.00593890 0.33242312
v -0.26789829 -0.00593890 0.33242312
v -0.23775864 -0.00490975 0.35718521
v -0.23775864 -0.00490975 0.35718521
v -0.23775864 -0.00490975 0.35718521
v -0.23775864 -0.00490975 0.35718521
v -0.23775864 -0.00490975 0.35718521
v -0.23735446 -0.00495330 0.35732326
v -0.23735446 -0.00495330 0.35732326
v -0.23735446 -0.00495330 0.35732326
v -0.23735446 -0.00495330 0.35732326
v -0.23735446 -0.00495330 0.35732326
v -0.39628041 -0.01593372 0.00163289
v -0.39628041 -0.01593372 0.00163289
v -0.39628041 -0.01593372 0.00163289
v -0.39628041 -0.01593372 0.00163289
v -0.39628041 -0.01593372 0.00163289
v -0.39628041 -0.01593372 0.00163289
v -0.39628041 -0.01593372 0.00163289
v -0.23735446 -0.01001184 0.29831770
v -0.23735446 -0.01001184 0.29831770
v -0.23735446 -0.01001184 0.29831770
v -0.53052300 0.07119416 0.01585498
v -0.53052300 0.07119416 0.01585498
v -0.53052300 0.07119416 0.01585498
v -0.53052300 0.07119416 0.01585498
v -0.53052300 0.07119416 0.01585498
v -0.53052300 0.07119416 0.01585498
v -0.52905065 0.07292104 0.04756702
v -0.52905065 0.07292104 0.04756702
v -0.52905065 0.07292104 0.04756702
v -0.52905065 0.07292104 0.04756702
v -0.52905065 0.07292104 0.04756702
v -0.52905065 0.07292104 0.04756702
v -0.52905065 0.07292104 0.04756702
v -0.52919501 0.07309545 0.04756702
v -0.52919501 0.07309545 0.04756702
v -0.52919501 0.07309545 0.04756702
v -0.52342117 0.06547283 0.00163289
v -0.52342117 0.06547283 0.00163289
v -0.52342117 0.06547283 0.00163289
v -0.52342117 0.06547283 0.00163289
v -0.34396911 0.07309545 0.40137035
v -0.34396911 0.07309545 0.40137035
v -0.34396911 0.07309545 0.40137035
v -0.34396911 0.07309545 0.40137035
v -0.35771090 0.07309545 0.38949555
v -0.35771090 0.07309545 0.38949555
v -0.35771090 0.07309545 0.38949555
v -0.36871016 0.07309545 0.37932378
v -0.36871016 0.07309545 0.37932378
v -0.36871016 0.07309545 0.37932378
v -0.36871016 0.07309545 0.37932378
v -0.37182805 0.06935394 0.37159139
v -0.37182805 0.06935394 0.37159139
v -0.37182805 0.06935394 0.37159139
v -0.37182805 0.06935394 0.37159139
v -0.37182805 0.06935394 0.37159139
v -0.37182805 0.06935394 0.37159139
v -0.38196120 0.06249884 0.35046536
v -0.38196120 0.06249884 0.35046536
v -0.38196120 0.06249884 0.35046536
v -0.38196120 0.06249884 0.35046536
v -0.38196120 0.06249884 0.35046536
v -0.38196120 0.06249884 0.35046536
v -0.32119113 -0.00258983 0.29012504
v -0.32119113 -0.00258983 0.29012504
v -0.32119113 -0.00258983 0.29012504
v -0.32119113 -0.00258983 0.29012504
v -0.32119113 -0.00258983 0.29012504
v -0.32119113 -0.00258983 0.29012504
v -0.30106917 -0.00661910 0.30089515
v -0.30106917 -0.00661910 0.30089515
v -0.30106917 -0.00661910 0.30089515
v -0.30106917 -0.00661910 0.30089515
v -0.30106917 -0.00661910 0.30089515
v -0.30106917 -0.00661910 0.30089515
v -0.30106917 -0.00661910 0.30089515
v -0.23775864 -0.01319511 0.33288336
v -0.23775864 -0.01319511 0.33288336
v -0.23775864 -0.01319511 0.33288336
v -0.23775864 -0.01319511 0.33288336
v -0.23775864 -0.01319511 0.33288336
v -0.23775864 -0.01319511 0.33288336
v -0.26948610 -0.01432020 0.30117130
v -0.26948610 -0.01432020 0.30117130
v -0.26948610 -0.01432020 0.30117130
v -0.26948610 -0.01432020 0.30117130
v -0.26948610 -0.01432020 0.30117130
v -0.26948610 -0.01432020 0.30117130
v -0.26948610 -0.01432020 0.30117130
v -0.26948610 -0.01432020 0.30117130
v -0.23735446 -0.01312537 0.33334365
v -0.23735446 -0.01312537 0.33334365
v -0.23735446 -0.01312537 0.33334365
v -0.39628041 -0.01600347 0.04756702
v -0.39628041 -0.01600347 0.04756702
v -0.39628041 -0.01600347 0.04756702
v -0.39628041 -0.01600347 0.04756702
v -0.39628041 -0.01600347 0.04756702
v -0.42471674 -0.00828491 0.00163289
v -0.42471674 -0.00828491 0.00163289
v -0.42471674 -0.00828491 0.00163289
v -0.42471674 -0.00828491 0.00163289
v -0.23735446 -0.01320384 0.33288336
v -0.23735446 -0.01320384 0.33288336
v -0.23735446 -0.01320384 0.33288336
v -0.23735446 -0.01320384 0.33288336
v -0.23735446 -0.01320384 0.33288336
v -0.51467377 0.05839971 0.01585498
v -0.51467377 0.05839971 0.01585498
v -0.51467377 0.05839971 0.01585498
v -0.51467377 0.05839971 0.01585498
v -0.51467377 0.05839971 0.01585498
v -0.51467377 0.05839971 0.01585498
v -0.51317251 0.05925444 0.04756702
v -0.51317251 0.05925444 0.04756702
v -0.51317251 0.05925444 0.04756702
v -0.51317251 0.05925444 0.04756702
v -0.51317251 0.05925444 0.04756702
v -0.51317251 0.05925444 0.04756702
v -0.51317251 0.05925444 0.04756702
v -0.51118058 0.06055389 0.07927907
v -0.51118058 0.06055389 0.07927907
v -0.51118058 0.06055389 0.07927907
v -0.51118058 0.06055389 0.07927907
v -0.51118058 0.06055389 0.07927907
v -0.52480692 0.07309545 0.07927907
v -0.52480692 0.07309545 0.07927907
v -0.52480692 0.07309545 0.07927907
v -0.52480692 0.07309545 0.07927907
v -0.52480692 0.07309545 0.07927907
v -0.52887750 0.07309545 0.05000640
v -0.52887750 0.07309545 0.05000640
v -0.52887750 0.07309545 0.05000640
v -0.51464486 0.05839971 0.00163289
v -0.51464486 0.05839971 0.00163289
v -0.51464486 0.05839971 0.00163289
v -0.37942070 0.07309545 0.36846161
v -0.37942070 0.07309545 0.36846161
v -0.37942070 0.07309545 0.36846161
v -0.40069741 0.07309545 0.34494224
v -0.40069741 0.07309545 0.34494224
v -0.40069741 0.07309545 0.34494224
v -0.40069741 0.07309545 0.34494224
v -0.40306473 0.07035689 0.33845252
v -0.40306473 0.07035689 0.33845252
v -0.40306473 0.07035689 0.33845252
v -0.40306473 0.07035689 0.33845252
v -0.40306473 0.07035689 0.33845252
v -0.41236067 0.06327504 0.31732652
v -0.41236067 0.06327504 0.31732652
v -0.41236067 0.06327504 0.31732652
v -0.41236067 0.06327504 0.31732652
v -0.41236067 0.06327504 0.31732652
v -0.41236067 0.06327504 0.31732652
v -0.41236067 0.06327504 0.31732652
v -0.41236067 0.06327504 0.31732652
v -0.41236067 0.06327504 0.31732652
v -0.41236067 0.06327504 0.31732652
v -0.33221924 -0.00582549 0.26812449
v -0.33221924 -0.00582549 0.26812449
v -0.33221924 -0.00582549 0.26812449
v -0.33221924 -0.00582549 0.26812449
v -0.33221924 -0.00582549 0.26812449
v -0.35118645 -0.00163915 0.25666401
v -0.35118645 -0.00163915 0.25666401
v -0.35118645 -0.00163915 0.25666401
v -0.35118645 -0.00163915 0.25666401
v -0.35118645 -0.00163915 0.25666401
v -0.35118645 -0.00163915 0.25666401
v -0.35118645 -0.00163915 0.25666401
v -0.33288324 -0.01327359 0.23774724
v -0.33288324 -0.01327359 0.23774724
v -0.33288324 -0.01327359 0.23774724
v -0.33288324 -0.01327359 0.23774724
v -0.33288324 -0.01327359 0.23774724
v -0.33288324 -0.01327359 0.23774724
v -0.30118468 -0.01413705 0.26945928
v -0.30118468 -0.01413705 0.26945928
v -0.30118468 -0.01413705 0.26945928
v -0.30118468 -0.01413705 0.26945928
v -0.30118468 -0.01413705 0.26945928
v -0.39628041 -0.01545402 0.07927907
v -0.39628041 -0.01545402 0.07927907
v -0.39628041 -0.01545402 0.07927907
v -0.39628041 -0.01545402 0.07927907
v -0.39628041 -0.01545402 0.07927907
v -0.39628041 -0.01545402 0.07927907
v -0.39628041 -0.01545402 0.07927907
v -0.39628041 -0.01545402 0.07927907
v -0.42471674 -0.00825882 0.01585498
v -0.42471674 -0.00825882 0.01585498
v -0.42471674 -0.00825882 0.01585498
v -0.42471674 -0.00825882 0.01585498
v -0.42471674 -0.00825882 0.01585498
v -0.42471674 -0.00825882 0.01585498
v -0.43349305 -0.00220606 0.00163289
v -0.43349305 -0.00220606 0.00163289
v -0.43349305 -0.00220606 0.00163289
v -0.43349305 -0.00220606 0.00163289
v -0.44059491 0.00275648 0.00163289
v -0.44059491 0.00275648 0.00163289
v -0.44059491 0.00275648 0.00163289
v -0.44059491 0.00275648 0.00163289
v -0.44056603 0.00275648 0.01585498
v -0.44056603 0.00275648 0.01585498
v -0.44056603 0.00275648 0.01585498
v -0.44056603 0.00275648 0.01585498
v -0.44056603 0.00275648 0.01585498
v -0.44056603 0.00275648 0.01585498
v -0.44056603 0.00275648 0.01585498
v -0.43935356 0.00389030 0.04756702
v -0.43935356 0.00389030 0.04756702
v -0.43935356 0.00389030 0.04756702
v -0.43935356 0.00389030 0.04756702
v -0.42151228 -0.00709007 0.07927907
v -0.42151228 -0.00709007 0.07927907
v -0.42151228 -0.00709007 0.07927907
v -0.42151228 -0.00709007 0.07927907
v -0.42151228 -0.00709007 0.07927907
v -0.42151228 -0.00709007 0.07927907
v -0.42151228 -0.00709007 0.07927907
v -0.42151228 -0.00709007 0.07927907
v -0.50921738 0.06200168 0.10367294
v -0.50921738 0.06200168 0.10367294
v -0.50921738 0.06200168 0.10367294
v -0.50921738 0.06200168 0.10367294
v -0.50921738 0.06200168 0.10367294
v -0.50921738 0.06200168 0.10367294
v -0.51903307 0.07309545 0.11039276
v -0.51903307 0.07309545 0.11039276
v -0.51903307 0.07309545 0.11039276
v -0.51903307 0.07309545 0.11039276
v -0.40829009 0.07309545 0.33619726
v -0.40829009 0.07309545 0.33619726
v -0.40829009 0.07309545 0.33619726
v -0.40829009 0.07309545 0.33619726
v -0.41894287 0.07309545 0.32354003
v -0.41894287 0.07309545 0.32354003
v -0.41894287 0.07309545 0.32354003
v -0.43239602 0.07309545 0.30605009
v -0.43239602 0.07309545 0.30605009
v -0.43239602 0.07309545 0.30605009
v -0.43239602 0.07309545 0.30605009
v -0.43401268 0.07126396 0.30117130
v -0.43401268 0.07126396 0.30117130
v -0.43401268 0.07126396 0.30117130
v -0.43401268 0.07126396 0.30117130
v -0.44105682 0.06535075 0.28068969
v -0.44105682 0.06535075 0.28068969
v -0.44105682 0.06535075 0.28068969
v -0.44105682 0.06535075 0.28068969
v -0.44105682 0.06535075 0.28068969
v -0.44105682 0.06535075 0.28068969
v -0.44105682 0.06535075 0.28068969
v -0.44105682 0.06535075 0.28068969
v -0.44105682 0.06535075 0.28068969
v -0.44105682 0.06535075 0.28068969
v -0.44105682 0.06535075 0.28068969
v -0.44105682 0.06535075 0.28068969
v -0.41813454 0.05984749 0.30117130
v -0.41813454 0.05984749 0.30117130
v -0.41813454 0.05984749 0.30117130
v -0.35727787 -0.00504924 0.23774724
v -0.35727787 -0.00504924 0.23774724
v -0.35727787 -0.00504924 0.23774724
v -0.35727787 -0.00504924 0.23774724
v -0.35727787 -0.00504924 0.23774724
v -0.35727787 -0.00504924 0.23774724
v -0.35727787 -0.00504924 0.23774724
v -0.37881443 0.00120408 0.21910661
v -0.37881443 0.00120408 0.21910661
v -0.37881443 0.00120408 0.21910661
v -0.37881443 0.00120408 0.21910661
v -0.36680475 -0.00819770 0.20755404
v -0.36680475 -0.00819770 0.20755404
v -0.36680475 -0.00819770 0.20755404
v -0.36680475 -0.00819770 0.20755404
v -0.36461070 -0.01427665 0.17441519
v -0.36461070 -0.01427665 0.17441519
v -0.36461070 -0.01427665 0.17441519
v -0.36461070 -0.01427665 0.17441519
v -0.36461070 -0.01427665 0.17441519
v -0.36461070 -0.01427665 0.17441519
v -0.39628041 -0.01310790 0.11099111
v -0.39628041 -0.01310790 0.11099111
v -0.39628041 -0.01310790 0.11099111
v -0.39628041 -0.01310790 0.11099111
v -0.39628041 -0.01310790 0.11099111
v -0.39628041 -0.01310790 0.11099111
v -0.42350426 -0.00795354 0.04756702
v -0.42350426 -0.00795354 0.04756702
v -0.42350426 -0.00795354 0.04756702
v -0.42350426 -0.00795354 0.04756702
v -0.42350426 -0.00795354 0.04756702
v -0.41787472 -0.00461320 0.11099111
v -0.41787472 -0.00461320 0.11099111
v -0.41787472 -0.00461320 0.11099111
v -0.41787472 -0.00461320 0.11099111
v -0.41787472 -0.00461320 0.11099111
v -0.41787472 -0.00461320 0.11099111
v -0.41787472 -0.00461320 0.11099111
v -0.50679243 0.06377215 0.12479897
v -0.50679243 0.06377215 0.12479897
v -0.50679243 0.06377215 0.12479897
v -0.50679243 0.06377215 0.12479897
v -0.50679243 0.06377215 0.12479897
v -0.50679243 0.06377215 0.12479897
v -0.50679243 0.06377215 0.12479897
v -0.50679243 0.06377215 0.12479897
v -0.50679243 0.06377215 0.12479897
v -0.51756072 0.07309545 0.11766491
v -0.51756072 0.07309545 0.11766491
v -0.51756072 0.07309545 0.11766491
v -0.43606243 0.07309545 0.30117130
v -0.43606243 0.07309545 0.30117130
v -0.43606243 0.07309545 0.30117130
v -0.43606243 0.07309545 0.30117130
v -0.45272008 0.07309545 0.27461421
v -0.45272008 0.07309545 0.27461421
v -0.45272008 0.07309545 0.27461421
v -0.46496066 0.07309545 0.25279781
v -0.46496066 0.07309545 0.25279781
v -0.46496066 0.07309545 0.25279781
v -0.46888688 0.06888297 0.23774724
v -0.46888688 0.06888297 0.23774724
v -0.46888688 0.06888297 0.23774724
v -0.47417000 0.06439140 0.21906058
v -0.47417000 0.06439140 0.21906058
v -0.47417000 0.06439140 0.21906058
v -0.47417000 0.06439140 0.21906058
v -0.47417000 0.06439140 0.21906058
v -0.47417000 0.06439140 0.21906058
v -0.47417000 0.06439140 0.21906058
v -0.47417000 0.06439140 0.21906058
v -0.47417000 0.06439140 0.21906058
v -0.47417000 0.06439140 0.21906058
v -0.44691730 0.06131269 0.25951761
v -0.44691730 0.06131269 0.25951761
v -0.44691730 0.06131269 0.25951761
v -0.38461718 -0.00290373 0.19798061
v -0.38461718 -0.00290373 0.19798061
v -0.38461718 -0.00290373 0.19798061
v -0.38461718 -0.00290373 0.19798061
v -0.38461718 -0.00290373 0.19798061
v -0.38461718 -0.00290373 0.19798061
v -0.38461718 -0.00290373 0.19798061
v -0.39033332 -0.00612205 0.17441519
v -0.39033332 -0.00612205 0.17441519
v -0.39033332 -0.00612205 0.17441519
v -0.39033332 -0.00612205 0.17441519
v -0.39033332 -0.00612205 0.17441519
v -0.39033332 -0.00612205 0.17441519
v -0.39033332 -0.00612205 0.17441519
v -0.39033332 -0.00612205 0.17441519
v -0.39033332 -0.00612205 0.17441519
v -0.39856109 -0.00768318 0.14348559
v -0.39856109 -0.00768318 0.14348559
v -0.39856109 -0.00768318 0.14348559
v -0.41441038 -0.00187458 0.13345189
v -0.41441038 -0.00187458 0.13345189
v -0.41441038 -0.00187458 0.13345189
v -0.41441038 -0.00187458 0.13345189
v -0.41441038 -0.00187458 0.13345189
v -0.41441038 -0.00187458 0.13345189
v -0.48271537 0.05827763 0.17441519
v -0.48271537 0.05827763 0.17441519
v -0.48271537 0.05827763 0.17441519
v -0.47864476 0.06115573 0.19793458
v -0.47864476 0.06115573 0.19793458
v -0.47864476 0.06115573 0.19793458
v -0.47864476 0.06115573 0.19793458
v -0.47864476 0.06115573 0.19793458
v -0.47864476 0.06115573 0.19793458
v -0.47864476 0.06115573 0.19793458
v -0.50384772 0.06624036 0.14270316
v -0.50384772 0.06624036 0.14270316
v -0.50384772 0.06624036 0.14270316
v -0.50384772 0.06624036 0.14270316
v -0.50384772 0.06624036 0.14270316
v -0.51060319 0.07309545 0.14270316
v -0.51060319 0.07309545 0.14270316
v -0.51060319 0.07309545 0.14270316
v -0.51060319 0.07309545 0.14270316
v -0.47339055 0.07309545 0.23774724
v -0.47339055 0.07309545 0.23774724
v -0.47339055 0.07309545 0.23774724
v -0.47339055 0.07309545 0.23774724
v -0.48594871 0.07309545 0.21252488
v -0.48594871 0.07309545 0.21252488
v -0.48594871 0.07309545 0.21252488
v -0.49689019 0.07309545 0.18408069
v -0.49689019 0.07309545 0.18408069
v -0.49689019 0.07309545 0.18408069
v -0.49689019 0.07309545 0.18408069
v -0.49856460 0.07119416 0.17441519
v -0.49856460 0.07119416 0.17441519
v -0.49856460 0.07119416 0.17441519
v -0.49856460 0.07119416 0.17441519
v -0.49856460 0.07119416 0.17441519
v -0.41062850 0.00116920 0.15462394
v -0.41062850 0.00116920 0.15462394
v -0.41062850 0.00116920 0.15462394
v -0.41062850 0.00116920 0.15462394
v -0.41062850 0.00116920 0.15462394
v -0.50047004 0.07309545 0.17441519
v -0.50047004 0.07309545 0.17441519
v -0.50047004 0.07309545 0.17441519
v -0.50047004 0.07309545 0.17441519
v 0.01584229 1.88676131 -0.48674244
v 0.01584229 1.88676131 -0.48674244
v 0.01584229 1.88676131 -0.48674244
v 0.01584229 1.88676131 -0.48674244
v 0.01584229 1.88676131 -0.48674244
v 0.01584229 1.85505474 -0.48658171
v 0.01584229 1.85505474 -0.48658171
v 0.01584229 1.85505474 -0.48658171
v -0.01581552 1.85505474 -0.48658171
v -0.01581552 1.85505474 -0.48658171
v -0.01581552 1.85505474 -0.48658171
v -0.01581552 1.85505474 -0.48658171
v -0.01581552 1.85505474 -0.48658171
v -0.01581552 1.85505474 -0.48658171
v -0.01581552 1.85505474 -0.48658171
v -0.01581552 1.88676131 -0.48672459
v -0.01581552 1.88676131 -0.48672459
v -0.01581552 1.88676131 -0.48672459
v -0.01581552 1.88676131 -0.48672459
v -0.01581552 1.88676131 -0.48672459
v -0.01581552 1.90846622 -0.48075938
v -0.01581552 1.90846622 -0.48075938
v -0.01581552 1.90846622 -0.48075938
v -0.01581552 1.90846622 -0.48075938
v -0.01581552 1.90846622 -0.48075938
v -0.01581552 1.90846622 -0.48075938
v 0.01584229 1.90846622 -0.48075938
v 0.01584229 1.90846622 -0.48075938
v 0.01584229 1.90846622 -0.48075938
v 0.01584229 1.90846622 -0.48075938
v 0.01584229 1.84491014 -0.48390272
v 0.01584229 1.84491014 -0.48390272
v 0.01584229 1.84491014 -0.48390272
v -0.01581552 1.84491014 -0.48390272
v -0.01581552 1.84491014 -0.48390272
v -0.01581552 1.84491014 -0.48390272
v -0.04751228 1.84491014 -0.48311689
v -0.04751228 1.84491014 -0.48311689
v -0.04751228 1.84491014 -0.48311689
v -0.04751228 1.84491014 -0.48311689
v -0.04751228 1.85505474 -0.48563510
v -0.04751228 1.85505474 -0.48563510
v -0.04751228 1.85505474 -0.48563510
v -0.04751228 1.85505474 -0.48563510
v -0.04751228 1.85505474 -0.48563510
v -0.04751228 1.85505474 -0.48563510
v -0.04751228 1.88676131 -0.48597446
v -0.04751228 1.88676131 -0.48597446
v -0.04751228 1.88676131 -0.48597446
v -0.04751228 1.88676131 -0.48597446
v -0.04751228 1.88676131 -0.48597446
v -0.04751228 1.88676131 -0.48597446
v -0.04751228 1.88676131 -0.48597446
v -0.04751228 1.90819347 -0.48049152
v -0.04751228 1.90819347 -0.48049152
v -0.04751228 1.90819347 -0.48049152
v -0.04751228 1.90819347 -0.48049152
v -0.04751228 1.90819347 -0.48049152
v -0.04751228 1.90819347 -0.48049152
v -0.07920904 1.91114199 -0.45982763
v -0.07920904 1.91114199 -0.45982763
v -0.07920904 1.91114199 -0.45982763
v -0.07920904 1.91114199 -0.45982763
v -0.07920904 1.91114199 -0.45982763
v -0.07920904 1.91114199 -0.45982763
v -0.04751228 1.91125250 -0.45982763
v -0.04751228 1.91125250 -0.45982763
v -0.04751228 1.91125250 -0.45982763
v -0.04751228 1.91125250 -0.45982763
v -0.04751228 1.91125250 -0.45982763
v 0.01584229 1.91089523 -0.45982763
v 0.01584229 1.91089523 -0.45982763
v 0.01584229 1.91089523 -0.45982763
v 0.01584229 1.91089523 -0.45982763
v 0.01584229 1.91089523 -0.45982763
v 0.01584229 1.84491014 -0.40453357
v 0.01584229 1.84491014 -0.40453357
v 0.01584229 1.84491014 -0.40453357
v 0.01584229 1.84491014 -0.40453357
v 0.01584229 1.84491014 -0.40453357
v 0.01584229 1.84491014 -0.40453357
v -0.07920904 1.84491014 -0.47943777
v -0.07920904 1.84491014 -0.47943777
v -0.07920904 1.84491014 -0.47943777
v -0.07920904 1.84491014 -0.47943777
v -0.07920904 1.85505474 -0.48115233
v -0.07920904 1.85505474 -0.48115233
v -0.07920904 1.85505474 -0.48115233
v -0.07920904 1.85505474 -0.48115233
v -0.07920904 1.85505474 -0.48115233
v -0.07920904 1.85505474 -0.48115233
v -0.07920904 1.88676131 -0.48172385
v -0.07920904 1.88676131 -0.48172385
v -0.07920904 1.88676131 -0.48172385
v -0.07920904 1.88676131 -0.48172385
v -0.07920904 1.88676131 -0.48172385
v -0.09828939 1.90362132 -0.47641942
v -0.09828939 1.90362132 -0.47641942
v -0.09828939 1.90362132 -0.47641942
v -0.09828939 1.90362132 -0.47641942
v -0.09828939 1.90362132 -0.47641942
v -0.09828939 1.90362132 -0.47641942
v -0.09828939 1.90362132 -0.47641942
v -0.09828939 1.90362132 -0.47641942
v -0.07920904 1.90601134 -0.47850910
v -0.07920904 1.90601134 -0.47850910
v -0.07920904 1.90601134 -0.47850910
v -0.07920904 1.90601134 -0.47850910
v -0.07920904 1.90601134 -0.47850910
v -0.14264148 1.91038871 -0.45429111
v -0.14264148 1.91038871 -0.45429111
v -0.14264148 1.91038871 -0.45429111
v -0.14264148 1.91038871 -0.45429111
v -0.14264148 1.91038871 -0.45429111
v -0.14264148 1.91038871 -0.45429111
v -0.14264148 1.91038871 -0.45429111
v -0.14264148 1.91038871 -0.45429111
v -0.30190405 1.90977168 -0.36586699
v -0.30190405 1.90977168 -0.36586699
v -0.30190405 1.90977168 -0.36586699
v -0.30190405 1.90977168 -0.36586699
v -0.30190405 1.90977168 -0.36586699
v -0.30190405 1.90977168 -0.36586699
v -0.36346743 1.90988851 -0.30428621
v -0.36346743 1.90988851 -0.30428621
v -0.36346743 1.90988851 -0.30428621
v -0.36346743 1.90988851 -0.30428621
v -0.36346743 1.90988851 -0.30428621
v -0.36346743 1.90988851 -0.30428621
v -0.36346743 1.90988851 -0.30428621
v -0.36346743 1.90988851 -0.30428621
v 0.01584229 1.90503705 -0.44209284
v 0.01584229 1.90503705 -0.44209284
v 0.01584229 1.90503705 -0.44209284
v 0.01584229 1.90503705 -0.44209284
v -0.33270523 1.90833640 -0.30428621
v -0.33270523 1.90833640 -0.30428621
v -0.33270523 1.90833640 -0.30428621
v -0.33270523 1.90833640 -0.30428621
v -0.27772263 1.84491014 -0.30428621
v -0.27772263 1.84491014 -0.30428621
v -0.27772263 1.84491014 -0.30428621
v -0.33180961 1.90789473 -0.30428621
v -0.33180961 1.90789473 -0.30428621
v -0.33180961 1.90789473 -0.30428621
v -0.33180961 1.90789473 -0.30428621
v -0.31927112 1.89919198 -0.30428621
v -0.31927112 1.89919198 -0.30428621
v -0.31927112 1.89919198 -0.30428621
v -0.30486348 1.88308537 -0.30428621
v -0.30486348 1.88308537 -0.30428621
v -0.30486348 1.88308537 -0.30428621
v -0.09758848 1.84491014 -0.47624087
v -0.09758848 1.84491014 -0.47624087
v -0.09758848 1.84491014 -0.47624087
v -0.09758848 1.84491014 -0.47624087
v -0.09758848 1.84491014 -0.47624087
v -0.09922394 1.85505474 -0.47661591
v -0.09922394 1.85505474 -0.47661591
v -0.09922394 1.85505474 -0.47661591
v -0.09922394 1.85505474 -0.47661591
v -0.10050895 1.88676131 -0.47691953
v -0.10050895 1.88676131 -0.47691953
v -0.10050895 1.88676131 -0.47691953
v -0.10050895 1.88676131 -0.47691953
v -0.10050895 1.88676131 -0.47691953
v -0.10050895 1.88676131 -0.47691953
v -0.10050895 1.88676131 -0.47691953
v -0.14264148 1.88676131 -0.46582854
v -0.14264148 1.88676131 -0.46582854
v -0.14264148 1.88676131 -0.46582854
v -0.14264148 1.88676131 -0.46582854
v -0.17433825 1.88676131 -0.45593420
v -0.17433825 1.88676131 -0.45593420
v -0.17433825 1.88676131 -0.45593420
v -0.17433825 1.88676131 -0.45593420
v -0.17433825 1.88676131 -0.45593420
v -0.17433825 1.88676131 -0.45593420
v -0.19396375 1.90475130 -0.44577193
v -0.19396375 1.90475130 -0.44577193
v -0.19396375 1.90475130 -0.44577193
v -0.19396375 1.90475130 -0.44577193
v -0.19396375 1.90475130 -0.44577193
v -0.19396375 1.90475130 -0.44577193
v -0.19396375 1.90475130 -0.44577193
v -0.19396375 1.90475130 -0.44577193
v -0.17433825 1.90803111 -0.44959396
v -0.17433825 1.90803111 -0.44959396
v -0.17433825 1.90803111 -0.44959396
v -0.17433825 1.90803111 -0.44959396
v -0.17433825 1.90803111 -0.44959396
v -0.23773175 1.90819991 -0.41883931
v -0.23773175 1.90819991 -0.41883931
v -0.23773175 1.90819991 -0.41883931
v -0.23773175 1.90819991 -0.41883931
v -0.23773175 1.90819991 -0.41883931
v -0.23773175 1.90819991 -0.41883931
v -0.23773175 1.90819991 -0.41883931
v -0.20513940 1.90933001 -0.42903727
v -0.20513940 1.90933001 -0.42903727
v -0.20513940 1.90933001 -0.42903727
v -0.26802671 1.90898585 -0.39619300
v -0.26802671 1.90898585 -0.39619300
v -0.26802671 1.90898585 -0.39619300
v -0.26802671 1.90898585 -0.39619300
v -0.26802671 1.90898585 -0.39619300
v -0.26802671 1.90898585 -0.39619300
v -0.32518989 1.90769339 -0.35606191
v -0.32518989 1.90769339 -0.35606191
v -0.32518989 1.90769339 -0.35606191
v -0.32518989 1.90769339 -0.35606191
v -0.32518989 1.90769339 -0.35606191
v -0.32518989 1.90769339 -0.35606191
v -0.32518989 1.90769339 -0.35606191
v -0.33461326 1.90979111 -0.33471939
v -0.33461326 1.90979111 -0.33471939
v -0.33461326 1.90979111 -0.33471939
v -0.33461326 1.90979111 -0.33471939
v -0.35564059 1.90758944 -0.32528937
v -0.35564059 1.90758944 -0.32528937
v -0.35564059 1.90758944 -0.32528937
v -0.35564059 1.90758944 -0.32528937
v -0.35564059 1.90758944 -0.32528937
v -0.35564059 1.90758944 -0.32528937
v -0.36459666 1.90967417 -0.30428621
v -0.36459666 1.90967417 -0.30428621
v -0.36459666 1.90967417 -0.30428621
v -0.37503245 1.84491014 -0.30428621
v -0.37503245 1.84491014 -0.30428621
v -0.37503245 1.84491014 -0.30428621
v -0.10362411 1.84491014 -0.47475851
v -0.10362411 1.84491014 -0.47475851
v -0.10362411 1.84491014 -0.47475851
v -0.10362411 1.84491014 -0.47475851
v -0.11507232 1.85505474 -0.47274032
v -0.11507232 1.85505474 -0.47274032
v -0.11507232 1.85505474 -0.47274032
v -0.11507232 1.85505474 -0.47274032
v -0.11507232 1.85505474 -0.47274032
v -0.14264148 1.85505474 -0.46586427
v -0.14264148 1.85505474 -0.46586427
v -0.14264148 1.85505474 -0.46586427
v -0.14264148 1.85505474 -0.46586427
v -0.14264148 1.85505474 -0.46586427
v -0.14264148 1.85505474 -0.46586427
v -0.14264148 1.85505474 -0.46586427
v -0.17433825 1.85505474 -0.45554128
v -0.17433825 1.85505474 -0.45554128
v -0.17433825 1.85505474 -0.45554128
v -0.17433825 1.85505474 -0.45554128
v -0.17433825 1.85505474 -0.45554128
v -0.17433825 1.85505474 -0.45554128
v -0.19641694 1.88676131 -0.44691497
v -0.19641694 1.88676131 -0.44691497
v -0.19641694 1.88676131 -0.44691497
v -0.19641694 1.88676131 -0.44691497
v -0.19641694 1.88676131 -0.44691497
v -0.19641694 1.88676131 -0.44691497
v -0.21226533 1.88676131 -0.43905663
v -0.21226533 1.88676131 -0.43905663
v -0.21226533 1.88676131 -0.43905663
v -0.21226533 1.88676131 -0.43905663
v -0.23773175 1.88676131 -0.42641187
v -0.23773175 1.88676131 -0.42641187
v -0.23773175 1.88676131 -0.42641187
v -0.23773175 1.88676131 -0.42641187
v -0.23773175 1.88676131 -0.42641187
v -0.23773175 1.88676131 -0.42641187
v -0.25653955 1.90475786 -0.41419575
v -0.25653955 1.90475786 -0.41419575
v -0.25653955 1.90475786 -0.41419575
v -0.25653955 1.90475786 -0.41419575
v -0.25653955 1.90475786 -0.41419575
v -0.25653955 1.90475786 -0.41419575
v -0.25653955 1.90475786 -0.41419575
v -0.25653955 1.90475786 -0.41419575
v -0.29185769 1.90684259 -0.38551280
v -0.29185769 1.90684259 -0.38551280
v -0.29185769 1.90684259 -0.38551280
v -0.29185769 1.90684259 -0.38551280
v -0.29185769 1.90684259 -0.38551280
v -0.29185769 1.90684259 -0.38551280
v -0.32997945 1.88676131 -0.36033040
v -0.32997945 1.88676131 -0.36033040
v -0.32997945 1.88676131 -0.36033040
v -0.32997945 1.88676131 -0.36033040
v -0.32997945 1.88676131 -0.36033040
v -0.34582785 1.88676131 -0.34584609
v -0.34582785 1.88676131 -0.34584609
v -0.34582785 1.88676131 -0.34584609
v -0.34582785 1.88676131 -0.34584609
v -0.34582785 1.88676131 -0.34584609
v -0.34582785 1.88676131 -0.34584609
v -0.34582785 1.88676131 -0.34584609
v -0.34582785 1.88676131 -0.34584609
v -0.37954941 1.89440548 -0.30428621
v -0.37954941 1.89440548 -0.30428621
v -0.37954941 1.89440548 -0.30428621
v -0.37954941 1.89440548 -0.30428621
v -0.37954941 1.89440548 -0.30428621
v -0.37954941 1.89440548 -0.30428621
v -0.38067868 1.85505474 -0.30428621
v -0.38067868 1.85505474 -0.30428621
v -0.38067868 1.85505474 -0.30428621
v -0.38067868 1.85505474 -0.30428621
v -0.36611533 1.84491014 -0.31721672
v -0.36611533 1.84491014 -0.31721672
v -0.36611533 1.84491014 -0.31721672
v -0.36611533 1.84491014 -0.31721672
v -0.36611533 1.84491014 -0.31721672
v -0.17433825 1.84491014 -0.45268372
v -0.17433825 1.84491014 -0.45268372
v -0.17433825 1.84491014 -0.45268372
v -0.17433825 1.84491014 -0.45268372
v -0.19408058 1.84491014 -0.44584337
v -0.19408058 1.84491014 -0.44584337
v -0.19408058 1.84491014 -0.44584337
v -0.19408058 1.84491014 -0.44584337
v -0.19408058 1.84491014 -0.44584337
v -0.19563816 1.85505474 -0.44655776
v -0.19563816 1.85505474 -0.44655776
v -0.19563816 1.85505474 -0.44655776
v -0.19563816 1.85505474 -0.44655776
v -0.21148653 1.85505474 -0.43884233
v -0.21148653 1.85505474 -0.43884233
v -0.21148653 1.85505474 -0.43884233
v -0.21148653 1.85505474 -0.43884233
v -0.21148653 1.85505474 -0.43884233
v -0.21148653 1.85505474 -0.43884233
v -0.21148653 1.85505474 -0.43884233
v -0.25852546 1.88676131 -0.41548163
v -0.25852546 1.88676131 -0.41548163
v -0.25852546 1.88676131 -0.41548163
v -0.25852546 1.88676131 -0.41548163
v -0.25852546 1.88676131 -0.41548163
v -0.25852546 1.88676131 -0.41548163
v -0.23773175 1.85505474 -0.42569748
v -0.23773175 1.85505474 -0.42569748
v -0.23773175 1.85505474 -0.42569748
v -0.23773175 1.85505474 -0.42569748
v -0.23773175 1.85505474 -0.42569748
v -0.23773175 1.85505474 -0.42569748
v -0.27437383 1.88676131 -0.40431923
v -0.27437383 1.88676131 -0.40431923
v -0.27437383 1.88676131 -0.40431923
v -0.27437383 1.88676131 -0.40431923
v -0.27437383 1.88676131 -0.40431923
v -0.29571268 1.88676131 -0.38849542
v -0.29571268 1.88676131 -0.38849542
v -0.29571268 1.88676131 -0.38849542
v -0.29571268 1.88676131 -0.38849542
v -0.29571268 1.88676131 -0.38849542
v -0.31156105 1.88676131 -0.37617210
v -0.31156105 1.88676131 -0.37617210
v -0.31156105 1.88676131 -0.37617210
v -0.31156105 1.88676131 -0.37617210
v -0.31156105 1.88676131 -0.37617210
v -0.31156105 1.88676131 -0.37617210
v -0.32959005 1.85505474 -0.35997322
v -0.32959005 1.85505474 -0.35997322
v -0.32959005 1.85505474 -0.35997322
v -0.32959005 1.85505474 -0.35997322
v -0.32959005 1.85505474 -0.35997322
v -0.32959005 1.85505474 -0.35997322
v -0.34547740 1.85505474 -0.34538171
v -0.34547740 1.85505474 -0.34538171
v -0.34547740 1.85505474 -0.34538171
v -0.34547740 1.85505474 -0.34538171
v -0.34547740 1.85505474 -0.34538171
v -0.34547740 1.85505474 -0.34538171
v -0.35937878 1.85505474 -0.32954004
v -0.35937878 1.85505474 -0.32954004
v -0.35937878 1.85505474 -0.32954004
v -0.35937878 1.85505474 -0.32954004
v -0.35937878 1.85505474 -0.32954004
v -0.35937878 1.85505474 -0.32954004
v -0.35937878 1.85505474 -0.32954004
v -0.35937878 1.85505474 -0.32954004
v -0.35937878 1.85505474 -0.32954004
v -0.35972923 1.88676131 -0.32998651
v -0.35972923 1.88676131 -0.32998651
v -0.35972923 1.88676131 -0.32998651
v -0.35972923 1.88676131 -0.32998651
v -0.37557763 1.88676131 -0.31166235
v -0.37557763 1.88676131 -0.31166235
v -0.37557763 1.88676131 -0.31166235
v -0.37557763 1.88676131 -0.31166235
v -0.38192475 1.88676131 -0.30428621
v -0.38192475 1.88676131 -0.30428621
v -0.38192475 1.88676131 -0.30428621
v -0.38192475 1.88676131 -0.30428621
v -0.38137960 1.86901808 -0.30428621
v -0.38137960 1.86901808 -0.30428621
v -0.38137960 1.86901808 -0.30428621
v -0.38137960 1.86901808 -0.30428621
v -0.37522718 1.85505474 -0.31096578
v -0.37522718 1.85505474 -0.31096578
v -0.37522718 1.85505474 -0.31096578
v -0.37522718 1.85505474 -0.31096578
v -0.35747075 1.84491014 -0.32732543
v -0.35747075 1.84491014 -0.32732543
v -0.35747075 1.84491014 -0.32732543
v -0.35747075 1.84491014 -0.32732543
v -0.20081711 1.84491014 -0.44255719
v -0.20081711 1.84491014 -0.44255719
v -0.20081711 1.84491014 -0.44255719
v -0.20081711 1.84491014 -0.44255719
v -0.25774667 1.85505474 -0.41498157
v -0.25774667 1.85505474 -0.41498157
v -0.25774667 1.85505474 -0.41498157
v -0.25774667 1.85505474 -0.41498157
v -0.25774667 1.85505474 -0.41498157
v -0.27363399 1.85505474 -0.40389061
v -0.27363399 1.85505474 -0.40389061
v -0.27363399 1.85505474 -0.40389061
v -0.27363399 1.85505474 -0.40389061
v -0.27363399 1.85505474 -0.40389061
v -0.25646165 1.84491014 -0.41412428
v -0.25646165 1.84491014 -0.41412428
v -0.25646165 1.84491014 -0.41412428
v -0.25646165 1.84491014 -0.41412428
v -0.29497284 1.85505474 -0.38806677
v -0.29497284 1.85505474 -0.38806677
v -0.29497284 1.85505474 -0.38806677
v -0.29497284 1.85505474 -0.38806677
v -0.29497284 1.85505474 -0.38806677
v -0.29497284 1.85505474 -0.38806677
v -0.29497284 1.85505474 -0.38806677
v -0.31082121 1.85505474 -0.37583277
v -0.31082121 1.85505474 -0.37583277
v -0.31082121 1.85505474 -0.37583277
v -0.31082121 1.85505474 -0.37583277
v -0.31082121 1.85505474 -0.37583277
v -0.31082121 1.85505474 -0.37583277
v -0.32740945 1.84491014 -0.35802650
v -0.32740945 1.84491014 -0.35802650
v -0.32740945 1.84491014 -0.35802650
v -0.32740945 1.84491014 -0.35802650
v -0.32740945 1.84491014 -0.35802650
v -0.33617082 1.84491014 -0.34995383
v -0.33617082 1.84491014 -0.34995383
v -0.33617082 1.84491014 -0.34995383
v -0.26312032 1.84491014 -0.40948072
v -0.26312032 1.84491014 -0.40948072
v -0.26312032 1.84491014 -0.40948072
v -0.26312032 1.84491014 -0.40948072
v -0.26312032 1.84491014 -0.40948072
v -0.30096951 1.84491014 -0.38033342
v -0.30096951 1.84491014 -0.38033342
v -0.30096951 1.84491014 -0.38033342
v -0.30096951 1.84491014 -0.38033342
v -0.29294798 1.84491014 -0.38651296
v -0.29294798 1.84491014 -0.38651296
v -0.29294798 1.84491014 -0.38651296
v 0.32441798 1.83410347 0.22808214
v 0.32441798 1.83410347 0.22808214
v 0.32441798 1.83410347 0.22808214
v 0.32441798 1.83410347 0.22808214
v 0.38078558 1.90202606 0.22808214
v 0.38078558 1.90202606 0.22808214
v 0.38078558 1.90202606 0.22808214
v 0.38078558 1.90202606 0.22808214
v 0.38078558 1.90202606 0.22808214
v 0.38078558 1.90202606 0.22808214
v 0.42386574 1.83410347 0.22808214
v 0.42386574 1.83410347 0.22808214
v 0.42386574 1.83410347 0.22808214
v 0.42386574 1.83410347 0.22808214
v 0.20940617 1.83410347 0.33264026
v 0.20940617 1.83410347 0.33264026
v 0.20940617 1.83410347 0.33264026
v 0.20940617 1.83410347 0.33264026
v 0.20940617 1.83410347 0.33264026
v 0.20940617 1.83410347 0.33264026
v 0.39650285 1.90954745 0.22808214
v 0.39650285 1.90954745 0.22808214
v 0.39650285 1.90954745 0.22808214
v 0.39650285 1.90954745 0.22808214
v 0.20931861 1.89587641 0.38552332
v 0.20931861 1.89587641 0.38552332
v 0.20931861 1.89587641 0.38552332
v 0.20931861 1.89587641 0.38552332
v 0.20931861 1.90785527 0.39856184
v 0.20931861 1.90785527 0.39856184
v 0.20931861 1.90785527 0.39856184
v 0.20931861 1.90933859 0.40131116
v 0.20931861 1.90933859 0.40131116
v 0.20931861 1.90933859 0.40131116
v 0.20931861 1.90933859 0.40131116
v 0.20931861 1.90933859 0.40131116
v 0.20931861 1.90933859 0.40131116
v 0.42736819 1.84154272 0.22808214
v 0.42736819 1.84154272 0.22808214
v 0.42736819 1.84154272 0.22808214
v 0.41348973 1.83766663 0.25549218
v 0.41348973 1.83766663 0.25549218
v 0.41348973 1.83766663 0.25549218
v 0.41348973 1.83766663 0.25549218
v 0.41348973 1.83766663 0.25549218
v 0.41348973 1.83766663 0.25549218
v 0.41348973 1.83766663 0.25549218
v 0.41348973 1.83766663 0.25549218
v 0.41348973 1.83766663 0.25549218
v 0.41348973 1.83766663 0.25549218
v 0.41348973 1.83766663 0.25549218
v 0.41348973 1.83766663 0.25549218
v 0.41670763 1.83410347 0.24426574
v 0.41670763 1.83410347 0.24426574
v 0.41670763 1.83410347 0.24426574
v 0.20931861 1.83410347 0.33641016
v 0.20931861 1.83410347 0.33641016
v 0.20931861 1.83410347 0.33641016
v 0.20931861 1.83631742 0.33601442
v 0.20931861 1.83631742 0.33601442
v 0.20931861 1.83631742 0.33601442
v 0.20931861 1.89406502 0.38400283
v 0.20931861 1.89406502 0.38400283
v 0.20931861 1.89406502 0.38400283
v 0.39422625 1.90972626 0.23585109
v 0.39422625 1.90972626 0.23585109
v 0.39422625 1.90972626 0.23585109
v 0.39422625 1.90972626 0.23585109
v 0.39422625 1.90972626 0.23585109
v 0.40344208 1.90967405 0.22808214
v 0.40344208 1.90967405 0.22808214
v 0.40344208 1.90967405 0.22808214
v 0.40344208 1.90967405 0.22808214
v 0.40344208 1.90967405 0.22808214
v 0.20931861 1.90933859 0.42455554
v 0.20931861 1.90933859 0.42455554
v 0.20931861 1.90933859 0.42455554
v 0.20931861 1.90933859 0.42455554
v 0.23582780 1.90980828 0.39393795
v 0.23582780 1.90980828 0.39393795
v 0.23582780 1.90980828 0.39393795
v 0.23582780 1.90980828 0.39393795
v 0.23582780 1.90980828 0.39393795
v 0.42780602 1.84274292 0.22808214
v 0.42780602 1.84274292 0.22808214
v 0.42780602 1.84274292 0.22808214
v 0.43224978 1.85505724 0.22808214
v 0.43224978 1.85505724 0.22808214
v 0.43224978 1.85505724 0.22808214
v 0.43224978 1.85505724 0.22808214
v 0.43224978 1.85505724 0.22808214
v 0.42686474 1.85505724 0.23780894
v 0.42686474 1.85505724 0.23780894
v 0.42686474 1.85505724 0.23780894
v 0.42686474 1.85505724 0.23780894
v 0.42686474 1.85505724 0.23780894
v 0.41508773 1.85505724 0.25797075
v 0.41508773 1.85505724 0.25797075
v 0.41508773 1.85505724 0.25797075
v 0.41508773 1.85505724 0.25797075
v 0.41508773 1.85505724 0.25797075
v 0.40383613 1.85505724 0.27382112
v 0.40383613 1.85505724 0.27382112
v 0.40383613 1.85505724 0.27382112
v 0.40383613 1.85505724 0.27382112
v 0.40383613 1.85505724 0.27382112
v 0.38798752 1.85505724 0.29456609
v 0.38798752 1.85505724 0.29456609
v 0.38798752 1.85505724 0.29456609
v 0.38798752 1.85505724 0.29456609
v 0.38798752 1.85505724 0.29456609
v 0.38452885 1.83490109 0.29027545
v 0.38452885 1.83490109 0.29027545
v 0.38452885 1.83490109 0.29027545
v 0.38452885 1.83490109 0.29027545
v 0.38452885 1.83490109 0.29027545
v 0.38452885 1.83490109 0.29027545
v 0.38452885 1.83490109 0.29027545
v 0.38452885 1.83490109 0.29027545
v 0.38452885 1.83490109 0.29027545
v 0.40779826 1.83410347 0.25884554
v 0.40779826 1.83410347 0.25884554
v 0.40779826 1.83410347 0.25884554
v 0.40779826 1.83410347 0.25884554
v 0.41200122 1.83410347 0.25255540
v 0.41200122 1.83410347 0.25255540
v 0.41200122 1.83410347 0.25255540
v 0.20931861 1.83410347 0.43011671
v 0.20931861 1.83410347 0.43011671
v 0.20931861 1.83410347 0.43011671
v 0.36579072 1.91025555 0.30193931
v 0.36579072 1.91025555 0.30193931
v 0.36579072 1.91025555 0.30193931
v 0.36579072 1.91025555 0.30193931
v 0.36579072 1.91025555 0.30193931
v 0.36579072 1.91025555 0.30193931
v 0.36579072 1.91025555 0.30193931
v 0.36579072 1.91025555 0.30193931
v 0.36579072 1.91025555 0.30193931
v 0.39641529 1.90930128 0.26807249
v 0.39641529 1.90930128 0.26807249
v 0.39641529 1.90930128 0.26807249
v 0.39641529 1.90930128 0.26807249
v 0.39641529 1.90930128 0.26807249
v 0.42237723 1.90860808 0.22808214
v 0.42237723 1.90860808 0.22808214
v 0.42237723 1.90860808 0.22808214
v 0.42237723 1.90860808 0.22808214
v 0.20931861 1.90917468 0.42784643
v 0.20931861 1.90917468 0.42784643
v 0.20931861 1.90917468 0.42784643
v 0.20931861 1.90917468 0.42784643
v 0.20931861 1.90917468 0.42784643
v 0.30200228 1.91006172 0.36579889
v 0.30200228 1.91006172 0.36579889
v 0.30200228 1.91006172 0.36579889
v 0.30200228 1.91006172 0.36579889
v 0.30200228 1.91006172 0.36579889
v 0.30200228 1.91006172 0.36579889
v 0.30200228 1.91006172 0.36579889
v 0.43292835 1.88675988 0.22808214
v 0.43292835 1.88675988 0.22808214
v 0.43292835 1.88675988 0.22808214
v 0.43292835 1.88675988 0.22808214
v 0.43292835 1.88675988 0.22808214
v 0.42756525 1.88675988 0.23780894
v 0.42756525 1.88675988 0.23780894
v 0.42756525 1.88675988 0.23780894
v 0.42756525 1.88675988 0.23780894
v 0.42756525 1.88675988 0.23780894
v 0.41556934 1.88675988 0.25876221
v 0.41556934 1.88675988 0.25876221
v 0.41556934 1.88675988 0.25876221
v 0.41556934 1.88675988 0.25876221
v 0.41556934 1.88675988 0.25876221
v 0.40482116 1.88675988 0.27461258
v 0.40482116 1.88675988 0.27461258
v 0.40482116 1.88675988 0.27461258
v 0.40482116 1.88675988 0.27461258
v 0.40482116 1.88675988 0.27461258
v 0.38895068 1.88675988 0.29573247
v 0.38895068 1.88675988 0.29573247
v 0.38895068 1.88675988 0.29573247
v 0.38895068 1.88675988 0.29573247
v 0.38895068 1.88675988 0.29573247
v 0.38895068 1.88675988 0.29573247
v 0.38895068 1.88675988 0.29573247
v 0.37505031 1.85505724 0.31041643
v 0.37505031 1.85505724 0.31041643
v 0.37505031 1.85505724 0.31041643
v 0.37505031 1.85505724 0.31041643
v 0.37505031 1.85505724 0.31041643
v 0.35920173 1.85505724 0.32897446
v 0.35920173 1.85505724 0.32897446
v 0.35920173 1.85505724 0.32897446
v 0.35920173 1.85505724 0.32897446
v 0.35920173 1.85505724 0.32897446
v 0.35920173 1.85505724 0.32897446
v 0.35920173 1.85505724 0.32897446
v 0.35565549 1.83410347 0.32347578
v 0.35565549 1.83410347 0.32347578
v 0.35565549 1.83410347 0.32347578
v 0.35565549 1.83410347 0.32347578
v 0.38314974 1.83410347 0.29104611
v 0.38314974 1.83410347 0.29104611
v 0.38314974 1.83410347 0.29104611
v 0.38415670 1.83410347 0.28981724
v 0.38415670 1.83410347 0.28981724
v 0.38415670 1.83410347 0.28981724
v 0.38536066 1.83410347 0.28825513
v 0.38536066 1.83410347 0.28825513
v 0.38536066 1.83410347 0.28825513
v 0.20931861 1.85336518 0.43928117
v 0.20931861 1.85336518 0.43928117
v 0.20931861 1.85336518 0.43928117
v 0.20931861 1.85336518 0.43928117
v 0.20931861 1.85336518 0.43928117
v 0.24633515 1.83410347 0.41624507
v 0.24633515 1.83410347 0.41624507
v 0.24633515 1.83410347 0.41624507
v 0.24633515 1.83410347 0.41624507
v 0.33468455 1.90998721 0.33453560
v 0.33468455 1.90998721 0.33453560
v 0.33468455 1.90998721 0.33453560
v 0.32520604 1.90790749 0.35600960
v 0.32520604 1.90790749 0.35600960
v 0.32520604 1.90790749 0.35600960
v 0.32520604 1.90790749 0.35600960
v 0.32520604 1.90790749 0.35600960
v 0.32520604 1.90790749 0.35600960
v 0.32520604 1.90790749 0.35600960
v 0.32520604 1.90790749 0.35600960
v 0.35591817 1.90779567 0.32507956
v 0.35591817 1.90779567 0.32507956
v 0.35591817 1.90779567 0.32507956
v 0.35591817 1.90779567 0.32507956
v 0.35591817 1.90779567 0.32507956
v 0.38582036 1.90721428 0.29183757
v 0.38582036 1.90721428 0.29183757
v 0.38582036 1.90721428 0.29183757
v 0.38582036 1.90721428 0.29183757
v 0.38582036 1.90721428 0.29183757
v 0.38582036 1.90721428 0.29183757
v 0.38582036 1.90721428 0.29183757
v 0.38582036 1.90721428 0.29183757
v 0.41924691 1.90820563 0.23780894
v 0.41924691 1.90820563 0.23780894
v 0.41924691 1.90820563 0.23780894
v 0.41924691 1.90820563 0.23780894
v 0.41924691 1.90820563 0.23780894
v 0.20931861 1.88675988 0.44086412
v 0.20931861 1.88675988 0.44086412
v 0.20931861 1.88675988 0.44086412
v 0.20931861 1.88675988 0.44086412
v 0.20931861 1.88675988 0.44086412
v 0.20931861 1.88675988 0.44086412
v 0.23790739 1.90850377 0.41905689
v 0.23790739 1.90850377 0.41905689
v 0.23790739 1.90850377 0.41905689
v 0.23790739 1.90850377 0.41905689
v 0.26844439 1.90915227 0.39612493
v 0.26844439 1.90915227 0.39612493
v 0.26844439 1.90915227 0.39612493
v 0.26844439 1.90915227 0.39612493
v 0.26844439 1.90915227 0.39612493
v 0.26844439 1.90915227 0.39612493
v 0.41412455 1.90476918 0.25653362
v 0.41412455 1.90476918 0.25653362
v 0.41412455 1.90476918 0.25653362
v 0.41412455 1.90476918 0.25653362
v 0.41412455 1.90476918 0.25653362
v 0.41412455 1.90476918 0.25653362
v 0.41412455 1.90476918 0.25653362
v 0.37588218 1.88675988 0.31158280
v 0.37588218 1.88675988 0.31158280
v 0.37588218 1.88675988 0.31158280
v 0.37588218 1.88675988 0.31158280
v 0.37588218 1.88675988 0.31158280
v 0.36001167 1.88675988 0.32976592
v 0.36001167 1.88675988 0.32976592
v 0.36001167 1.88675988 0.32976592
v 0.36001167 1.88675988 0.32976592
v 0.36001167 1.88675988 0.32976592
v 0.36001167 1.88675988 0.32976592
v 0.34527946 1.85505724 0.34480396
v 0.34527946 1.85505724 0.34480396
v 0.34527946 1.85505724 0.34480396
v 0.34527946 1.85505724 0.34480396
v 0.34527946 1.85505724 0.34480396
v 0.34527946 1.85505724 0.34480396
v 0.35499877 1.83410347 0.32422560
v 0.35499877 1.83410347 0.32422560
v 0.35499877 1.83410347 0.32422560
v 0.35499877 1.83410347 0.32422560
v 0.23790739 1.85505724 0.42618015
v 0.23790739 1.85505724 0.42618015
v 0.23790739 1.85505724 0.42618015
v 0.23790739 1.85505724 0.42618015
v 0.23790739 1.85505724 0.42618015
v 0.23790739 1.85505724 0.42618015
v 0.20931861 1.85505724 0.43957275
v 0.20931861 1.85505724 0.43957275
v 0.20931861 1.85505724 0.43957275
v 0.25629526 1.83698082 0.41387063
v 0.25629526 1.83698082 0.41387063
v 0.25629526 1.83698082 0.41387063
v 0.25629526 1.83698082 0.41387063
v 0.25629526 1.83698082 0.41387063
v 0.25629526 1.83698082 0.41387063
v 0.25629526 1.83698082 0.41387063
v 0.25629526 1.83698082 0.41387063
v 0.25629526 1.83698082 0.41387063
v 0.25629526 1.83698082 0.41387063
v 0.25629526 1.83698082 0.41387063
v 0.25379977 1.83410347 0.41262093
v 0.25379977 1.83410347 0.41262093
v 0.25379977 1.83410347 0.41262093
v 0.32995623 1.88675988 0.36025855
v 0.32995623 1.88675988 0.36025855
v 0.32995623 1.88675988 0.36025855
v 0.32995623 1.88675988 0.36025855
v 0.32995623 1.88675988 0.36025855
v 0.34582672 1.88675988 0.34559545
v 0.34582672 1.88675988 0.34559545
v 0.34582672 1.88675988 0.34559545
v 0.34582672 1.88675988 0.34559545
v 0.34582672 1.88675988 0.34559545
v 0.34582672 1.88675988 0.34559545
v 0.29186705 1.90688622 0.38541916
v 0.29186705 1.90688622 0.38541916
v 0.29186705 1.90688622 0.38541916
v 0.29186705 1.90688622 0.38541916
v 0.29186705 1.90688622 0.38541916
v 0.23790739 1.88675988 0.42699248
v 0.23790739 1.88675988 0.42699248
v 0.23790739 1.88675988 0.42699248
v 0.23790739 1.88675988 0.42699248
v 0.23790739 1.88675988 0.42699248
v 0.25710520 1.90510464 0.41437051
v 0.25710520 1.90510464 0.41437051
v 0.25710520 1.90510464 0.41437051
v 0.25710520 1.90510464 0.41437051
v 0.25710520 1.90510464 0.41437051
v 0.25710520 1.90510464 0.41437051
v 0.25710520 1.90510464 0.41437051
v 0.25710520 1.90510464 0.41437051
v 0.25710520 1.90510464 0.41437051
v 0.32940900 1.85505724 0.35977951
v 0.32940900 1.85505724 0.35977951
v 0.32940900 1.85505724 0.35977951
v 0.32940900 1.85505724 0.35977951
v 0.32940900 1.85505724 0.35977951
v 0.32940900 1.85505724 0.35977951
v 0.32940900 1.85505724 0.35977951
v 0.32599407 1.83410347 0.35461408
v 0.32599407 1.83410347 0.35461408
v 0.32599407 1.83410347 0.35461408
v 0.32599407 1.83410347 0.35461408
v 0.25881267 1.85505724 0.41553688
v 0.25881267 1.85505724 0.41553688
v 0.25881267 1.85505724 0.41553688
v 0.25881267 1.85505724 0.41553688
v 0.25881267 1.85505724 0.41553688
v 0.25881267 1.85505724 0.41553688
v 0.27466124 1.85505724 0.40385222
v 0.27466124 1.85505724 0.40385222
v 0.27466124 1.85505724 0.40385222
v 0.27466124 1.85505724 0.40385222
v 0.27466124 1.85505724 0.40385222
v 0.25896588 1.83410347 0.40916345
v 0.25896588 1.83410347 0.40916345
v 0.25896588 1.83410347 0.40916345
v 0.28983125 1.83410347 0.38525254
v 0.28983125 1.83410347 0.38525254
v 0.28983125 1.83410347 0.38525254
v 0.28983125 1.83410347 0.38525254
v 0.29103521 1.83458805 0.38475266
v 0.29103521 1.83458805 0.38475266
v 0.29103521 1.83458805 0.38475266
v 0.29103521 1.83458805 0.38475266
v 0.29103521 1.83458805 0.38475266
v 0.29103521 1.83458805 0.38475266
v 0.31099921 1.85505724 0.37562984
v 0.31099921 1.85505724 0.37562984
v 0.31099921 1.85505724 0.37562984
v 0.31099921 1.85505724 0.37562984
v 0.31099921 1.85505724 0.37562984
v 0.31099921 1.85505724 0.37562984
v 0.31099921 1.85505724 0.37562984
v 0.29512870 1.85505724 0.38798106
v 0.29512870 1.85505724 0.38798106
v 0.29512870 1.85505724 0.38798106
v 0.29512870 1.85505724 0.38798106
v 0.31161213 1.88675988 0.37610891
v 0.31161213 1.88675988 0.37610891
v 0.31161213 1.88675988 0.37610891
v 0.31161213 1.88675988 0.37610891
v 0.31161213 1.88675988 0.37610891
v 0.31161213 1.88675988 0.37610891
v 0.25942555 1.88675988 0.41591179
v 0.25942555 1.88675988 0.41591179
v 0.25942555 1.88675988 0.41591179
v 0.25942555 1.88675988 0.41591179
v 0.27527419 1.88675988 0.40435210
v 0.27527419 1.88675988 0.40435210
v 0.27527419 1.88675988 0.40435210
v 0.27527419 1.88675988 0.40435210
v 0.27527419 1.88675988 0.40435210
v 0.29576355 1.88675988 0.38848093
v 0.29576355 1.88675988 0.38848093
v 0.29576355 1.88675988 0.38848093
v 0.29576355 1.88675988 0.38848093
v 0.29576355 1.88675988 0.38848093
v 0.29576355 1.88675988 0.38848093
v 0.32483390 1.83410347 0.35569715
v 0.32483390 1.83410347 0.35569715
v 0.32483390 1.83410347 0.35569715
v 0.32483390 1.83410347 0.35569715
v 0.32483390 1.83410347 0.35569715
v 0.29075065 1.83410347 0.38452354
v 0.29075065 1.83410347 0.38452354
v 0.29075065 1.83410347 0.38452354
v 0.29075065 1.83410347 0.38452354
v 0.29147303 1.83410347 0.38394037
v 0.29147303 1.83410347 0.38394037
v 0.29147303 1.83410347 0.38394037
v 0.29147303 1.83410347 0.38394037
v -0.01577227 0.06458056 -0.51775295
v -0.01577227 0.06458056 -0.51775295
v -0.01577227 0.06458056 -0.51775295
v -0.01577227 0.06458056 -0.51775295
v -0.01577227 0.05960708 -0.51235366
v -0.01577227 0.05960708 -0.51235366
v -0.01577227 0.05960708 -0.51235366
v -0.01577227 0.05960708 -0.51235366
v -0.01577227 0.05960708 -0.51235366
v -0.02647454 0.06458056 -0.51766658
v -0.02647454 0.06458056 -0.51766658
v -0.02647454 0.06458056 -0.51766658
v -0.02647454 0.06458056 -0.51766658
v 0.01594641 0.06458056 -0.51775295
v 0.01594641 0.06458056 -0.51775295
v 0.01594641 0.06458056 -0.51775295
v 0.01594641 0.05959919 -0.51235366
v 0.01594641 0.05959919 -0.51235366
v 0.01594641 0.05959919 -0.51235366
v 0.01594641 0.05959919 -0.51235366
v 0.01594641 0.05959919 -0.51235366
v 0.01594641 0.05959919 -0.51235366
v 0.01594641 0.00324071 -0.44015381
v 0.01594641 0.00324071 -0.44015381
v 0.01594641 0.00324071 -0.44015381
v 0.01594641 0.00324071 -0.44015381
v 0.01594641 0.00324071 -0.44015381
v 0.01594641 0.00324071 -0.44015381
v -0.01577227 0.00323289 -0.44013220
v -0.01577227 0.00323289 -0.44013220
v -0.01577227 0.00323289 -0.44013220
v -0.01577227 0.00323289 -0.44013220
v -0.01577227 0.00323289 -0.44013220
v -0.01577227 0.00323289 -0.44013220
v -0.01577227 0.00323289 -0.44013220
v -0.04743549 0.05983490 -0.51222408
v -0.04743549 0.05983490 -0.51222408
v -0.04743549 0.05983490 -0.51222408
v -0.04743549 0.05983490 -0.51222408
v -0.04743549 0.05983490 -0.51222408
v -0.04743549 0.05983490 -0.51222408
v -0.04743549 0.06458056 -0.51740742
v -0.04743549 0.06458056 -0.51740742
v -0.04743549 0.06458056 -0.51740742
v -0.04743549 0.06458056 -0.51740742
v 0.04766509 0.06458056 -0.51742899
v 0.04766509 0.06458056 -0.51742899
v 0.04766509 0.06458056 -0.51742899
v 0.04766509 0.06458056 -0.51742899
v 0.04766509 0.06458056 -0.51742899
v 0.04766509 0.05982708 -0.51222408
v 0.04766509 0.05982708 -0.51222408
v 0.04766509 0.05982708 -0.51222408
v 0.04766509 0.05982708 -0.51222408
v 0.04766509 0.05982708 -0.51222408
v 0.04766509 0.00393214 -0.43922511
v 0.04766509 0.00393214 -0.43922511
v 0.04766509 0.00393214 -0.43922511
v 0.04766509 0.00393214 -0.43922511
v 0.04766509 0.00393214 -0.43922511
v 0.04766509 -0.00725621 -0.42335105
v 0.04766509 -0.00725621 -0.42335105
v 0.04766509 -0.00725621 -0.42335105
v 0.04766509 -0.00725621 -0.42335105
v 0.04766509 -0.00725621 -0.42335105
v 0.04766509 -0.00725621 -0.42335105
v 0.04766509 -0.00725621 -0.42335105
v 0.01594641 -0.00781405 -0.42430136
v 0.01594641 -0.00781405 -0.42430136
v 0.01594641 -0.00781405 -0.42430136
v 0.01594641 -0.00781405 -0.42430136
v 0.01594641 -0.00781405 -0.42430136
v 0.01594641 -0.00781405 -0.42430136
v 0.01594641 -0.00781405 -0.42430136
v -0.01577227 -0.00778264 -0.42427975
v -0.01577227 -0.00778264 -0.42427975
v -0.01577227 -0.00778264 -0.42427975
v -0.01577227 -0.00778264 -0.42427975
v -0.01577227 -0.00778264 -0.42427975
v -0.04743549 -0.00724056 -0.42335105
v -0.04743549 -0.00724056 -0.42335105
v -0.04743549 -0.00724056 -0.42335105
v -0.04743549 -0.00724056 -0.42335105
v -0.04743549 -0.00724056 -0.42335105
v -0.04743549 -0.00724056 -0.42335105
v -0.04743549 -0.00724056 -0.42335105
v -0.04743549 0.00393214 -0.43920350
v -0.04743549 0.00393214 -0.43920350
v -0.04743549 0.00393214 -0.43920350
v -0.04743549 0.00393214 -0.43920350
v -0.04743549 0.00393214 -0.43920350
v -0.07915416 0.06130418 -0.51030189
v -0.07915416 0.06130418 -0.51030189
v -0.07915416 0.06130418 -0.51030189
v -0.07915416 0.06130418 -0.51030189
v -0.07915416 0.06130418 -0.51030189
v -0.07915416 0.06130418 -0.51030189
v -0.07915416 0.06130418 -0.51030189
v -0.07915416 0.06458056 -0.51367104
v -0.07915416 0.06458056 -0.51367104
v -0.07915416 0.06458056 -0.51367104
v -0.07915416 0.06458056 -0.51367104
v 0.07139864 0.06458056 -0.51477253
v 0.07139864 0.06458056 -0.51477253
v 0.07139864 0.06458056 -0.51477253
v 0.07938376 0.06129630 -0.51030189
v 0.07938376 0.06129630 -0.51030189
v 0.07938376 0.06129630 -0.51030189
v 0.07938376 0.06129630 -0.51030189
v 0.07938376 0.06129630 -0.51030189
v 0.07938376 0.06129630 -0.51030189
v 0.07938376 0.06129630 -0.51030189
v 0.07938376 0.06129630 -0.51030189
v 0.07938376 -0.00582629 -0.42075938
v 0.07938376 -0.00582629 -0.42075938
v 0.07938376 -0.00582629 -0.42075938
v 0.07938376 -0.00582629 -0.42075938
v 0.07938376 -0.00582629 -0.42075938
v 0.11110244 -0.01211187 -0.39641920
v 0.11110244 -0.01211187 -0.39641920
v 0.11110244 -0.01211187 -0.39641920
v 0.11110244 -0.01211187 -0.39641920
v 0.11110244 -0.01211187 -0.39641920
v 0.11110244 -0.01211187 -0.39641920
v 0.07938376 -0.01388756 -0.39641920
v 0.07938376 -0.01388756 -0.39641920
v 0.07938376 -0.01388756 -0.39641920
v 0.07938376 -0.01388756 -0.39641920
v 0.04766509 -0.01503476 -0.39641920
v 0.04766509 -0.01503476 -0.39641920
v 0.04766509 -0.01503476 -0.39641920
v 0.04766509 -0.01503476 -0.39641920
v 0.04766509 -0.01503476 -0.39641920
v 0.01594641 -0.01568684 -0.39641920
v 0.01594641 -0.01568684 -0.39641920
v 0.01594641 -0.01568684 -0.39641920
v 0.01594641 -0.01568684 -0.39641920
v 0.01594641 -0.01568684 -0.39641920
v 0.01594641 -0.01568684 -0.39641920
v -0.01577227 -0.01565543 -0.39641920
v -0.01577227 -0.01565543 -0.39641920
v -0.01577227 -0.01565543 -0.39641920
v -0.01577227 -0.01565543 -0.39641920
v -0.01577227 -0.01565543 -0.39641920
v -0.01577227 -0.01565543 -0.39641920
v -0.04743549 -0.01505041 -0.39641920
v -0.04743549 -0.01505041 -0.39641920
v -0.04743549 -0.01505041 -0.39641920
v -0.04743549 -0.01505041 -0.39641920
v -0.04743549 -0.01505041 -0.39641920
v -0.07915416 -0.01392691 -0.39641920
v -0.07915416 -0.01392691 -0.39641920
v -0.07915416 -0.01392691 -0.39641920
v -0.07915416 -0.01392691 -0.39641920
v -0.11087284 -0.01211981 -0.39641920
v -0.11087284 -0.01211981 -0.39641920
v -0.11087284 -0.01211981 -0.39641920
v -0.11087284 -0.01211981 -0.39641920
v -0.11087284 -0.01211981 -0.39641920
v -0.11087284 -0.01211981 -0.39641920
v -0.07915416 -0.00584194 -0.42078099
v -0.07915416 -0.00584194 -0.42078099
v -0.07915416 -0.00584194 -0.42078099
v -0.07915416 -0.00584194 -0.42078099
v -0.07915416 -0.00584194 -0.42078099
v -0.11087284 -0.00379135 -0.41728222
v -0.11087284 -0.00379135 -0.41728222
v -0.11087284 -0.00379135 -0.41728222
v -0.11087284 -0.00379135 -0.41728222
v -0.11087284 -0.00379135 -0.41728222
v -0.11087284 -0.00379135 -0.41728222
v -0.11087284 -0.00379135 -0.41728222
v -0.11087284 -0.00379135 -0.41728222
v -0.11087284 -0.00379135 -0.41728222
v -0.09839609 0.06285204 -0.50814217
v -0.09839609 0.06285204 -0.50814217
v -0.09839609 0.06285204 -0.50814217
v -0.09839609 0.06285204 -0.50814217
v -0.09839609 0.06285204 -0.50814217
v -0.09933878 0.06458056 -0.50958920
v -0.09933878 0.06458056 -0.50958920
v -0.09933878 0.06458056 -0.50958920
v 0.07938376 0.06458056 -0.51369268
v 0.07938376 0.06458056 -0.51369268
v 0.07938376 0.06458056 -0.51369268
v 0.07938376 0.06458056 -0.51369268
v 0.09862569 0.06285204 -0.50814217
v 0.09862569 0.06285204 -0.50814217
v 0.09862569 0.06285204 -0.50814217
v 0.09862569 0.06285204 -0.50814217
v 0.09862569 0.06285204 -0.50814217
v 0.09862569 0.06285204 -0.50814217
v 0.11110244 -0.00379918 -0.41728222
v 0.11110244 -0.00379918 -0.41728222
v 0.11110244 -0.00379918 -0.41728222
v 0.11110244 -0.00379918 -0.41728222
v 0.11110244 -0.00379918 -0.41728222
v 0.11110244 -0.00379918 -0.41728222
v 0.11110244 -0.00379918 -0.41728222
v 0.14348654 -0.00732698 -0.39851415
v 0.14348654 -0.00732698 -0.39851415
v 0.14348654 -0.00732698 -0.39851415
v 0.14348654 -0.00732698 -0.39851415
v 0.14348654 -0.00732698 -0.39851415
v 0.17442890 -0.01380897 -0.36471432
v 0.17442890 -0.01380897 -0.36471432
v 0.17442890 -0.01380897 -0.36471432
v 0.17442890 -0.01380897 -0.36471432
v 0.17442890 -0.01380897 -0.36471432
v 0.17442890 -0.01380897 -0.36471432
v 0.17442890 -0.01380897 -0.36471432
v 0.17442890 -0.01380897 -0.36471432
v 0.17442890 -0.01380897 -0.36471432
v 0.26958492 -0.01401333 -0.30128297
v 0.26958492 -0.01401333 -0.30128297
v 0.26958492 -0.01401333 -0.30128297
v 0.26958492 -0.01401333 -0.30128297
v 0.26958492 -0.01401333 -0.30128297
v 0.26958492 -0.01401333 -0.30128297
v 0.27374384 -0.01401333 -0.29713631
v 0.27374384 -0.01401333 -0.29713631
v 0.27374384 -0.01401333 -0.29713631
v 0.27374384 -0.01401333 -0.29713631
v 0.27374384 -0.01401333 -0.29713631
v 0.27374384 -0.01401333 -0.29713631
v 0.27374384 -0.01401333 -0.29713631
v 0.27374384 -0.01401333 -0.29713631
v 0.27374384 -0.01401333 -0.29713631
v -0.13870986 -0.01335331 -0.36436880
v -0.13870986 -0.01335331 -0.36436880
v -0.13870986 -0.01335331 -0.36436880
v -0.13870986 -0.01335331 -0.36436880
v -0.13870986 -0.01335331 -0.36436880
v -0.13870986 -0.01335331 -0.36436880
v -0.13870986 -0.01335331 -0.36436880
v -0.13870986 -0.00799482 -0.39821178
v -0.13870986 -0.00799482 -0.39821178
v -0.13870986 -0.00799482 -0.39821178
v -0.13870986 -0.00799482 -0.39821178
v -0.13870986 -0.00482844 -0.40568444
v -0.13870986 -0.00482844 -0.40568444
v -0.13870986 -0.00482844 -0.40568444
v -0.13870986 -0.00482844 -0.40568444
v -0.13310918 -0.00177989 -0.41445297
v -0.13310918 -0.00177989 -0.41445297
v -0.13310918 -0.00177989 -0.41445297
v -0.13310918 -0.00177989 -0.41445297
v -0.13310918 -0.00177989 -0.41445297
v -0.11930157 0.06458056 -0.50542092
v -0.11930157 0.06458056 -0.50542092
v -0.11930157 0.06458056 -0.50542092
v -0.11930157 0.06458056 -0.50542092
v -0.11719440 0.06458056 -0.50593925
v -0.11719440 0.06458056 -0.50593925
v -0.11719440 0.06458056 -0.50593925
v -0.11719440 0.06458056 -0.50593925
v 0.09618579 0.06458056 -0.51038826
v 0.09618579 0.06458056 -0.51038826
v 0.09618579 0.06458056 -0.51038826
v 0.11953118 0.06458056 -0.50539929
v 0.11953118 0.06458056 -0.50539929
v 0.11953118 0.06458056 -0.50539929
v 0.12030751 0.06458056 -0.50522655
v 0.12030751 0.06458056 -0.50522655
v 0.12030751 0.06458056 -0.50522655
v 0.12030751 0.06458056 -0.50522655
v 0.12030751 0.06458056 -0.50522655
v 0.13333878 -0.00178771 -0.41447458
v 0.13333878 -0.00178771 -0.41447458
v 0.13333878 -0.00178771 -0.41447458
v 0.13333878 -0.00178771 -0.41447458
v 0.13333878 -0.00178771 -0.41447458
v 0.13333878 -0.00178771 -0.41447458
v 0.13333878 -0.00178771 -0.41447458
v 0.13333878 -0.00178771 -0.41447458
v 0.13333878 -0.00178771 -0.41447458
v 0.17442890 -0.00577911 -0.39002639
v 0.17442890 -0.00577911 -0.39002639
v 0.17442890 -0.00577911 -0.39002639
v 0.17442890 -0.00577911 -0.39002639
v 0.17442890 -0.00577911 -0.39002639
v 0.17442890 -0.00577911 -0.39002639
v 0.20792203 -0.00814406 -0.36711162
v 0.20792203 -0.00814406 -0.36711162
v 0.20792203 -0.00814406 -0.36711162
v 0.20792203 -0.00814406 -0.36711162
v 0.20792203 -0.00814406 -0.36711162
v 0.23786625 -0.01325113 -0.33300945
v 0.23786625 -0.01325113 -0.33300945
v 0.23786625 -0.01325113 -0.33300945
v 0.23786625 -0.01325113 -0.33300945
v 0.23786625 -0.01325113 -0.33300945
v 0.23786625 -0.01325113 -0.33300945
v 0.30102631 -0.00624271 -0.30091581
v 0.30102631 -0.00624271 -0.30091581
v 0.30102631 -0.00624271 -0.30091581
v 0.30102631 -0.00624271 -0.30091581
v 0.30102631 -0.00624271 -0.30091581
v 0.30102631 -0.00624271 -0.30091581
v 0.30102631 -0.00624271 -0.30091581
v 0.30108178 -0.00717773 -0.29713631
v 0.30108178 -0.00717773 -0.29713631
v 0.30108178 -0.00717773 -0.29713631
v 0.30108178 -0.00717773 -0.29713631
v 0.23598087 -0.00968410 -0.29713631
v 0.23598087 -0.00968410 -0.29713631
v 0.23598087 -0.00968410 -0.29713631
v 0.23598087 -0.00968410 -0.29713631
v 0.23598087 -0.00968410 -0.29713631
v -0.13870986 -0.00568487 -0.34197235
v -0.13870986 -0.00568487 -0.34197235
v -0.13870986 -0.00568487 -0.34197235
v -0.13870986 -0.00568487 -0.34197235
v -0.13870986 -0.00096281 -0.41339469
v -0.13870986 -0.00096281 -0.41339469
v -0.13870986 -0.00096281 -0.41339469
v -0.13870986 0.06458056 -0.50030231
v -0.13870986 0.06458056 -0.50030231
v -0.13870986 0.06458056 -0.50030231
v -0.13870986 0.06458056 -0.50030231
v 0.14282112 0.06458056 -0.49935204
v 0.14282112 0.06458056 -0.49935204
v 0.14282112 0.06458056 -0.49935204
v 0.15269160 0.06458056 -0.49647963
v 0.15269160 0.06458056 -0.49647963
v 0.15269160 0.06458056 -0.49647963
v 0.15269160 0.06458056 -0.49647963
v 0.17442890 0.05886853 -0.48237655
v 0.17442890 0.05886853 -0.48237655
v 0.17442890 0.05886853 -0.48237655
v 0.17442890 0.05886853 -0.48237655
v 0.17442890 0.05886853 -0.48237655
v 0.19622162 0.06164989 -0.47829464
v 0.19622162 0.06164989 -0.47829464
v 0.19622162 0.06164989 -0.47829464
v 0.19622162 0.06164989 -0.47829464
v 0.19622162 0.06164989 -0.47829464
v 0.19622162 0.06164989 -0.47829464
v 0.15441063 0.00131578 -0.41045746
v 0.15441063 0.00131578 -0.41045746
v 0.15441063 0.00131578 -0.41045746
v 0.15441063 0.00131578 -0.41045746
v 0.19849515 -0.00279350 -0.38441107
v 0.19849515 -0.00279350 -0.38441107
v 0.19849515 -0.00279350 -0.38441107
v 0.19849515 -0.00279350 -0.38441107
v 0.19849515 -0.00279350 -0.38441107
v 0.19849515 -0.00279350 -0.38441107
v 0.19849515 -0.00279350 -0.38441107
v 0.19849515 -0.00279350 -0.38441107
v 0.19849515 -0.00279350 -0.38441107
v 0.23786625 -0.00500909 -0.35732803
v 0.23786625 -0.00500909 -0.35732803
v 0.23786625 -0.00500909 -0.35732803
v 0.23786625 -0.00500909 -0.35732803
v 0.23786625 -0.00500909 -0.35732803
v 0.23786625 -0.00500909 -0.35732803
v 0.26797679 -0.00564552 -0.33231834
v 0.26797679 -0.00564552 -0.33231834
v 0.26797679 -0.00564552 -0.33231834
v 0.26797679 -0.00564552 -0.33231834
v 0.26797679 -0.00564552 -0.33231834
v 0.29026860 -0.00251056 -0.32130370
v 0.29026860 -0.00251056 -0.32130370
v 0.29026860 -0.00251056 -0.32130370
v 0.29026860 -0.00251056 -0.32130370
v 0.29026860 -0.00251056 -0.32130370
v 0.29026860 -0.00251056 -0.32130370
v 0.29026860 -0.00251056 -0.32130370
v 0.30801332 -0.00489127 -0.29713631
v 0.30801332 -0.00489127 -0.29713631
v 0.30801332 -0.00489127 -0.29713631
v 0.30801332 -0.00489127 -0.29713631
v 0.30801332 -0.00489127 -0.29713631
v 0.30463073 -0.00617989 -0.29713631
v 0.30463073 -0.00617989 -0.29713631
v 0.30463073 -0.00617989 -0.29713631
v 0.30463073 -0.00617989 -0.29713631
v 0.21368907 -0.00293492 -0.29713631
v 0.21368907 -0.00293492 -0.29713631
v 0.21368907 -0.00293492 -0.29713631
v -0.13870986 0.06458056 -0.30862606
v -0.13870986 0.06458056 -0.30862606
v -0.13870986 0.06458056 -0.30862606
v -0.13870986 0.06458056 -0.30862606
v -0.13870986 0.06458056 -0.30862606
v -0.13870986 0.06458056 -0.30862606
v -0.13870986 0.01552915 -0.33080652
v -0.13870986 0.01552915 -0.33080652
v -0.13870986 0.01552915 -0.33080652
v 0.17442890 0.06458056 -0.48948207
v 0.17442890 0.06458056 -0.48948207
v 0.17442890 0.06458056 -0.48948207
v 0.18984462 0.06458056 -0.48416913
v 0.18984462 0.06458056 -0.48416913
v 0.18984462 0.06458056 -0.48416913
v 0.18984462 0.06458056 -0.48416913
v 0.21684985 0.06458056 -0.47287375
v 0.21684985 0.06458056 -0.47287375
v 0.21684985 0.06458056 -0.47287375
v 0.21684985 0.06458056 -0.47287375
v 0.21890157 0.06458056 -0.47190186
v 0.21890157 0.06458056 -0.47190186
v 0.21890157 0.06458056 -0.47190186
v 0.21890157 0.06458056 -0.47190186
v 0.25949261 0.06140630 -0.44706491
v 0.25949261 0.06140630 -0.44706491
v 0.25949261 0.06140630 -0.44706491
v 0.25949261 0.06140630 -0.44706491
v 0.25949261 0.06140630 -0.44706491
v 0.21962245 0.00096218 -0.37929252
v 0.21962245 0.00096218 -0.37929252
v 0.21962245 0.00096218 -0.37929252
v 0.21962245 0.00096218 -0.37929252
v 0.21962245 0.00096218 -0.37929252
v 0.25638729 -0.00141064 -0.35084885
v 0.25638729 -0.00141064 -0.35084885
v 0.25638729 -0.00141064 -0.35084885
v 0.25638729 -0.00141064 -0.35084885
v 0.25638729 -0.00141064 -0.35084885
v 0.25638729 -0.00141064 -0.35084885
v 0.25638729 -0.00141064 -0.35084885
v 0.25638729 -0.00141064 -0.35084885
v 0.35087788 0.06244345 -0.38231614
v 0.35087788 0.06244345 -0.38231614
v 0.35087788 0.06244345 -0.38231614
v 0.35087788 0.06244345 -0.38231614
v 0.35087788 0.06244345 -0.38231614
v 0.35087788 0.06244345 -0.38231614
v 0.35087788 0.06244345 -0.38231614
v 0.35087788 0.06244345 -0.38231614
v 0.35087788 0.06244345 -0.38231614
v 0.31145135 0.00340572 -0.31121773
v 0.31145135 0.00340572 -0.31121773
v 0.31145135 0.00340572 -0.31121773
v 0.31145135 0.00340572 -0.31121773
v 0.31788379 -0.00044421 -0.29713631
v 0.31788379 -0.00044421 -0.29713631
v 0.31788379 -0.00044421 -0.29713631
v 0.31788379 -0.00044421 -0.29713631
v 0.31788379 -0.00044421 -0.29713631
v 0.31788379 -0.00044421 -0.29713631
v 0.31788379 -0.00044421 -0.29713631
v 0.20326404 0.01016278 -0.29713631
v 0.20326404 0.01016278 -0.29713631
v 0.20326404 0.01016278 -0.29713631
v 0.16178578 0.06458056 -0.29713631
v 0.16178578 0.06458056 -0.29713631
v 0.16178578 0.06458056 -0.29713631
v 0.25117481 0.06458056 -0.45525032
v 0.25117481 0.06458056 -0.45525032
v 0.25117481 0.06458056 -0.45525032
v 0.27967724 0.06458056 -0.43998101
v 0.27967724 0.06458056 -0.43998101
v 0.27967724 0.06458056 -0.43998101
v 0.27967724 0.06458056 -0.43998101
v 0.27967724 0.06458056 -0.43998101
v 0.28278255 0.06458056 -0.43786448
v 0.28278255 0.06458056 -0.43786448
v 0.28278255 0.06458056 -0.43786448
v 0.28278255 0.06458056 -0.43786448
v 0.31666386 0.06366130 -0.41186130
v 0.31666386 0.06366130 -0.41186130
v 0.31666386 0.06366130 -0.41186130
v 0.31666386 0.06366130 -0.41186130
v 0.31666386 0.06366130 -0.41186130
v 0.31666386 0.06366130 -0.41186130
v 0.34477815 0.06458056 -0.39019918
v 0.34477815 0.06458056 -0.39019918
v 0.34477815 0.06458056 -0.39019918
v 0.34477815 0.06458056 -0.39019918
v 0.35231963 0.06458056 -0.38380635
v 0.35231963 0.06458056 -0.38380635
v 0.35231963 0.06458056 -0.38380635
v 0.36817896 0.06458056 -0.36791074
v 0.36817896 0.06458056 -0.36791074
v 0.36817896 0.06458056 -0.36791074
v 0.37888128 0.06458056 -0.35717687
v 0.37888128 0.06458056 -0.35717687
v 0.37888128 0.06458056 -0.35717687
v 0.37888128 0.06458056 -0.35717687
v 0.38204202 0.06261627 -0.35056809
v 0.38204202 0.06261627 -0.35056809
v 0.38204202 0.06261627 -0.35056809
v 0.38204202 0.06261627 -0.35056809
v 0.38204202 0.06261627 -0.35056809
v 0.38204202 0.06261627 -0.35056809
v 0.41242987 0.06331559 -0.31735140
v 0.41242987 0.06331559 -0.31735140
v 0.41242987 0.06331559 -0.31735140
v 0.41242987 0.06331559 -0.31735140
v 0.41242987 0.06331559 -0.31735140
v 0.41242987 0.06331559 -0.31735140
v 0.41841871 0.05986632 -0.30128297
v 0.41841871 0.05986632 -0.30128297
v 0.41841871 0.05986632 -0.30128297
v 0.41841871 0.05986632 -0.30128297
v 0.41841871 0.05986632 -0.30128297
v 0.41997138 0.05913565 -0.29713631
v 0.41997138 0.05913565 -0.29713631
v 0.41997138 0.05913565 -0.29713631
v 0.42779014 0.06458056 -0.29713631
v 0.42779014 0.06458056 -0.29713631
v 0.42779014 0.06458056 -0.29713631
v 0.42779014 0.06458056 -0.29713631
v 0.31494486 0.06458056 -0.41423699
v 0.31494486 0.06458056 -0.41423699
v 0.31494486 0.06458056 -0.41423699
v 0.31960285 0.06458056 -0.41067344
v 0.31960285 0.06458056 -0.41067344
v 0.31960285 0.06458056 -0.41067344
v 0.41076630 0.06458056 -0.32123893
v 0.41076630 0.06458056 -0.32123893
v 0.41076630 0.06458056 -0.32123893
v 0.41076630 0.06458056 -0.32123893
v 0.41331711 0.06458056 -0.31817210
v 0.41331711 0.06458056 -0.31817210
v 0.41331711 0.06458056 -0.31817210
v 0.42518389 0.06458056 -0.30128297
v 0.42518389 0.06458056 -0.30128297
v 0.42518389 0.06458056 -0.30128297
v 0.42518389 0.06458056 -0.30128297
v 0.01588121 1.83049393 -0.00675431
v 0.01588121 1.83049393 -0.00675431
v 0.01588121 1.83049393 -0.00675431
v -0.08775919 1.87493229 -0.00675431
v -0.08775919 1.87493229 -0.00675431
v -0.08775919 1.87493229 -0.00675431
v 0.01588121 1.76421869 -0.00675431
v 0.01588121 1.76421869 -0.00675431
v 0.01588121 1.76421869 -0.00675431
v 0.01588121 1.85593784 -0.14273478
v 0.01588121 1.85593784 -0.14273478
v 0.01588121 1.85593784 -0.14273478
v 0.01588121 1.85593784 -0.14273478
v -0.11090505 1.88082242 -0.00675431
v -0.11090505 1.88082242 -0.00675431
v -0.11090505 1.88082242 -0.00675431
v -0.11090505 1.88082242 -0.00675431
v -0.11090505 1.88082242 -0.00675431
v -0.11090505 1.88082242 -0.00675431
v -0.23513593 1.76421869 -0.00675431
v -0.23513593 1.76421869 -0.00675431
v -0.23513593 1.76421869 -0.00675431
v 0.01588121 1.76421869 -0.30428621
v 0.01588121 1.76421869 -0.30428621
v 0.01588121 1.76421869 -0.30428621
v 0.01588121 1.83072221 -0.30428621
v 0.01588121 1.83072221 -0.30428621
v 0.01588121 1.83072221 -0.30428621
v 0.01588121 1.83072221 -0.30428621
v -0.13589375 1.87689567 -0.00675431
v -0.13589375 1.87689567 -0.00675431
v -0.13589375 1.87689567 -0.00675431
v -0.13589375 1.87689567 -0.00675431
v -0.13589375 1.87689567 -0.00675431
v -0.13589375 1.87689567 -0.00675431
v -0.13589375 1.87689567 -0.00675431
v -0.13589375 1.87689567 -0.00675431
v -0.13589375 1.87689567 -0.00675431
v -0.01579078 1.83072221 -0.30428621
v -0.01579078 1.83072221 -0.30428621
v -0.01579078 1.83072221 -0.30428621
v -0.23513593 1.83056235 -0.30428621
v -0.23513593 1.83056235 -0.30428621
v -0.23513593 1.83056235 -0.30428621
v -0.23513593 1.83056235 -0.30428621
v -0.23513593 1.83056235 -0.30428621
v -0.23513593 1.83104181 -0.00675431
v -0.23513593 1.83104181 -0.00675431
v -0.23513593 1.83104181 -0.00675431
v -0.23513593 1.76421869 -0.30428621
v -0.23513593 1.76421869 -0.30428621
v -0.23513593 1.76421869 -0.30428621
v -0.23513593 1.83097339 -0.11104774
v -0.23513593 1.83097339 -0.11104774
v -0.23513593 1.83097339 -0.11104774
v -0.23513593 1.83100760 -0.07933158
v -0.23513593 1.83100760 -0.07933158
v -0.23513593 1.83100760 -0.07933158
v -0.23513593 1.83103049 -0.05023661
v -0.23513593 1.83103049 -0.05023661
v -0.23513593 1.83103049 -0.05023661
v -0.23513593 1.83104181 -0.01852045
v -0.23513593 1.83104181 -0.01852045
v -0.23513593 1.83104181 -0.01852045
v -0.23513593 1.83085918 -0.17704298
v -0.23513593 1.83085918 -0.17704298
v -0.23513593 1.83085918 -0.17704298
v -0.23513593 1.83091629 -0.14535594
v -0.23513593 1.83091629 -0.14535594
v -0.23513593 1.83091629 -0.14535594
v -0.13870989 0.06458056 -0.50029123
v -0.13870989 0.06458056 -0.50029123
v -0.13870989 0.06458056 -0.50029123
v -0.13870989 0.06458056 -0.30858609
v -0.13870989 0.06458056 -0.30858609
v -0.13870989 0.06458056 -0.30858609
v -0.13870989 0.06690978 -0.50338137
v -0.13870989 0.06690978 -0.50338137
v -0.13870989 0.06690978 -0.50338137
v -0.13870989 0.06690978 -0.50338137
v -0.13870989 0.06690978 -0.50338137
v -0.11931632 0.06458056 -0.50538421
v -0.11931632 0.06458056 -0.50538421
v -0.11931632 0.06458056 -0.50538421
v 0.33355537 0.06458056 0.00163286
v 0.33355537 0.06458056 0.00163286
v 0.33355537 0.06458056 0.00163286
v -0.13870989 0.09103326 0.00163286
v -0.13870989 0.09103326 0.00163286
v -0.13870989 0.09103326 0.00163286
v -0.11718516 0.06458056 -0.50589931
v -0.11718516 0.06458056 -0.50589931
v -0.11718516 0.06458056 -0.50589931
v -0.11718516 0.06458056 -0.50589931
v -0.13870989 0.08271480 -0.51848882
v -0.13870989 0.08271480 -0.51848882
v -0.13870989 0.08271480 -0.51848882
v -0.13870989 0.08271480 -0.51848882
v -0.13870989 0.08271480 -0.51848882
v -0.13870989 0.08271480 -0.51848882
v -0.07917944 0.07672554 -0.52615702
v -0.07917944 0.07672554 -0.52615702
v -0.07917944 0.07672554 -0.52615702
v -0.07917944 0.07672554 -0.52615702
v -0.07917944 0.07672554 -0.52615702
v -0.07917944 0.07672554 -0.52615702
v -0.07917944 0.07672554 -0.52615702
v 0.52237624 0.06458056 0.00163286
v 0.52237624 0.06458056 0.00163286
v 0.52237624 0.06458056 0.00163286
v -0.13870989 1.76420724 0.00163286
v -0.13870989 1.76420724 0.00163286
v -0.13870989 1.76420724 0.00163286
v -0.13870989 1.76420724 0.00163286
v -0.07917944 0.06458056 -0.51368195
v -0.07917944 0.06458056 -0.51368195
v -0.07917944 0.06458056 -0.51368195
v -0.07917944 0.06458056 -0.51368195
v -0.13870989 0.10201358 -0.53428310
v -0.13870989 0.10201358 -0.53428310
v -0.13870989 0.10201358 -0.53428310
v -0.11690100 0.09835355 -0.53680098
v -0.11690100 0.09835355 -0.53680098
v -0.11690100 0.09835355 -0.53680098
v -0.11690100 0.09835355 -0.53680098
v -0.09573145 0.09502614 -0.53926164
v -0.09573145 0.09502614 -0.53926164
v -0.09573145 0.09502614 -0.53926164
v -0.09573145 0.09502614 -0.53926164
v -0.09573145 0.09502614 -0.53926164
v -0.09573145 0.09502614 -0.53926164
v -0.07917944 0.09269692 -0.54092121
v -0.07917944 0.09269692 -0.54092121
v -0.07917944 0.09269692 -0.54092121
v -0.07917944 0.09269692 -0.54092121
v -0.07917944 0.09269692 -0.54092121
v -0.07917944 0.09269692 -0.54092121
v -0.04742514 0.09020144 -0.54280967
v -0.04742514 0.09020144 -0.54280967
v -0.04742514 0.09020144 -0.54280967
v -0.04742514 0.09020144 -0.54280967
v -0.04742514 0.09020144 -0.54280967
v -0.04742514 0.09020144 -0.54280967
v -0.04742514 0.09020144 -0.54280967
v -0.04742514 0.07439632 -0.52804554
v -0.04742514 0.07439632 -0.52804554
v -0.04742514 0.07439632 -0.52804554
v -0.04742514 0.07439632 -0.52804554
v -0.04742514 0.07439632 -0.52804554
v 0.52237624 0.06458056 0.00060280
v 0.52237624 0.06458056 0.00060280
v 0.52237624 0.06458056 0.00060280
v 0.53061670 0.07140175 0.00163286
v 0.53061670 0.07140175 0.00163286
v 0.53061670 0.07140175 0.00163286
v 0.47726670 1.76420724 0.00163286
v 0.47726670 1.76420724 0.00163286
v 0.47726670 1.76420724 0.00163286
v -0.13870989 1.76420724 -0.45634207
v -0.13870989 1.76420724 -0.45634207
v -0.13870989 1.76420724 -0.45634207
v -0.04742514 0.06458056 -0.51740158
v -0.04742514 0.06458056 -0.51740158
v -0.04742514 0.06458056 -0.51740158
v -0.04742514 0.06458056 -0.51740158
v -0.13870989 0.11532312 -0.54372525
v -0.13870989 0.11532312 -0.54372525
v -0.13870989 0.11532312 -0.54372525
v -0.13870989 0.11532312 -0.54372525
v -0.13870989 0.11532312 -0.54372525
v -0.10816323 0.10983296 -0.54670101
v -0.10816323 0.10983296 -0.54670101
v -0.10816323 0.10983296 -0.54670101
v -0.10816323 0.10983296 -0.54670101
v -0.07917944 0.11099751 -0.55351084
v -0.07917944 0.11099751 -0.55351084
v -0.07917944 0.11099751 -0.55351084
v -0.07917944 0.11099751 -0.55351084
v -0.07917944 0.11099751 -0.55351084
v -0.07917944 0.11099751 -0.55351084
v -0.07917944 0.11099751 -0.55351084
v -0.04742514 0.11099751 -0.55723041
v -0.04742514 0.11099751 -0.55723041
v -0.04742514 0.11099751 -0.55723041
v -0.04742514 0.11099751 -0.55723041
v -0.04742514 0.11099751 -0.55723041
v -0.04742514 0.11099751 -0.55723041
v -0.01574189 0.09020144 -0.54303861
v -0.01574189 0.09020144 -0.54303861
v -0.01574189 0.09020144 -0.54303861
v -0.01574189 0.09020144 -0.54303861
v -0.01574189 0.07422996 -0.52821714
v -0.01574189 0.07422996 -0.52821714
v -0.01574189 0.07422996 -0.52821714
v -0.01574189 0.07422996 -0.52821714
v -0.01574189 0.07422996 -0.52821714
v -0.01574189 0.07422996 -0.52821714
v -0.01574189 0.07422996 -0.52821714
v -0.01574189 0.11099751 -0.55785996
v -0.01574189 0.11099751 -0.55785996
v -0.01574189 0.11099751 -0.55785996
v -0.01574189 0.11099751 -0.55785996
v -0.01574189 0.11099751 -0.55785996
v 0.52230519 0.06458056 -0.01593534
v 0.52230519 0.06458056 -0.01593534
v 0.52230519 0.06458056 -0.01593534
v 0.53061670 0.07140175 -0.01593534
v 0.53061670 0.07140175 -0.01593534
v 0.53061670 0.07140175 -0.01593534
v 0.53061670 0.07140175 -0.01593534
v 0.53061670 0.07140175 -0.01593534
v 0.53061670 0.07140175 -0.01593534
v 0.53061670 0.07140175 -0.01593534
v 0.53061670 0.07140175 -0.01593534
v 0.53864413 0.08005296 0.00163286
v 0.53864413 0.08005296 0.00163286
v 0.53864413 0.08005296 0.00163286
v 0.53864413 0.08005296 0.00163286
v 0.47733775 1.76420724 -0.01593534
v 0.47733775 1.76420724 -0.01593534
v 0.47733775 1.76420724 -0.01593534
v 0.47733775 1.76420724 -0.01593534
v 0.47733775 1.76420724 -0.01593534
v 0.54283541 1.65473640 0.00163286
v 0.54283541 1.65473640 0.00163286
v 0.54283541 1.65473640 0.00163286
v 0.54283541 1.65473640 0.00163286
v -0.11086269 1.76420724 -0.46349525
v -0.11086269 1.76420724 -0.46349525
v -0.11086269 1.76420724 -0.46349525
v -0.11086269 1.76420724 -0.46349525
v -0.11086269 1.76420724 -0.46349525
v -0.13870989 1.63893139 -0.53308135
v -0.13870989 1.63893139 -0.53308135
v -0.13870989 1.63893139 -0.53308135
v -0.13870989 1.63893139 -0.53308135
v -0.02646871 0.06458056 -0.51763046
v -0.02646871 0.06458056 -0.51763046
v -0.02646871 0.06458056 -0.51763046
v -0.13870989 0.11748598 -0.54515588
v -0.13870989 0.11748598 -0.54515588
v -0.13870989 0.11748598 -0.54515588
v -0.13870989 0.11748598 -0.54515588
v -0.13870989 0.11748598 -0.54515588
v -0.07917944 0.13395645 -0.56753105
v -0.07917944 0.13395645 -0.56753105
v -0.07917944 0.13395645 -0.56753105
v -0.07917944 0.13395645 -0.56753105
v -0.07917944 0.13395645 -0.56753105
v -0.07917944 0.13395645 -0.56753105
v -0.07917944 0.13395645 -0.56753105
v -0.04742514 0.12979732 -0.56936228
v -0.04742514 0.12979732 -0.56936228
v -0.04742514 0.12979732 -0.56936228
v -0.04742514 0.12979732 -0.56936228
v -0.04742514 0.12979732 -0.56936228
v -0.04742514 0.12979732 -0.56936228
v -0.04742514 0.12979732 -0.56936228
v -0.01574189 0.12896538 -0.56976283
v -0.01574189 0.12896538 -0.56976283
v -0.01574189 0.12896538 -0.56976283
v -0.01574189 0.12896538 -0.56976283
v -0.01574189 0.12896538 -0.56976283
v 0.01594138 0.09020144 -0.54303861
v 0.01594138 0.09020144 -0.54303861
v 0.01594138 0.09020144 -0.54303861
v 0.01594138 0.09020144 -0.54303861
v 0.01594138 0.07422996 -0.52821714
v 0.01594138 0.07422996 -0.52821714
v 0.01594138 0.07422996 -0.52821714
v 0.01594138 0.07422996 -0.52821714
v 0.01594138 0.07422996 -0.52821714
v 0.01594138 0.07422996 -0.52821714
v 0.01594138 0.07422996 -0.52821714
v -0.01574189 0.06458056 -0.51774496
v -0.01574189 0.06458056 -0.51774496
v -0.01574189 0.06458056 -0.51774496
v 0.01594138 0.11099751 -0.55785996
v 0.01594138 0.11099751 -0.55785996
v 0.01594138 0.11099751 -0.55785996
v 0.01594138 0.11099751 -0.55785996
v 0.01594138 0.11099751 -0.55785996
v 0.51946366 0.06458056 -0.04763822
v 0.51946366 0.06458056 -0.04763822
v 0.51946366 0.06458056 -0.04763822
v 0.51946366 0.06458056 -0.04763822
v 0.52912492 0.07306540 -0.04763822
v 0.52912492 0.07306540 -0.04763822
v 0.52912492 0.07306540 -0.04763822
v 0.52912492 0.07306540 -0.04763822
v 0.52912492 0.07306540 -0.04763822
v 0.52912492 0.07306540 -0.04763822
v 0.54390097 0.08887053 -0.04763822
v 0.54390097 0.08887053 -0.04763822
v 0.54390097 0.08887053 -0.04763822
v 0.54390097 0.08887053 -0.04763822
v 0.54390097 0.08887053 -0.04763822
v 0.54390097 0.08887053 -0.04763822
v 0.54390097 0.08887053 -0.04763822
v 0.54510862 0.08720676 -0.01593534
v 0.54510862 0.08720676 -0.01593534
v 0.54510862 0.08720676 -0.01593534
v 0.54510862 0.08720676 -0.01593534
v 0.54510862 0.08720676 -0.01593534
v 0.54510862 0.08720676 -0.01593534
v 0.54510862 0.08720676 0.00163286
v 0.54510862 0.08720676 0.00163286
v 0.54510862 0.08720676 0.00163286
v 0.54283541 1.65473640 -0.01593534
v 0.54283541 1.65473640 -0.01593534
v 0.54283541 1.65473640 -0.01593534
v 0.54283541 1.65473640 -0.01593534
v 0.54283541 1.65473640 -0.01593534
v 0.54176986 1.65307283 -0.04763822
v 0.54176986 1.65307283 -0.04763822
v 0.54176986 1.65307283 -0.04763822
v 0.54176986 1.65307283 -0.04763822
v 0.54176986 1.65307283 -0.04763822
v 0.54176986 1.65307283 -0.04763822
v 0.54176986 1.65307283 -0.04763822
v 0.47634318 1.76420724 -0.02863938
v 0.47634318 1.76420724 -0.02863938
v 0.47634318 1.76420724 -0.02863938
v 0.54979724 1.64275789 0.00163286
v 0.54979724 1.64275789 0.00163286
v 0.54979724 1.64275789 0.00163286
v 0.54979724 1.64275789 0.00163286
v -0.08628332 1.76420724 -0.46898893
v -0.08628332 1.76420724 -0.46898893
v -0.08628332 1.76420724 -0.46898893
v -0.08628332 1.76420724 -0.46898893
v -0.09175329 1.64774895 -0.53840333
v -0.09175329 1.64774895 -0.53840333
v -0.09175329 1.64774895 -0.53840333
v -0.09175329 1.64774895 -0.53840333
v -0.09175329 1.64774895 -0.53840333
v -0.09175329 1.64774895 -0.53840333
v -0.09175329 1.64774895 -0.53840333
v -0.11086269 1.64408886 -0.53628600
v -0.11086269 1.64408886 -0.53628600
v -0.11086269 1.64408886 -0.53628600
v -0.11086269 1.64408886 -0.53628600
v -0.13870989 1.62295997 -0.54229468
v -0.13870989 1.62295997 -0.54229468
v -0.13870989 1.62295997 -0.54229468
v -0.13870989 1.62295997 -0.54229468
v -0.13870989 1.62295997 -0.54229468
v -0.13870989 1.62295997 -0.54229468
v -0.13870989 0.14294037 -0.55848944
v -0.13870989 0.14294037 -0.55848944
v -0.13870989 0.14294037 -0.55848944
v -0.13870989 0.14294037 -0.55848944
v -0.13870989 0.14294037 -0.55848944
v -0.11150204 0.14377232 -0.56507033
v -0.11150204 0.14377232 -0.56507033
v -0.11150204 0.14377232 -0.56507033
v -0.10134352 0.15491900 -0.57222354
v -0.10134352 0.15491900 -0.57222354
v -0.10134352 0.15491900 -0.57222354
v -0.10134352 0.15491900 -0.57222354
v -0.10134352 0.15491900 -0.57222354
v -0.10134352 0.15491900 -0.57222354
v -0.10134352 0.15491900 -0.57222354
v -0.10134352 0.15491900 -0.57222354
v -0.10134352 0.15491900 -0.57222354
v -0.07917944 0.14976157 -0.57445532
v -0.07917944 0.14976157 -0.57445532
v -0.07917944 0.14976157 -0.57445532
v -0.07917944 0.14976157 -0.57445532
v -0.07917944 0.14976157 -0.57445532
v -0.07917944 0.14976157 -0.57445532
v -0.04742514 0.14576870 -0.57634377
v -0.04742514 0.14576870 -0.57634377
v -0.04742514 0.14576870 -0.57634377
v -0.04742514 0.14576870 -0.57634377
v -0.04742514 0.14576870 -0.57634377
v -0.01574189 0.14477050 -0.57680160
v -0.01574189 0.14477050 -0.57680160
v -0.01574189 0.14477050 -0.57680160
v -0.01574189 0.14477050 -0.57680160
v -0.01574189 0.14477050 -0.57680160
v 0.01594138 0.12896538 -0.56976283
v 0.01594138 0.12896538 -0.56976283
v 0.01594138 0.12896538 -0.56976283
v 0.01594138 0.12896538 -0.56976283
v 0.01594138 0.12896538 -0.56976283
v 0.04769568 0.09020144 -0.54280967
v 0.04769568 0.09020144 -0.54280967
v 0.04769568 0.09020144 -0.54280967
v 0.04769568 0.09020144 -0.54280967
v 0.04769568 0.09020144 -0.54280967
v 0.04769568 0.09020144 -0.54280967
v 0.04769568 0.07439632 -0.52804554
v 0.04769568 0.07439632 -0.52804554
v 0.04769568 0.07439632 -0.52804554
v 0.04769568 0.07439632 -0.52804554
v 0.04769568 0.07439632 -0.52804554
v 0.04769568 0.07439632 -0.52804554
v 0.04769568 0.06458056 -0.51740158
v 0.04769568 0.06458056 -0.51740158
v 0.04769568 0.06458056 -0.51740158
v 0.04769568 0.06458056 -0.51740158
v 0.03718195 0.06458056 -0.51751608
v 0.03718195 0.06458056 -0.51751608
v 0.03718195 0.06458056 -0.51751608
v 0.01594138 0.06458056 -0.51774496
v 0.01594138 0.06458056 -0.51774496
v 0.01594138 0.06458056 -0.51774496
v 0.04769568 0.11099751 -0.55723041
v 0.04769568 0.11099751 -0.55723041
v 0.04769568 0.11099751 -0.55723041
v 0.04769568 0.11099751 -0.55723041
v 0.04769568 0.11099751 -0.55723041
v 0.04769568 0.11099751 -0.55723041
v 0.51605380 0.06458056 -0.07934110
v 0.51605380 0.06458056 -0.07934110
v 0.51605380 0.06458056 -0.07934110
v 0.51605380 0.06458056 -0.07934110
v 0.52741998 0.07522826 -0.07934110
v 0.52741998 0.07522826 -0.07934110
v 0.52741998 0.07522826 -0.07934110
v 0.52741998 0.07522826 -0.07934110
v 0.52741998 0.07522826 -0.07934110
v 0.54226714 0.09103326 -0.07934110
v 0.54226714 0.09103326 -0.07934110
v 0.54226714 0.09103326 -0.07934110
v 0.54226714 0.09103326 -0.07934110
v 0.54226714 0.09103326 -0.07934110
v 0.55626172 0.11099751 -0.07934110
v 0.55626172 0.11099751 -0.07934110
v 0.55626172 0.11099751 -0.07934110
v 0.55626172 0.11099751 -0.07934110
v 0.55626172 0.11099751 -0.07934110
v 0.55626172 0.11099751 -0.07934110
v 0.55626172 0.11099751 -0.07934110
v 0.55626172 0.11099751 -0.07934110
v 0.56158960 0.11399220 -0.04672261
v 0.56158960 0.11399220 -0.04672261
v 0.56158960 0.11399220 -0.04672261
v 0.56158960 0.11399220 -0.04672261
v 0.56095022 0.10950023 -0.01593534
v 0.56095022 0.10950023 -0.01593534
v 0.56095022 0.10950023 -0.01593534
v 0.56095022 0.10950023 -0.01593534
v 0.56095022 0.10950023 -0.01593534
v 0.56095022 0.10950023 -0.01593534
v 0.56095022 0.10950023 -0.01593534
v 0.56095022 0.10950023 -0.01593534
v 0.55221254 0.09718888 0.00163286
v 0.55221254 0.09718888 0.00163286
v 0.55221254 0.09718888 0.00163286
v 0.55221254 0.09718888 0.00163286
v 0.55548024 1.63294208 -0.01593534
v 0.55548024 1.63294208 -0.01593534
v 0.55548024 1.63294208 -0.01593534
v 0.55548024 1.63294208 -0.01593534
v 0.55548024 1.63294208 -0.01593534
v 0.55548024 1.63294208 -0.01593534
v 0.55548024 1.63294208 -0.01593534
v 0.55327809 1.63294208 -0.04763822
v 0.55327809 1.63294208 -0.04763822
v 0.55327809 1.63294208 -0.04763822
v 0.55327809 1.63294208 -0.04763822
v 0.55327809 1.63294208 -0.04763822
v 0.55327809 1.63294208 -0.04763822
v 0.54006493 1.65041077 -0.07934110
v 0.54006493 1.65041077 -0.07934110
v 0.54006493 1.65041077 -0.07934110
v 0.54006493 1.65041077 -0.07934110
v 0.54006493 1.65041077 -0.07934110
v 0.47478032 1.76420724 -0.04763822
v 0.47478032 1.76420724 -0.04763822
v 0.47478032 1.76420724 -0.04763822
v 0.47478032 1.76420724 -0.04763822
v 0.47478032 1.76420724 -0.04763822
v 0.55548024 1.63294208 0.00163286
v 0.55548024 1.63294208 0.00163286
v 0.55548024 1.63294208 0.00163286
v -0.08187890 1.76420724 -0.46984729
v -0.08187890 1.76420724 -0.46984729
v -0.08187890 1.76420724 -0.46984729
v -0.07065479 1.65124261 -0.54057783
v -0.07065479 1.65124261 -0.54057783
v -0.07065479 1.65124261 -0.54057783
v -0.07065479 1.65124261 -0.54057783
v -0.07065479 1.65124261 -0.54057783
v -0.07065479 1.65124261 -0.54057783
v -0.07065479 1.65124261 -0.54057783
v -0.08038709 1.63543761 -0.54773110
v -0.08038709 1.63543761 -0.54773110
v -0.08038709 1.63543761 -0.54773110
v -0.08038709 1.63543761 -0.54773110
v -0.08038709 1.63543761 -0.54773110
v -0.08038709 1.63543761 -0.54773110
v -0.11086269 1.62828374 -0.54532760
v -0.11086269 1.62828374 -0.54532760
v -0.11086269 1.62828374 -0.54532760
v -0.11086269 1.62828374 -0.54532760
v -0.07726140 1.59900284 -0.56472701
v -0.07726140 1.59900284 -0.56472701
v -0.07726140 1.59900284 -0.56472701
v -0.07726140 1.59900284 -0.56472701
v -0.07726140 1.59900284 -0.56472701
v -0.07726140 1.59900284 -0.56472701
v -0.07726140 1.59900284 -0.56472701
v -0.13870989 1.61963248 -0.54372525
v -0.13870989 1.61963248 -0.54372525
v -0.13870989 1.61963248 -0.54372525
v -0.13870989 1.61963248 -0.54372525
v -0.13870989 0.17055775 -0.56501311
v -0.13870989 0.17055775 -0.56501311
v -0.13870989 0.17055775 -0.56501311
v -0.13870989 0.17455052 -0.56587154
v -0.13870989 0.17455052 -0.56587154
v -0.13870989 0.17455052 -0.56587154
v -0.13870989 0.17455052 -0.56587154
v -0.13870989 0.17455052 -0.56587154
v -0.12194473 0.17455052 -0.56970567
v -0.12194473 0.17455052 -0.56970567
v -0.12194473 0.17455052 -0.56970567
v -0.12194473 0.17455052 -0.56970567
v -0.10610312 0.17455052 -0.57331079
v -0.10610312 0.17455052 -0.57331079
v -0.10610312 0.17455052 -0.57331079
v -0.10610312 0.17455052 -0.57331079
v -0.07917944 0.17455052 -0.57880449
v -0.07917944 0.17455052 -0.57880449
v -0.07917944 0.17455052 -0.57880449
v -0.07917944 0.17455052 -0.57880449
v -0.07917944 0.17455052 -0.57880449
v -0.07917944 0.17455052 -0.57880449
v -0.04742514 0.17455052 -0.58229518
v -0.04742514 0.17455052 -0.58229518
v -0.04742514 0.17455052 -0.58229518
v -0.04742514 0.17455052 -0.58229518
v -0.04742514 0.17455052 -0.58229518
v -0.04742514 0.17455052 -0.58229518
v -0.01574189 0.17455052 -0.58298188
v -0.01574189 0.17455052 -0.58298188
v -0.01574189 0.17455052 -0.58298188
v -0.01574189 0.17455052 -0.58298188
v -0.01574189 0.17455052 -0.58298188
v -0.01574189 0.17455052 -0.58298188
v -0.01574189 0.17455052 -0.58298188
v -0.01574189 0.17455052 -0.58298188
v -0.01574189 0.17455052 -0.58298188
v 0.01594138 0.14477050 -0.57680160
v 0.01594138 0.14477050 -0.57680160
v 0.01594138 0.14477050 -0.57680160
v 0.01594138 0.14477050 -0.57680160
v 0.01594138 0.14477050 -0.57680160
v 0.01594138 0.14477050 -0.57680160
v 0.01594138 0.14477050 -0.57680160
v 0.04769568 0.12979732 -0.56936228
v 0.04769568 0.12979732 -0.56936228
v 0.04769568 0.12979732 -0.56936228
v 0.04769568 0.12979732 -0.56936228
v 0.04769568 0.12979732 -0.56936228
v 0.04769568 0.12979732 -0.56936228
v 0.07937893 0.09253055 -0.54097849
v 0.07937893 0.09253055 -0.54097849
v 0.07937893 0.09253055 -0.54097849
v 0.07937893 0.09253055 -0.54097849
v 0.07937893 0.09253055 -0.54097849
v 0.07937893 0.09253055 -0.54097849
v 0.07937893 0.09253055 -0.54097849
v 0.07142260 0.06458056 -0.51476920
v 0.07142260 0.06458056 -0.51476920
v 0.07142260 0.06458056 -0.51476920
v 0.07142260 0.06458056 -0.51476920
v 0.07937893 0.07672554 -0.52615702
v 0.07937893 0.07672554 -0.52615702
v 0.07937893 0.07672554 -0.52615702
v 0.07937893 0.07672554 -0.52615702
v 0.07937893 0.07672554 -0.52615702
v 0.07937893 0.07672554 -0.52615702
v 0.07937893 0.07672554 -0.52615702
v 0.07937893 0.07672554 -0.52615702
v 0.07937893 0.07672554 -0.52615702
v 0.07937893 0.11099751 -0.55356801
v 0.07937893 0.11099751 -0.55356801
v 0.07937893 0.11099751 -0.55356801
v 0.07937893 0.11099751 -0.55356801
v 0.07937893 0.11099751 -0.55356801
v 0.07937893 0.11099751 -0.55356801
v 0.07937893 0.11099751 -0.55356801
v 0.51200461 0.06458056 -0.10635149
v 0.51200461 0.06458056 -0.10635149
v 0.51200461 0.06458056 -0.10635149
v 0.51200461 0.06458056 -0.10635149
v 0.54063320 0.09319601 -0.10200235
v 0.54063320 0.09319601 -0.10200235
v 0.54063320 0.09319601 -0.10200235
v 0.54063320 0.09319601 -0.10200235
v 0.54063320 0.09319601 -0.10200235
v 0.54063320 0.09319601 -0.10200235
v 0.54063320 0.09319601 -0.10200235
v 0.56897759 0.13062915 -0.07934110
v 0.56897759 0.13062915 -0.07934110
v 0.56897759 0.13062915 -0.07934110
v 0.56897759 0.13062915 -0.07934110
v 0.56897759 0.13062915 -0.07934110
v 0.56897759 0.13062915 -0.07934110
v 0.57018530 0.12829992 -0.05662260
v 0.57018530 0.12829992 -0.05662260
v 0.57018530 0.12829992 -0.05662260
v 0.57018530 0.12829992 -0.05662260
v 0.57018530 0.12829992 -0.05662260
v 0.57117981 0.12646991 -0.03550645
v 0.57117981 0.12646991 -0.03550645
v 0.57117981 0.12646991 -0.03550645
v 0.57117981 0.12646991 -0.03550645
v 0.57117981 0.12646991 -0.03550645
v 0.57117981 0.12646991 -0.03550645
v 0.57117981 0.12646991 -0.03550645
v 0.54929996 0.10866840 -0.11195958
v 0.54929996 0.10866840 -0.11195958
v 0.54929996 0.10866840 -0.11195958
v 0.54929996 0.10866840 -0.11195958
v 0.54929996 0.10866840 -0.11195958
v 0.54929996 0.10866840 -0.11195958
v 0.57181919 0.12547171 -0.01593534
v 0.57181919 0.12547171 -0.01593534
v 0.57181919 0.12547171 -0.01593534
v 0.57181919 0.12547171 -0.01593534
v 0.57181919 0.12530535 0.00163286
v 0.57181919 0.12530535 0.00163286
v 0.57181919 0.12530535 0.00163286
v 0.57181919 0.12530535 0.00163286
v 0.57181919 0.12530535 0.00163286
v 0.56095022 0.10950023 0.00163286
v 0.56095022 0.10950023 0.00163286
v 0.56095022 0.10950023 0.00163286
v 0.56215787 1.61896706 0.00163286
v 0.56215787 1.61896706 0.00163286
v 0.56215787 1.61896706 0.00163286
v 0.56215787 1.61896706 0.00163286
v 0.56762791 1.60748768 -0.01593534
v 0.56762791 1.60748768 -0.01593534
v 0.56762791 1.60748768 -0.01593534
v 0.56762791 1.60748768 -0.01593534
v 0.56762791 1.60748768 -0.01593534
v 0.56762791 1.60748768 -0.01593534
v 0.56762791 1.60748768 -0.01593534
v 0.56762791 1.60748768 -0.01593534
v 0.55001032 1.63294208 -0.07934110
v 0.55001032 1.63294208 -0.07934110
v 0.55001032 1.63294208 -0.07934110
v 0.55001032 1.63294208 -0.07934110
v 0.55001032 1.63294208 -0.07934110
v 0.55001032 1.63294208 -0.07934110
v 0.56393391 1.60133195 -0.07934110
v 0.56393391 1.60133195 -0.07934110
v 0.56393391 1.60133195 -0.07934110
v 0.56393391 1.60133195 -0.07934110
v 0.56393391 1.60133195 -0.07934110
v 0.56393391 1.60133195 -0.07934110
v 0.56393391 1.60133195 -0.07934110
v 0.53914136 1.64891350 -0.09530699
v 0.53914136 1.64891350 -0.09530699
v 0.53914136 1.64891350 -0.09530699
v 0.53914136 1.64891350 -0.09530699
v 0.53914136 1.64891350 -0.09530699
v 0.53914136 1.64891350 -0.09530699
v 0.53914136 1.64891350 -0.09530699
v 0.47080216 1.76420724 -0.07934110
v 0.47080216 1.76420724 -0.07934110
v 0.47080216 1.76420724 -0.07934110
v -0.04742514 1.76420724 -0.47471145
v -0.04742514 1.76420724 -0.47471145
v -0.04742514 1.76420724 -0.47471145
v -0.04742514 1.76420724 -0.47471145
v -0.04742514 1.65274000 -0.54155076
v -0.04742514 1.65274000 -0.54155076
v -0.04742514 1.65274000 -0.54155076
v -0.04742514 1.65274000 -0.54155076
v -0.04742514 1.65274000 -0.54155076
v -0.04742514 1.63294208 -0.55311024
v -0.04742514 1.63294208 -0.55311024
v -0.04742514 1.63294208 -0.55311024
v -0.04742514 1.63294208 -0.55311024
v -0.04742514 1.63294208 -0.55311024
v -0.04742514 1.63294208 -0.55311024
v -0.04742514 1.60416019 -0.56650102
v -0.04742514 1.60416019 -0.56650102
v -0.04742514 1.60416019 -0.56650102
v -0.04742514 1.60416019 -0.56650102
v -0.04742514 1.60416019 -0.56650102
v -0.04742514 1.60416019 -0.56650102
v -0.11086269 1.60133195 -0.55660099
v -0.11086269 1.60133195 -0.55660099
v -0.11086269 1.60133195 -0.55660099
v -0.11086269 1.60133195 -0.55660099
v -0.06539794 1.58685780 -0.57125068
v -0.06539794 1.58685780 -0.57125068
v -0.06539794 1.58685780 -0.57125068
v -0.06539794 1.58685780 -0.57125068
v -0.06539794 1.58685780 -0.57125068
v -0.06539794 1.58685780 -0.57125068
v -0.06539794 1.58685780 -0.57125068
v -0.06539794 1.58685780 -0.57125068
v -0.06539794 1.58685780 -0.57125068
v -0.06539794 1.58685780 -0.57125068
v -0.06539794 1.58685780 -0.57125068
v -0.13870989 1.60133195 -0.55042064
v -0.13870989 1.60133195 -0.55042064
v -0.13870989 1.60133195 -0.55042064
v -0.13870989 1.60133195 -0.55042064
v -0.13870989 0.20616065 -0.56610042
v -0.13870989 0.20616065 -0.56610042
v -0.13870989 0.20616065 -0.56610042
v -0.12251306 0.20616065 -0.56982011
v -0.12251306 0.20616065 -0.56982011
v -0.12251306 0.20616065 -0.56982011
v -0.12251306 0.20616065 -0.56982011
v -0.12251306 0.20616065 -0.56982011
v -0.12251306 0.20616065 -0.56982011
v -0.10667142 0.20616065 -0.57342529
v -0.10667142 0.20616065 -0.57342529
v -0.10667142 0.20616065 -0.57342529
v -0.10667142 0.20616065 -0.57342529
v -0.10667142 0.20616065 -0.57342529
v -0.07917944 0.20616065 -0.57891887
v -0.07917944 0.20616065 -0.57891887
v -0.07917944 0.20616065 -0.57891887
v -0.07917944 0.20616065 -0.57891887
v -0.07917944 0.20616065 -0.57891887
v -0.07917944 0.20616065 -0.57891887
v -0.07917944 0.20616065 -0.57891887
v -0.04742514 0.20616065 -0.58218074
v -0.04742514 0.20616065 -0.58218074
v -0.04742514 0.20616065 -0.58218074
v -0.04742514 0.20616065 -0.58218074
v 0.01594138 0.17455052 -0.58292472
v 0.01594138 0.17455052 -0.58292472
v 0.01594138 0.17455052 -0.58292472
v 0.01594138 0.17455052 -0.58292472
v 0.01594138 0.17455052 -0.58292472
v 0.01594138 0.17455052 -0.58292472
v -0.04742514 1.18906939 -0.57748830
v -0.04742514 1.18906939 -0.57748830
v -0.04742514 1.18906939 -0.57748830
v -0.04742514 1.18906939 -0.57748830
v -0.04742514 1.18906939 -0.57748830
v -0.04742514 1.18906939 -0.57748830
v -0.01574189 1.22084582 -0.57788885
v -0.01574189 1.22084582 -0.57788885
v -0.01574189 1.22084582 -0.57788885
v -0.01574189 1.22084582 -0.57788885
v -0.01574189 1.22084582 -0.57788885
v 0.01594138 1.22084582 -0.57788885
v 0.01594138 1.22084582 -0.57788885
v 0.01594138 1.22084582 -0.57788885
v 0.01594138 1.22084582 -0.57788885
v 0.01594138 1.22084582 -0.57788885
v 0.01594138 1.22084582 -0.57788885
v 0.04769568 0.17455052 -0.58229518
v 0.04769568 0.17455052 -0.58229518
v 0.04769568 0.17455052 -0.58229518
v 0.04769568 0.17455052 -0.58229518
v 0.04769568 0.17455052 -0.58229518
v 0.04769568 0.17455052 -0.58229518
v 0.04769568 0.17455052 -0.58229518
v 0.04769568 0.14560233 -0.57628655
v 0.04769568 0.14560233 -0.57628655
v 0.04769568 0.14560233 -0.57628655
v 0.04769568 0.14560233 -0.57628655
v 0.04769568 0.14560233 -0.57628655
v 0.07937893 0.13395645 -0.56753105
v 0.07937893 0.13395645 -0.56753105
v 0.07937893 0.13395645 -0.56753105
v 0.07937893 0.13395645 -0.56753105
v 0.07937893 0.13395645 -0.56753105
v 0.07937893 0.13395645 -0.56753105
v 0.07937893 0.13395645 -0.56753105
v 0.07937893 0.13395645 -0.56753105
v 0.07937893 0.13395645 -0.56753105
v 0.09607303 0.09485977 -0.53926164
v 0.09607303 0.09485977 -0.53926164
v 0.09607303 0.09485977 -0.53926164
v 0.09607303 0.09485977 -0.53926164
v 0.09607303 0.09485977 -0.53926164
v 0.09607303 0.09485977 -0.53926164
v 0.14281650 0.08304752 -0.51797384
v 0.14281650 0.08304752 -0.51797384
v 0.14281650 0.08304752 -0.51797384
v 0.14281650 0.08304752 -0.51797384
v 0.14281650 0.08304752 -0.51797384
v 0.14281650 0.08304752 -0.51797384
v 0.07937893 0.06458056 -0.51368195
v 0.07937893 0.06458056 -0.51368195
v 0.07937893 0.06458056 -0.51368195
v 0.14281650 0.06724251 -0.50286633
v 0.14281650 0.06724251 -0.50286633
v 0.14281650 0.06724251 -0.50286633
v 0.14281650 0.06724251 -0.50286633
v 0.14281650 0.06724251 -0.50286633
v 0.14281650 0.06724251 -0.50286633
v 0.14281650 0.06724251 -0.50286633
v 0.14281650 0.06724251 -0.50286633
v 0.11972891 0.06491329 -0.50567037
v 0.11972891 0.06491329 -0.50567037
v 0.11972891 0.06491329 -0.50567037
v 0.11972891 0.06491329 -0.50567037
v 0.11951579 0.06458056 -0.50538421
v 0.11951579 0.06458056 -0.50538421
v 0.11951579 0.06458056 -0.50538421
v 0.11951579 0.06458056 -0.50538421
v 0.09621510 0.06458056 -0.51036286
v 0.09621510 0.06458056 -0.51036286
v 0.09621510 0.06458056 -0.51036286
v 0.14281650 0.11848416 -0.54492706
v 0.14281650 0.11848416 -0.54492706
v 0.14281650 0.11848416 -0.54492706
v 0.14281650 0.11848416 -0.54492706
v 0.14281650 0.11848416 -0.54492706
v 0.14281650 0.11848416 -0.54492706
v 0.10843376 0.10983296 -0.54670101
v 0.10843376 0.10983296 -0.54670101
v 0.10843376 0.10983296 -0.54670101
v 0.50823957 0.06458056 -0.12517864
v 0.50823957 0.06458056 -0.12517864
v 0.50823957 0.06458056 -0.12517864
v 0.50823957 0.06458056 -0.12517864
v 0.50823957 0.06458056 -0.12517864
v 0.53821790 0.09635706 -0.12317576
v 0.53821790 0.09635706 -0.12317576
v 0.53821790 0.09635706 -0.12317576
v 0.53821790 0.09635706 -0.12317576
v 0.53821790 0.09635706 -0.12317576
v 0.53821790 0.09635706 -0.12317576
v 0.53821790 0.09635706 -0.12317576
v 0.56649131 0.13611931 -0.11104397
v 0.56649131 0.13611931 -0.11104397
v 0.56649131 0.13611931 -0.11104397
v 0.56649131 0.13611931 -0.11104397
v 0.56649131 0.13611931 -0.11104397
v 0.56649131 0.13611931 -0.11104397
v 0.56649131 0.13611931 -0.11104397
v 0.57352412 0.15192431 -0.11104397
v 0.57352412 0.15192431 -0.11104397
v 0.57352412 0.15192431 -0.11104397
v 0.57352412 0.15192431 -0.11104397
v 0.57352412 0.15192431 -0.11104397
v 0.57586843 0.14660051 -0.07934110
v 0.57586843 0.14660051 -0.07934110
v 0.57586843 0.14660051 -0.07934110
v 0.57586843 0.14660051 -0.07934110
v 0.57586843 0.14660051 -0.07934110
v 0.57586843 0.14660051 -0.07934110
v 0.57586843 0.14660051 -0.07934110
v 0.57586843 0.14660051 -0.07934110
v 0.57629460 0.14044490 -0.04672261
v 0.57629460 0.14044490 -0.04672261
v 0.57629460 0.14044490 -0.04672261
v 0.57629460 0.14044490 -0.04672261
v 0.57970446 0.14277402 -0.01593534
v 0.57970446 0.14277402 -0.01593534
v 0.57970446 0.14277402 -0.01593534
v 0.57970446 0.14277402 -0.01593534
v 0.57970446 0.14277402 -0.01593534
v 0.57970446 0.14277402 -0.01593534
v 0.57970446 0.14277402 -0.01593534
v 0.54667151 0.11615506 -0.14274684
v 0.54667151 0.11615506 -0.14274684
v 0.54667151 0.11615506 -0.14274684
v 0.54667151 0.11615506 -0.14274684
v 0.54667151 0.11615506 -0.14274684
v 0.57977557 0.14277402 0.00163286
v 0.57977557 0.14277402 0.00163286
v 0.57977557 0.14277402 0.00163286
v 0.56762791 1.60748768 0.00163286
v 0.56762791 1.60748768 0.00163286
v 0.56762791 1.60748768 0.00163286
v 0.57267165 1.59168255 -0.01593534
v 0.57267165 1.59168255 -0.01593534
v 0.57267165 1.59168255 -0.01593534
v 0.57267165 1.59168255 -0.01593534
v 0.57267165 1.59168255 -0.01593534
v 0.57181919 1.58885431 -0.04197291
v 0.57181919 1.58885431 -0.04197291
v 0.57181919 1.58885431 -0.04197291
v 0.57181919 1.58885431 -0.04197291
v 0.57181919 1.58885431 -0.04197291
v 0.57181919 1.58885431 -0.04197291
v 0.56734377 1.60016739 -0.05055672
v 0.56734377 1.60016739 -0.05055672
v 0.56734377 1.60016739 -0.05055672
v 0.54532176 1.63427305 -0.10795380
v 0.54532176 1.63427305 -0.10795380
v 0.54532176 1.63427305 -0.10795380
v 0.54532176 1.63427305 -0.10795380
v 0.54532176 1.63427305 -0.10795380
v 0.55952948 1.60133195 -0.11104397
v 0.55952948 1.60133195 -0.11104397
v 0.55952948 1.60133195 -0.11104397
v 0.55952948 1.60133195 -0.11104397
v 0.55952948 1.60133195 -0.11104397
v 0.55952948 1.60133195 -0.11104397
v 0.55952948 1.60133195 -0.11104397
v 0.55952948 1.60133195 -0.11104397
v 0.57075363 1.58486140 -0.06308907
v 0.57075363 1.58486140 -0.06308907
v 0.57075363 1.58486140 -0.06308907
v 0.57075363 1.58486140 -0.06308907
v 0.57075363 1.58486140 -0.06308907
v 0.57075363 1.58486140 -0.06308907
v 0.57075363 1.58486140 -0.06308907
v 0.57075363 1.58486140 -0.06308907
v 0.53701025 1.64558613 -0.11642316
v 0.53701025 1.64558613 -0.11642316
v 0.53701025 1.64558613 -0.11642316
v 0.53701025 1.64558613 -0.11642316
v 0.53701025 1.64558613 -0.11642316
v 0.46561632 1.76420724 -0.10984223
v 0.46561632 1.76420724 -0.10984223
v 0.46561632 1.76420724 -0.10984223
v 0.46561632 1.76420724 -0.10984223
v 0.46561632 1.76420724 -0.10984223
v -0.01574189 1.76420724 -0.47602761
v -0.01574189 1.76420724 -0.47602761
v -0.01574189 1.76420724 -0.47602761
v -0.01574189 1.76420724 -0.47602761
v -0.01574189 1.63294208 -0.55362529
v -0.01574189 1.63294208 -0.55362529
v -0.01574189 1.63294208 -0.55362529
v -0.01574189 1.63294208 -0.55362529
v -0.01574189 1.63294208 -0.55362529
v -0.01574189 1.60499203 -0.56684434
v -0.01574189 1.60499203 -0.56684434
v -0.01574189 1.60499203 -0.56684434
v -0.01574189 1.60499203 -0.56684434
v -0.01574189 1.60499203 -0.56684434
v -0.01574189 1.60499203 -0.56684434
v -0.04742514 1.58835518 -0.57165128
v -0.04742514 1.58835518 -0.57165128
v -0.04742514 1.58835518 -0.57165128
v -0.04742514 1.58835518 -0.57165128
v -0.04742514 1.58835518 -0.57165128
v -0.04742514 1.58835518 -0.57165128
v -0.13870989 1.59733915 -0.55116457
v -0.13870989 1.59733915 -0.55116457
v -0.13870989 1.59733915 -0.55116457
v -0.04742514 1.56955540 -0.57319635
v -0.04742514 1.56955540 -0.57319635
v -0.04742514 1.56955540 -0.57319635
v -0.04742514 1.56955540 -0.57319635
v -0.04742514 1.56955540 -0.57319635
v -0.04742514 1.56955540 -0.57319635
v -0.06838157 1.56955540 -0.57182294
v -0.06838157 1.56955540 -0.57182294
v -0.06838157 1.56955540 -0.57182294
v -0.06838157 1.56955540 -0.57182294
v -0.06838157 1.56955540 -0.57182294
v -0.06838157 1.56955540 -0.57182294
v -0.08422318 1.56955540 -0.56856114
v -0.08422318 1.56955540 -0.56856114
v -0.08422318 1.56955540 -0.56856114
v -0.08422318 1.56955540 -0.56856114
v -0.08422318 1.56955540 -0.56856114
v -0.11086269 1.56955540 -0.56266689
v -0.11086269 1.56955540 -0.56266689
v -0.11086269 1.56955540 -0.56266689
v -0.11086269 1.56955540 -0.56266689
v -0.11086269 1.56955540 -0.56266689
v -0.11086269 1.56955540 -0.56266689
v -0.13870989 1.56955540 -0.55631489
v -0.13870989 1.56955540 -0.55631489
v -0.13870989 1.56955540 -0.55631489
v -0.13870989 1.56955540 -0.55631489
v -0.13870989 1.22084582 -0.56106454
v -0.13870989 1.22084582 -0.56106454
v -0.13870989 1.22084582 -0.56106454
v -0.13870989 1.22084582 -0.56106454
v -0.13870989 1.22084582 -0.56106454
v -0.11135998 1.22084582 -0.56730217
v -0.11135998 1.22084582 -0.56730217
v -0.11135998 1.22084582 -0.56730217
v -0.11135998 1.22084582 -0.56730217
v -0.09551834 1.22084582 -0.57090735
v -0.09551834 1.22084582 -0.57090735
v -0.09551834 1.22084582 -0.57090735
v -0.09551834 1.22084582 -0.57090735
v -0.09551834 1.22084582 -0.57090735
v -0.09551834 1.22084582 -0.57090735
v -0.09551834 1.22084582 -0.57090735
v -0.09551834 1.22084582 -0.57090735
v -0.07917944 1.18906939 -0.57411200
v -0.07917944 1.18906939 -0.57411200
v -0.07917944 1.18906939 -0.57411200
v -0.07917944 1.18906939 -0.57411200
v -0.07917944 1.18906939 -0.57411200
v 0.04769568 0.20616065 -0.58218074
v 0.04769568 0.20616065 -0.58218074
v 0.04769568 0.20616065 -0.58218074
v 0.04769568 0.20616065 -0.58218074
v 0.04769568 1.18906939 -0.57748830
v 0.04769568 1.18906939 -0.57748830
v 0.04769568 1.18906939 -0.57748830
v 0.04769568 1.18906939 -0.57748830
v 0.04769568 1.18906939 -0.57748830
v 0.04769568 1.18906939 -0.57748830
v -0.04742514 1.22084582 -0.57731658
v -0.04742514 1.22084582 -0.57731658
v -0.04742514 1.22084582 -0.57731658
v -0.04742514 1.22084582 -0.57731658
v -0.04742514 1.22084582 -0.57731658
v -0.04742514 1.22084582 -0.57731658
v -0.01574189 1.34761906 -0.57714492
v -0.01574189 1.34761906 -0.57714492
v -0.01574189 1.34761906 -0.57714492
v -0.01574189 1.34761906 -0.57714492
v -0.01574189 1.34761906 -0.57714492
v -0.01574189 1.34761906 -0.57714492
v -0.01574189 1.34761906 -0.57714492
v 0.01594138 1.34761906 -0.57714492
v 0.01594138 1.34761906 -0.57714492
v 0.01594138 1.34761906 -0.57714492
v 0.01594138 1.34761906 -0.57714492
v 0.01594138 1.34761906 -0.57714492
v 0.01594138 1.34761906 -0.57714492
v 0.01594138 1.34761906 -0.57714492
v 0.04769568 1.22084582 -0.57731658
v 0.04769568 1.22084582 -0.57731658
v 0.04769568 1.22084582 -0.57731658
v 0.04769568 1.22084582 -0.57731658
v 0.04769568 1.22084582 -0.57731658
v 0.04769568 1.22084582 -0.57731658
v 0.07937893 0.20616065 -0.57891887
v 0.07937893 0.20616065 -0.57891887
v 0.07937893 0.20616065 -0.57891887
v 0.07937893 0.20616065 -0.57891887
v 0.07937893 0.20616065 -0.57891887
v 0.07937893 0.20616065 -0.57891887
v 0.07937893 0.20616065 -0.57891887
v 0.07937893 0.17455052 -0.57874721
v 0.07937893 0.17455052 -0.57874721
v 0.07937893 0.17455052 -0.57874721
v 0.07937893 0.17455052 -0.57874721
v 0.07937893 0.17455052 -0.57874721
v 0.07937893 0.17455052 -0.57874721
v 0.07937893 0.14992793 -0.57439810
v 0.07937893 0.14992793 -0.57439810
v 0.07937893 0.14992793 -0.57439810
v 0.07937893 0.14992793 -0.57439810
v 0.07937893 0.14992793 -0.57439810
v 0.16782211 0.12297613 -0.54177958
v 0.16782211 0.12297613 -0.54177958
v 0.16782211 0.12297613 -0.54177958
v 0.16782211 0.12297613 -0.54177958
v 0.16782211 0.12297613 -0.54177958
v 0.16782211 0.12297613 -0.54177958
v 0.10147197 0.15508536 -0.57216632
v 0.10147197 0.15508536 -0.57216632
v 0.10147197 0.15508536 -0.57216632
v 0.10147197 0.15508536 -0.57216632
v 0.10147197 0.15508536 -0.57216632
v 0.10147197 0.15508536 -0.57216632
v 0.10147197 0.15508536 -0.57216632
v 0.10147197 0.15508536 -0.57216632
v 0.10147197 0.15508536 -0.57216632
v 0.10147197 0.15508536 -0.57216632
v 0.10147197 0.15508536 -0.57216632
v 0.11170154 0.14377232 -0.56507033
v 0.11170154 0.14377232 -0.56507033
v 0.11170154 0.14377232 -0.56507033
v 0.14281650 0.14277402 -0.55751657
v 0.14281650 0.14277402 -0.55751657
v 0.14281650 0.14277402 -0.55751657
v 0.14281650 0.14277402 -0.55751657
v 0.14281650 0.14277402 -0.55751657
v 0.14281650 0.14277402 -0.55751657
v 0.14281650 0.10251279 -0.53382528
v 0.14281650 0.10251279 -0.53382528
v 0.14281650 0.10251279 -0.53382528
v 0.14281650 0.10251279 -0.53382528
v 0.14281650 0.10251279 -0.53382528
v 0.14281650 0.10251279 -0.53382528
v 0.17449975 0.08753949 -0.51368195
v 0.17449975 0.08753949 -0.51368195
v 0.17449975 0.08753949 -0.51368195
v 0.17449975 0.08753949 -0.51368195
v 0.17449975 0.08753949 -0.51368195
v 0.17449975 0.08753949 -0.51368195
v 0.17449975 0.07173448 -0.49823111
v 0.17449975 0.07173448 -0.49823111
v 0.17449975 0.07173448 -0.49823111
v 0.17449975 0.07173448 -0.49823111
v 0.17449975 0.07173448 -0.49823111
v 0.17449975 0.07173448 -0.49823111
v 0.17449975 0.07173448 -0.49823111
v 0.15276191 0.06458056 -0.49645710
v 0.15276191 0.06458056 -0.49645710
v 0.15276191 0.06458056 -0.49645710
v 0.15276191 0.06458056 -0.49645710
v 0.14281650 0.06458056 -0.49931836
v 0.14281650 0.06458056 -0.49931836
v 0.14281650 0.06458056 -0.49931836
v 0.12029722 0.06458056 -0.50521260
v 0.12029722 0.06458056 -0.50521260
v 0.12029722 0.06458056 -0.50521260
v 0.12029722 0.06458056 -0.50521260
v 0.50603735 0.06458056 -0.13319020
v 0.50603735 0.06458056 -0.13319020
v 0.50603735 0.06458056 -0.13319020
v 0.50603735 0.06458056 -0.13319020
v 0.51946366 0.08188297 -0.14274684
v 0.51946366 0.08188297 -0.14274684
v 0.51946366 0.08188297 -0.14274684
v 0.51946366 0.08188297 -0.14274684
v 0.51946366 0.08188297 -0.14274684
v 0.53530532 0.10034993 -0.14274684
v 0.53530532 0.10034993 -0.14274684
v 0.53530532 0.10034993 -0.14274684
v 0.53530532 0.10034993 -0.14274684
v 0.53530532 0.10034993 -0.14274684
v 0.53530532 0.10034993 -0.14274684
v 0.51449096 0.08670767 -0.17444973
v 0.51449096 0.08670767 -0.17444973
v 0.51449096 0.08670767 -0.17444973
v 0.51449096 0.08670767 -0.17444973
v 0.51449096 0.08670767 -0.17444973
v 0.51449096 0.08670767 -0.17444973
v 0.56279725 0.14477050 -0.14131621
v 0.56279725 0.14477050 -0.14131621
v 0.56279725 0.14477050 -0.14131621
v 0.56279725 0.14477050 -0.14131621
v 0.56279725 0.14477050 -0.14131621
v 0.57160610 0.15658264 -0.12981391
v 0.57160610 0.15658264 -0.12981391
v 0.57160610 0.15658264 -0.12981391
v 0.57160610 0.15658264 -0.12981391
v 0.57160610 0.15658264 -0.12981391
v 0.57160610 0.15658264 -0.12981391
v 0.57160610 0.15658264 -0.12981391
v 0.57160610 0.15658264 -0.12981391
v 0.57160610 0.15658264 -0.12981391
v 0.57160610 0.15658264 -0.12981391
v 0.54176986 0.12314250 -0.17444973
v 0.54176986 0.12314250 -0.17444973
v 0.54176986 0.12314250 -0.17444973
v 0.54176986 0.12314250 -0.17444973
v 0.54176986 0.12314250 -0.17444973
v 0.54176986 0.12314250 -0.17444973
v 0.58126736 0.17455052 -0.07934110
v 0.58126736 0.17455052 -0.07934110
v 0.58126736 0.17455052 -0.07934110
v 0.58126736 0.17455052 -0.07934110
v 0.58126736 0.17455052 -0.07934110
v 0.58126736 0.17455052 -0.07934110
v 0.58126736 0.17455052 -0.07934110
v 0.58439308 0.17455052 -0.04763822
v 0.58439308 0.17455052 -0.04763822
v 0.58439308 0.17455052 -0.04763822
v 0.58439308 0.17455052 -0.04763822
v 0.58695048 0.17455052 -0.01593534
v 0.58695048 0.17455052 -0.01593534
v 0.58695048 0.17455052 -0.01593534
v 0.58695048 0.17455052 -0.01593534
v 0.58695048 0.17455052 -0.01593534
v 0.58695048 0.17455052 -0.01593534
v 0.58702147 0.17455052 0.00163286
v 0.58702147 0.17455052 0.00163286
v 0.58702147 0.17455052 0.00163286
v 0.58702147 0.17455052 0.00163286
v 0.57267165 1.59168255 0.00163286
v 0.57267165 1.59168255 0.00163286
v 0.57267165 1.59168255 0.00163286
v 0.57430553 1.57937133 0.00163286
v 0.57430553 1.57937133 0.00163286
v 0.57430553 1.57937133 0.00163286
v 0.57430553 1.57937133 0.00163286
v 0.57558423 1.56955540 -0.01593534
v 0.57558423 1.56955540 -0.01593534
v 0.57558423 1.56955540 -0.01593534
v 0.57558423 1.56955540 -0.01593534
v 0.57558423 1.56955540 -0.01593534
v 0.57558423 1.56955540 -0.01593534
v 0.57558423 1.56955540 -0.01593534
v 0.57558423 1.56955540 -0.01593534
v 0.57558423 1.56955540 -0.01593534
v 0.54311961 1.62412453 -0.14274684
v 0.54311961 1.62412453 -0.14274684
v 0.54311961 1.62412453 -0.14274684
v 0.54311961 1.62412453 -0.14274684
v 0.54311961 1.62412453 -0.14274684
v 0.54311961 1.62412453 -0.14274684
v 0.54311961 1.62412453 -0.14274684
v 0.56542569 1.56955540 -0.11104397
v 0.56542569 1.56955540 -0.11104397
v 0.56542569 1.56955540 -0.11104397
v 0.56542569 1.56955540 -0.11104397
v 0.56542569 1.56955540 -0.11104397
v 0.56542569 1.56955540 -0.11104397
v 0.56542569 1.56955540 -0.11104397
v 0.55796665 1.56955540 -0.14274684
v 0.55796665 1.56955540 -0.14274684
v 0.55796665 1.56955540 -0.14274684
v 0.55796665 1.56955540 -0.14274684
v 0.55796665 1.56955540 -0.14274684
v 0.55796665 1.56955540 -0.14274684
v 0.55199945 1.60133195 -0.14274684
v 0.55199945 1.60133195 -0.14274684
v 0.55199945 1.60133195 -0.14274684
v 0.55199945 1.60133195 -0.14274684
v 0.55199945 1.60133195 -0.14274684
v 0.55199945 1.60133195 -0.14274684
v 0.55199945 1.60133195 -0.14274684
v 0.57288474 1.57238376 -0.05055672
v 0.57288474 1.57238376 -0.05055672
v 0.57288474 1.57238376 -0.05055672
v 0.57288474 1.57238376 -0.05055672
v 0.57153499 1.56373250 -0.06955555
v 0.57153499 1.56373250 -0.06955555
v 0.57153499 1.56373250 -0.06955555
v 0.57153499 1.56373250 -0.06955555
v 0.57153499 1.56373250 -0.06955555
v 0.57153499 1.56373250 -0.06955555
v 0.56975907 1.57238376 -0.07979890
v 0.56975907 1.57238376 -0.07979890
v 0.56975907 1.57238376 -0.07979890
v 0.56975907 1.57238376 -0.07979890
v 0.53360039 1.63992965 -0.14274684
v 0.53360039 1.63992965 -0.14274684
v 0.53360039 1.63992965 -0.14274684
v 0.53360039 1.63992965 -0.14274684
v 0.53360039 1.63992965 -0.14274684
v 0.53360039 1.63992965 -0.14274684
v 0.45595509 1.76420724 -0.14263240
v 0.45595509 1.76420724 -0.14263240
v 0.45595509 1.76420724 -0.14263240
v 0.45595509 1.76420724 -0.14263240
v 0.01594138 1.76420724 -0.47602761
v 0.01594138 1.76420724 -0.47602761
v 0.01594138 1.76420724 -0.47602761
v 0.01594138 1.76420724 -0.47602761
v 0.01594138 1.63294208 -0.55362529
v 0.01594138 1.63294208 -0.55362529
v 0.01594138 1.63294208 -0.55362529
v 0.01594138 1.63294208 -0.55362529
v 0.01594138 1.63294208 -0.55362529
v 0.01594138 1.60499203 -0.56684434
v 0.01594138 1.60499203 -0.56684434
v 0.01594138 1.60499203 -0.56684434
v 0.01594138 1.60499203 -0.56684434
v 0.01594138 1.60499203 -0.56684434
v 0.01594138 1.60499203 -0.56684434
v -0.01574189 1.58918703 -0.57188022
v -0.01574189 1.58918703 -0.57188022
v -0.01574189 1.58918703 -0.57188022
v -0.01574189 1.58918703 -0.57188022
v -0.01574189 1.56955540 -0.57365417
v -0.01574189 1.56955540 -0.57365417
v -0.01574189 1.56955540 -0.57365417
v -0.01574189 1.56955540 -0.57365417
v -0.01574189 1.56955540 -0.57365417
v -0.01574189 1.53794539 -0.57451254
v -0.01574189 1.53794539 -0.57451254
v -0.01574189 1.53794539 -0.57451254
v -0.01574189 1.53794539 -0.57451254
v -0.01574189 1.53794539 -0.57451254
v -0.04742514 1.53794539 -0.57399750
v -0.04742514 1.53794539 -0.57399750
v -0.04742514 1.53794539 -0.57399750
v -0.04742514 1.53794539 -0.57399750
v -0.04742514 1.53794539 -0.57399750
v -0.04742514 1.53794539 -0.57399750
v -0.04742514 1.53794539 -0.57399750
v -0.07044168 1.53794539 -0.57216632
v -0.07044168 1.53794539 -0.57216632
v -0.07044168 1.53794539 -0.57216632
v -0.07044168 1.53794539 -0.57216632
v -0.07044168 1.53794539 -0.57216632
v -0.07044168 1.53794539 -0.57216632
v -0.07044168 1.53794539 -0.57216632
v -0.08628332 1.53794539 -0.56907612
v -0.08628332 1.53794539 -0.56907612
v -0.08628332 1.53794539 -0.56907612
v -0.08628332 1.53794539 -0.56907612
v -0.08628332 1.53794539 -0.56907612
v -0.11086269 1.53794539 -0.56386858
v -0.11086269 1.53794539 -0.56386858
v -0.11086269 1.53794539 -0.56386858
v -0.11086269 1.53794539 -0.56386858
v -0.11086269 1.53794539 -0.56386858
v -0.11086269 1.53794539 -0.56386858
v -0.11086269 1.53794539 -0.56386858
v -0.11086269 1.53794539 -0.56386858
v -0.13870989 1.56572902 -0.55648649
v -0.13870989 1.56572902 -0.55648649
v -0.13870989 1.56572902 -0.55648649
v -0.13870989 1.53794539 -0.55757385
v -0.13870989 1.53794539 -0.55757385
v -0.13870989 1.53794539 -0.55757385
v -0.13870989 1.53794539 -0.55757385
v -0.13870989 1.24846315 -0.56077844
v -0.13870989 1.24846315 -0.56077844
v -0.13870989 1.24846315 -0.56077844
v -0.10780805 1.25045955 -0.56781715
v -0.10780805 1.25045955 -0.56781715
v -0.10780805 1.25045955 -0.56781715
v -0.10780805 1.25045955 -0.56781715
v -0.10780805 1.25045955 -0.56781715
v -0.10780805 1.25045955 -0.56781715
v -0.10780805 1.25045955 -0.56781715
v -0.10780805 1.25045955 -0.56781715
v -0.09516315 1.23864734 -0.57079285
v -0.09516315 1.23864734 -0.57079285
v -0.09516315 1.23864734 -0.57079285
v -0.09516315 1.23864734 -0.57079285
v -0.09516315 1.23864734 -0.57079285
v -0.07520128 1.37939560 -0.57302469
v -0.07520128 1.37939560 -0.57302469
v -0.07520128 1.37939560 -0.57302469
v -0.07520128 1.37939560 -0.57302469
v -0.07520128 1.37939560 -0.57302469
v -0.07520128 1.37939560 -0.57302469
v -0.07917944 1.22084582 -0.57388306
v -0.07917944 1.22084582 -0.57388306
v -0.07917944 1.22084582 -0.57388306
v -0.07917944 1.22084582 -0.57388306
v 0.07937893 1.18906939 -0.57411200
v 0.07937893 1.18906939 -0.57411200
v 0.07937893 1.18906939 -0.57411200
v 0.07937893 1.18906939 -0.57411200
v 0.07937893 1.18906939 -0.57411200
v 0.07937893 1.18906939 -0.57411200
v -0.04742514 1.34761906 -0.57628655
v -0.04742514 1.34761906 -0.57628655
v -0.04742514 1.34761906 -0.57628655
v -0.04742514 1.34761906 -0.57628655
v -0.04742514 1.34761906 -0.57628655
v -0.04742514 1.34761906 -0.57628655
v -0.04742514 1.37939560 -0.57594317
v -0.04742514 1.37939560 -0.57594317
v -0.04742514 1.37939560 -0.57594317
v -0.04742514 1.37939560 -0.57594317
v -0.01574189 1.37939560 -0.57674438
v -0.01574189 1.37939560 -0.57674438
v -0.01574189 1.37939560 -0.57674438
v -0.01574189 1.37939560 -0.57674438
v 0.01594138 1.37939560 -0.57674438
v 0.01594138 1.37939560 -0.57674438
v 0.01594138 1.37939560 -0.57674438
v 0.01594138 1.37939560 -0.57674438
v 0.04769568 1.53794539 -0.57399750
v 0.04769568 1.53794539 -0.57399750
v 0.04769568 1.53794539 -0.57399750
v 0.04769568 1.53794539 -0.57399750
v 0.04769568 1.53794539 -0.57399750
v 0.04769568 1.53794539 -0.57399750
v 0.04769568 1.53794539 -0.57399750
v 0.04769568 1.37939560 -0.57594317
v 0.04769568 1.37939560 -0.57594317
v 0.04769568 1.37939560 -0.57594317
v 0.04769568 1.37939560 -0.57594317
v 0.04769568 1.34761906 -0.57628655
v 0.04769568 1.34761906 -0.57628655
v 0.04769568 1.34761906 -0.57628655
v 0.04769568 1.34761906 -0.57628655
v 0.04769568 1.34761906 -0.57628655
v 0.07532972 1.37939560 -0.57302469
v 0.07532972 1.37939560 -0.57302469
v 0.07532972 1.37939560 -0.57302469
v 0.07532972 1.37939560 -0.57302469
v 0.07532972 1.37939560 -0.57302469
v 0.07532972 1.37939560 -0.57302469
v 0.07532972 1.37939560 -0.57302469
v 0.07532972 1.37939560 -0.57302469
v 0.10687090 0.20616065 -0.57348251
v 0.10687090 0.20616065 -0.57348251
v 0.10687090 0.20616065 -0.57348251
v 0.10687090 0.20616065 -0.57348251
v 0.10687090 0.20616065 -0.57348251
v 0.10687090 0.20616065 -0.57348251
v 0.10687090 0.20616065 -0.57348251
v 0.10687090 0.20616065 -0.57348251
v 0.09578887 1.21535563 -0.57090735
v 0.09578887 1.21535563 -0.57090735
v 0.09578887 1.21535563 -0.57090735
v 0.09578887 1.21535563 -0.57090735
v 0.09578887 1.21535563 -0.57090735
v 0.09578887 1.21535563 -0.57090735
v 0.09578887 1.21535563 -0.57090735
v 0.09578887 1.21535563 -0.57090735
v 0.09578887 1.21535563 -0.57090735
v 0.09578887 1.21535563 -0.57090735
v 0.10630260 0.17455052 -0.57331079
v 0.10630260 0.17455052 -0.57331079
v 0.10630260 0.17455052 -0.57331079
v 0.10630260 0.17455052 -0.57331079
v 0.18899164 0.12780082 -0.53863221
v 0.18899164 0.12780082 -0.53863221
v 0.18899164 0.12780082 -0.53863221
v 0.18899164 0.12780082 -0.53863221
v 0.18899164 0.12780082 -0.53863221
v 0.18899164 0.12780082 -0.53863221
v 0.18899164 0.12780082 -0.53863221
v 0.18899164 0.12780082 -0.53863221
v 0.18899164 0.12780082 -0.53863221
v 0.18899164 0.12780082 -0.53863221
v 0.17684403 0.11182945 -0.53119290
v 0.17684403 0.11182945 -0.53119290
v 0.17684403 0.11182945 -0.53119290
v 0.17684403 0.11182945 -0.53119290
v 0.17684403 0.11182945 -0.53119290
v 0.20078407 0.14892974 -0.54321027
v 0.20078407 0.14892974 -0.54321027
v 0.20078407 0.14892974 -0.54321027
v 0.20078407 0.14892974 -0.54321027
v 0.20078407 0.14892974 -0.54321027
v 0.20078407 0.14892974 -0.54321027
v 0.17684403 0.14011218 -0.54750210
v 0.17684403 0.14011218 -0.54750210
v 0.17684403 0.14011218 -0.54750210
v 0.17684403 0.14011218 -0.54750210
v 0.12214423 0.17455052 -0.56970567
v 0.12214423 0.17455052 -0.56970567
v 0.12214423 0.17455052 -0.56970567
v 0.12214423 0.17455052 -0.56970567
v 0.14281650 0.17455052 -0.56495589
v 0.14281650 0.17455052 -0.56495589
v 0.14281650 0.17455052 -0.56495589
v 0.14281650 0.17455052 -0.56495589
v 0.14281650 0.17455052 -0.56495589
v 0.14281650 0.17455052 -0.56495589
v 0.17449975 0.17455052 -0.55677271
v 0.17449975 0.17455052 -0.55677271
v 0.17449975 0.17455052 -0.55677271
v 0.17449975 0.17455052 -0.55677271
v 0.17449975 0.17455052 -0.55677271
v 0.17449975 0.17455052 -0.55677271
v 0.17449975 0.17455052 -0.55677271
v 0.17449975 0.17455052 -0.55677271
v 0.19609553 0.09186509 -0.50996226
v 0.19609553 0.09186509 -0.50996226
v 0.19609553 0.09186509 -0.50996226
v 0.19609553 0.09186509 -0.50996226
v 0.19609553 0.09186509 -0.50996226
v 0.19609553 0.09186509 -0.50996226
v 0.19609553 0.09186509 -0.50996226
v 0.19609553 0.09186509 -0.50996226
v 0.19609553 0.09186509 -0.50996226
v 0.21740712 0.06524602 -0.47345248
v 0.21740712 0.06524602 -0.47345248
v 0.21740712 0.06524602 -0.47345248
v 0.21740712 0.06524602 -0.47345248
v 0.21740712 0.06524602 -0.47345248
v 0.21740712 0.06524602 -0.47345248
v 0.21740712 0.06524602 -0.47345248
v 0.18991515 0.06458056 -0.48415366
v 0.18991515 0.06458056 -0.48415366
v 0.18991515 0.06458056 -0.48415366
v 0.18991515 0.06458056 -0.48415366
v 0.17449975 0.06458056 -0.48947558
v 0.17449975 0.06458056 -0.48947558
v 0.17449975 0.06458056 -0.48947558
v 0.50262749 0.06458056 -0.14274684
v 0.50262749 0.06458056 -0.14274684
v 0.50262749 0.06458056 -0.14274684
v 0.50447452 0.06591148 -0.14274684
v 0.50447452 0.06591148 -0.14274684
v 0.50447452 0.06591148 -0.14274684
v 0.50447452 0.06591148 -0.14274684
v 0.50447452 0.06591148 -0.14274684
v 0.50447452 0.06591148 -0.14274684
v 0.50447452 0.06591148 -0.14274684
v 0.51044178 0.09136600 -0.19808382
v 0.51044178 0.09136600 -0.19808382
v 0.51044178 0.09136600 -0.19808382
v 0.51044178 0.09136600 -0.19808382
v 0.51044178 0.09136600 -0.19808382
v 0.51044178 0.09136600 -0.19808382
v 0.51044178 0.09136600 -0.19808382
v 0.51044178 0.09136600 -0.19808382
v 0.53033262 0.10733748 -0.17444973
v 0.53033262 0.10733748 -0.17444973
v 0.53033262 0.10733748 -0.17444973
v 0.53033262 0.10733748 -0.17444973
v 0.49914664 0.07090265 -0.17444973
v 0.49914664 0.07090265 -0.17444973
v 0.49914664 0.07090265 -0.17444973
v 0.49914664 0.07090265 -0.17444973
v 0.53921247 0.12680264 -0.19064450
v 0.53921247 0.12680264 -0.19064450
v 0.53921247 0.12680264 -0.19064450
v 0.53921247 0.12680264 -0.19064450
v 0.53921247 0.12680264 -0.19064450
v 0.53921247 0.12680264 -0.19064450
v 0.53921247 0.12680264 -0.19064450
v 0.53921247 0.12680264 -0.19064450
v 0.53921247 0.12680264 -0.19064450
v 0.55157316 0.14277402 -0.17444973
v 0.55157316 0.14277402 -0.17444973
v 0.55157316 0.14277402 -0.17444973
v 0.55157316 0.14277402 -0.17444973
v 0.55157316 0.14277402 -0.17444973
v 0.55924529 0.17455052 -0.17444973
v 0.55924529 0.17455052 -0.17444973
v 0.55924529 0.17455052 -0.17444973
v 0.55924529 0.17455052 -0.17444973
v 0.55924529 0.17455052 -0.17444973
v 0.55924529 0.17455052 -0.17444973
v 0.56762791 0.17455052 -0.14766823
v 0.56762791 0.17455052 -0.14766823
v 0.56762791 0.17455052 -0.14766823
v 0.56762791 0.17455052 -0.14766823
v 0.56762791 0.17455052 -0.14766823
v 0.57224542 0.17455052 -0.13181679
v 0.57224542 0.17455052 -0.13181679
v 0.57224542 0.17455052 -0.13181679
v 0.57224542 0.17455052 -0.13181679
v 0.57224542 0.17455052 -0.13181679
v 0.57657880 0.17455052 -0.11104397
v 0.57657880 0.17455052 -0.11104397
v 0.57657880 0.17455052 -0.11104397
v 0.57657880 0.17455052 -0.11104397
v 0.57657880 0.17455052 -0.11104397
v 0.54013592 0.15608355 -0.22446473
v 0.54013592 0.15608355 -0.22446473
v 0.54013592 0.15608355 -0.22446473
v 0.54013592 0.15608355 -0.22446473
v 0.54013592 0.15608355 -0.22446473
v 0.54013592 0.15608355 -0.22446473
v 0.54013592 0.15608355 -0.22446473
v 0.54013592 0.15608355 -0.22446473
v 0.54013592 0.15608355 -0.22446473
v 0.54013592 0.15608355 -0.22446473
v 0.54013592 0.15608355 -0.22446473
v 0.57217437 1.22084582 -0.10274629
v 0.57217437 1.22084582 -0.10274629
v 0.57217437 1.22084582 -0.10274629
v 0.57217437 1.22084582 -0.10274629
v 0.57217437 1.22084582 -0.10274629
v 0.57217437 1.22084582 -0.10274629
v 0.57515800 1.22084582 -0.07934110
v 0.57515800 1.22084582 -0.07934110
v 0.57515800 1.22084582 -0.07934110
v 0.57515800 1.22084582 -0.07934110
v 0.57515800 1.22084582 -0.07934110
v 0.57515800 1.22084582 -0.07934110
v 0.57515800 1.22084582 -0.07934110
v 0.57828373 1.22084582 -0.04763822
v 0.57828373 1.22084582 -0.04763822
v 0.57828373 1.22084582 -0.04763822
v 0.57828373 1.22084582 -0.04763822
v 0.57828373 1.22084582 -0.04763822
v 0.58048594 1.22084582 -0.01593534
v 0.58048594 1.22084582 -0.01593534
v 0.58048594 1.22084582 -0.01593534
v 0.58048594 1.22084582 -0.01593534
v 0.58048594 1.22084582 -0.01593534
v 0.58048594 1.22084582 -0.01593534
v 0.58048594 1.22084582 -0.01593534
v 0.58048594 1.22084582 0.00163286
v 0.58048594 1.22084582 0.00163286
v 0.58048594 1.22084582 0.00163286
v 0.57558423 1.56955540 0.00163286
v 0.57558423 1.56955540 0.00163286
v 0.57558423 1.56955540 0.00163286
v 0.57629460 1.55208671 0.00163286
v 0.57629460 1.55208671 0.00163286
v 0.57629460 1.55208671 0.00163286
v 0.57629460 1.55208671 0.00163286
v 0.57686293 1.53794539 -0.01593534
v 0.57686293 1.53794539 -0.01593534
v 0.57686293 1.53794539 -0.01593534
v 0.57686293 1.53794539 -0.01593534
v 0.57686293 1.53794539 -0.01593534
v 0.57686293 1.53794539 -0.01593534
v 0.57466078 1.53794539 -0.04763822
v 0.57466078 1.53794539 -0.04763822
v 0.57466078 1.53794539 -0.04763822
v 0.57466078 1.53794539 -0.04763822
v 0.57466078 1.53794539 -0.04763822
v 0.57466078 1.53794539 -0.04763822
v 0.57466078 1.53794539 -0.04763822
v 0.57466078 1.53794539 -0.04763822
v 0.52933806 1.63094568 -0.17324799
v 0.52933806 1.63094568 -0.17324799
v 0.52933806 1.63094568 -0.17324799
v 0.52933806 1.63094568 -0.17324799
v 0.52933806 1.63094568 -0.17324799
v 0.54013592 1.61896706 -0.16186012
v 0.54013592 1.61896706 -0.16186012
v 0.54013592 1.61896706 -0.16186012
v 0.54013592 1.61896706 -0.16186012
v 0.54013592 1.61896706 -0.16186012
v 0.54013592 1.61896706 -0.16186012
v 0.57018530 1.53794539 -0.08935554
v 0.57018530 1.53794539 -0.08935554
v 0.57018530 1.53794539 -0.08935554
v 0.57018530 1.53794539 -0.08935554
v 0.57018530 1.53794539 -0.08935554
v 0.57018530 1.53794539 -0.08935554
v 0.57018530 1.53794539 -0.08935554
v 0.56670439 1.53794539 -0.11104397
v 0.56670439 1.53794539 -0.11104397
v 0.56670439 1.53794539 -0.11104397
v 0.56670439 1.53794539 -0.11104397
v 0.56670439 1.53794539 -0.11104397
v 0.56670439 1.53794539 -0.11104397
v 0.56670439 1.53794539 -0.11104397
v 0.55924529 1.53794539 -0.14274684
v 0.55924529 1.53794539 -0.14274684
v 0.55924529 1.53794539 -0.14274684
v 0.55924529 1.53794539 -0.14274684
v 0.55924529 1.53794539 -0.14274684
v 0.55924529 1.53794539 -0.14274684
v 0.54823440 1.56955540 -0.17444973
v 0.54823440 1.56955540 -0.17444973
v 0.54823440 1.56955540 -0.17444973
v 0.54823440 1.56955540 -0.17444973
v 0.54013592 1.58885431 -0.19356301
v 0.54013592 1.58885431 -0.19356301
v 0.54013592 1.58885431 -0.19356301
v 0.54013592 1.58885431 -0.19356301
v 0.54013592 1.58885431 -0.19356301
v 0.54013592 1.58885431 -0.19356301
v 0.54013592 1.58885431 -0.19356301
v 0.54013592 1.58885431 -0.19356301
v 0.54013592 1.58885431 -0.19356301
v 0.54290646 1.60016739 -0.17324799
v 0.54290646 1.60016739 -0.17324799
v 0.54290646 1.60016739 -0.17324799
v 0.53672606 1.60998309 -0.18297631
v 0.53672606 1.60998309 -0.18297631
v 0.53672606 1.60998309 -0.18297631
v 0.53672606 1.60998309 -0.18297631
v 0.53672606 1.60998309 -0.18297631
v 0.53672606 1.60998309 -0.18297631
v 0.57196128 1.53794539 -0.07350411
v 0.57196128 1.53794539 -0.07350411
v 0.57196128 1.53794539 -0.07350411
v 0.57196128 1.53794539 -0.07350411
v 0.50930512 1.65174186 -0.19539422
v 0.50930512 1.65174186 -0.19539422
v 0.50930512 1.65174186 -0.19539422
v 0.50930512 1.65174186 -0.19539422
v 0.50930512 1.65174186 -0.19539422
v 0.50930512 1.65174186 -0.19539422
v 0.44629380 1.76420724 -0.17187458
v 0.44629380 1.76420724 -0.17187458
v 0.44629380 1.76420724 -0.17187458
v 0.44629380 1.76420724 -0.17187458
v 0.02709445 1.76420724 -0.47562703
v 0.02709445 1.76420724 -0.47562703
v 0.02709445 1.76420724 -0.47562703
v 0.04769568 1.65274000 -0.54155076
v 0.04769568 1.65274000 -0.54155076
v 0.04769568 1.65274000 -0.54155076
v 0.04769568 1.65274000 -0.54155076
v 0.04769568 1.65274000 -0.54155076
v 0.04769568 1.65274000 -0.54155076
v 0.04769568 1.63294208 -0.55311024
v 0.04769568 1.63294208 -0.55311024
v 0.04769568 1.63294208 -0.55311024
v 0.04769568 1.63294208 -0.55311024
v 0.04769568 1.63294208 -0.55311024
v 0.04769568 1.63294208 -0.55311024
v 0.04769568 1.60416019 -0.56650102
v 0.04769568 1.60416019 -0.56650102
v 0.04769568 1.60416019 -0.56650102
v 0.04769568 1.60416019 -0.56650102
v 0.04769568 1.60416019 -0.56650102
v 0.04769568 1.60416019 -0.56650102
v 0.04769568 1.58835518 -0.57165128
v 0.04769568 1.58835518 -0.57165128
v 0.04769568 1.58835518 -0.57165128
v 0.04769568 1.58835518 -0.57165128
v 0.04769568 1.58835518 -0.57165128
v 0.04769568 1.58835518 -0.57165128
v 0.01594138 1.58918703 -0.57188022
v 0.01594138 1.58918703 -0.57188022
v 0.01594138 1.58918703 -0.57188022
v 0.01594138 1.58918703 -0.57188022
v 0.01594138 1.56955540 -0.57365417
v 0.01594138 1.56955540 -0.57365417
v 0.01594138 1.56955540 -0.57365417
v 0.01594138 1.56955540 -0.57365417
v 0.01594138 1.56955540 -0.57365417
v 0.01594138 1.53794539 -0.57451254
v 0.01594138 1.53794539 -0.57451254
v 0.01594138 1.53794539 -0.57451254
v 0.01594138 1.53794539 -0.57451254
v 0.01594138 1.53794539 -0.57451254
v -0.07427777 1.41100574 -0.57285297
v -0.07427777 1.41100574 -0.57285297
v -0.07427777 1.41100574 -0.57285297
v -0.07427777 1.41100574 -0.57285297
v -0.09011941 1.41100574 -0.56987727
v -0.09011941 1.41100574 -0.56987727
v -0.09011941 1.41100574 -0.56987727
v -0.09011941 1.41100574 -0.56987727
v -0.09011941 1.41100574 -0.56987727
v -0.09104290 1.37939560 -0.57004893
v -0.09104290 1.37939560 -0.57004893
v -0.09104290 1.37939560 -0.57004893
v -0.09104290 1.37939560 -0.57004893
v -0.09104290 1.37939560 -0.57004893
v -0.11086269 1.41100574 -0.56535649
v -0.11086269 1.41100574 -0.56535649
v -0.11086269 1.41100574 -0.56535649
v -0.11086269 1.41100574 -0.56535649
v -0.11086269 1.41100574 -0.56535649
v -0.11086269 1.41100574 -0.56535649
v -0.13870989 1.50616896 -0.55797440
v -0.13870989 1.50616896 -0.55797440
v -0.13870989 1.50616896 -0.55797440
v -0.13870989 1.50616896 -0.55797440
v -0.13870989 1.40717924 -0.55906171
v -0.13870989 1.40717924 -0.55906171
v -0.13870989 1.40717924 -0.55906171
v -0.13870989 1.47056592 -0.55837500
v -0.13870989 1.47056592 -0.55837500
v -0.13870989 1.47056592 -0.55837500
v -0.13870989 1.47056592 -0.55837500
v 0.08257567 1.22384048 -0.57325357
v 0.08257567 1.22384048 -0.57325357
v 0.08257567 1.22384048 -0.57325357
v 0.04769568 1.56955540 -0.57319635
v 0.04769568 1.56955540 -0.57319635
v 0.04769568 1.56955540 -0.57319635
v 0.04769568 1.56955540 -0.57319635
v 0.04769568 1.56955540 -0.57319635
v 0.04769568 1.56955540 -0.57319635
v 0.06865209 1.56955540 -0.57182294
v 0.06865209 1.56955540 -0.57182294
v 0.06865209 1.56955540 -0.57182294
v 0.06865209 1.56955540 -0.57182294
v 0.06865209 1.56955540 -0.57182294
v 0.06865209 1.56955540 -0.57182294
v 0.07071222 1.53794539 -0.57216632
v 0.07071222 1.53794539 -0.57216632
v 0.07071222 1.53794539 -0.57216632
v 0.07071222 1.53794539 -0.57216632
v 0.07071222 1.53794539 -0.57216632
v 0.07071222 1.53794539 -0.57216632
v 0.07071222 1.53794539 -0.57216632
v 0.07071222 1.53794539 -0.57216632
v 0.08932436 1.44278228 -0.56970567
v 0.08932436 1.44278228 -0.56970567
v 0.08932436 1.44278228 -0.56970567
v 0.08932436 1.44278228 -0.56970567
v 0.08932436 1.44278228 -0.56970567
v 0.09522057 1.23648453 -0.57079285
v 0.09522057 1.23648453 -0.57079285
v 0.09522057 1.23648453 -0.57079285
v 0.09522057 1.23648453 -0.57079285
v 0.12278358 0.20616065 -0.56982011
v 0.12278358 0.20616065 -0.56982011
v 0.12278358 0.20616065 -0.56982011
v 0.12278358 0.20616065 -0.56982011
v 0.14281650 1.22084582 -0.56020617
v 0.14281650 1.22084582 -0.56020617
v 0.14281650 1.22084582 -0.56020617
v 0.14281650 1.22084582 -0.56020617
v 0.14281650 1.22084582 -0.56020617
v 0.14281650 1.22084582 -0.56020617
v 0.14281650 1.22084582 -0.56020617
v 0.14281650 1.22084582 -0.56020617
v 0.14281650 1.22084582 -0.56020617
v 0.11113323 1.47439241 -0.56466979
v 0.11113323 1.47439241 -0.56466979
v 0.11113323 1.47439241 -0.56466979
v 0.11113323 1.47439241 -0.56466979
v 0.11113323 1.47439241 -0.56466979
v 0.11113323 1.47439241 -0.56466979
v 0.11113323 1.47439241 -0.56466979
v 0.11113323 1.47439241 -0.56466979
v 0.11113323 1.47439241 -0.56466979
v 0.11113323 1.44278228 -0.56501311
v 0.11113323 1.44278228 -0.56501311
v 0.11113323 1.44278228 -0.56501311
v 0.11113323 1.44278228 -0.56501311
v 0.10829169 1.22384048 -0.56798881
v 0.10829169 1.22384048 -0.56798881
v 0.10829169 1.22384048 -0.56798881
v 0.25491557 0.12613718 -0.50795943
v 0.25491557 0.12613718 -0.50795943
v 0.25491557 0.12613718 -0.50795943
v 0.25491557 0.12613718 -0.50795943
v 0.25491557 0.12613718 -0.50795943
v 0.25491557 0.12613718 -0.50795943
v 0.25491557 0.12613718 -0.50795943
v 0.23786627 0.12064702 -0.51202238
v 0.23786627 0.12064702 -0.51202238
v 0.23786627 0.12064702 -0.51202238
v 0.23786627 0.12064702 -0.51202238
v 0.23786627 0.12064702 -0.51202238
v 0.20646717 0.10966659 -0.51837444
v 0.20646717 0.10966659 -0.51837444
v 0.20646717 0.10966659 -0.51837444
v 0.20646717 0.10966659 -0.51837444
v 0.20930870 0.14011218 -0.53582817
v 0.20930870 0.14011218 -0.53582817
v 0.20930870 0.14011218 -0.53582817
v 0.20930870 0.14011218 -0.53582817
v 0.20930870 0.14011218 -0.53582817
v 0.22188255 0.16024278 -0.53903282
v 0.22188255 0.16024278 -0.53903282
v 0.22188255 0.16024278 -0.53903282
v 0.22188255 0.16024278 -0.53903282
v 0.22188255 0.16024278 -0.53903282
v 0.22188255 0.16024278 -0.53903282
v 0.22188255 0.16024278 -0.53903282
v 0.22188255 0.16024278 -0.53903282
v 0.22188255 0.16024278 -0.53903282
v 0.14281650 0.20616065 -0.56518477
v 0.14281650 0.20616065 -0.56518477
v 0.14281650 0.20616065 -0.56518477
v 0.14281650 0.20616065 -0.56518477
v 0.14281650 0.20616065 -0.56518477
v 0.20930870 0.17222141 -0.54458362
v 0.20930870 0.17222141 -0.54458362
v 0.20930870 0.17222141 -0.54458362
v 0.20930870 0.17222141 -0.54458362
v 0.17449975 0.20616065 -0.55688715
v 0.17449975 0.20616065 -0.55688715
v 0.17449975 0.20616065 -0.55688715
v 0.17449975 0.20616065 -0.55688715
v 0.17449975 0.20616065 -0.55688715
v 0.20625405 0.20616065 -0.54601431
v 0.20625405 0.20616065 -0.54601431
v 0.20625405 0.20616065 -0.54601431
v 0.20625405 0.20616065 -0.54601431
v 0.20625405 0.20616065 -0.54601431
v 0.21726505 0.09818719 -0.50504088
v 0.21726505 0.09818719 -0.50504088
v 0.21726505 0.09818719 -0.50504088
v 0.21726505 0.09818719 -0.50504088
v 0.21726505 0.09818719 -0.50504088
v 0.21726505 0.09818719 -0.50504088
v 0.26045659 0.09136600 -0.47883168
v 0.26045659 0.09136600 -0.47883168
v 0.26045659 0.09136600 -0.47883168
v 0.26045659 0.09136600 -0.47883168
v 0.26045659 0.09136600 -0.47883168
v 0.26045659 0.09136600 -0.47883168
v 0.23786627 0.08554311 -0.48426807
v 0.23786627 0.08554311 -0.48426807
v 0.23786627 0.08554311 -0.48426807
v 0.23786627 0.08554311 -0.48426807
v 0.23786627 0.06973799 -0.46835941
v 0.23786627 0.06973799 -0.46835941
v 0.23786627 0.06973799 -0.46835941
v 0.23786627 0.06973799 -0.46835941
v 0.23786627 0.06973799 -0.46835941
v 0.23786627 0.06973799 -0.46835941
v 0.23786627 0.06973799 -0.46835941
v 0.21896999 0.06458056 -0.47190738
v 0.21896999 0.06458056 -0.47190738
v 0.21896999 0.06458056 -0.47190738
v 0.21896999 0.06458056 -0.47190738
v 0.21690986 0.06458056 -0.47288024
v 0.21690986 0.06458056 -0.47288024
v 0.21690986 0.06458056 -0.47288024
v 0.49126130 0.06458056 -0.17444973
v 0.49126130 0.06458056 -0.17444973
v 0.49126130 0.06458056 -0.17444973
v 0.47499344 0.06458056 -0.21925721
v 0.47499344 0.06458056 -0.21925721
v 0.47499344 0.06458056 -0.21925721
v 0.47499344 0.06458056 -0.21925721
v 0.47499344 0.06458056 -0.21925721
v 0.47499344 0.06458056 -0.21925721
v 0.47499344 0.06458056 -0.21925721
v 0.50625050 0.09668979 -0.21925721
v 0.50625050 0.09668979 -0.21925721
v 0.50625050 0.09668979 -0.21925721
v 0.50625050 0.09668979 -0.21925721
v 0.50625050 0.09668979 -0.21925721
v 0.50625050 0.09668979 -0.21925721
v 0.50625050 0.09668979 -0.21925721
v 0.52287352 0.11166309 -0.20495087
v 0.52287352 0.11166309 -0.20495087
v 0.52287352 0.11166309 -0.20495087
v 0.52287352 0.11166309 -0.20495087
v 0.51370949 0.11848416 -0.23791271
v 0.51370949 0.11848416 -0.23791271
v 0.51370949 0.11848416 -0.23791271
v 0.51370949 0.11848416 -0.23791271
v 0.51370949 0.11848416 -0.23791271
v 0.51370949 0.11848416 -0.23791271
v 0.53530532 0.13495475 -0.21181791
v 0.53530532 0.13495475 -0.21181791
v 0.53530532 0.13495475 -0.21181791
v 0.53530532 0.13495475 -0.21181791
v 0.53530532 0.13495475 -0.21181791
v 0.53530532 0.13495475 -0.21181791
v 0.54269332 0.14443778 -0.20323409
v 0.54269332 0.14443778 -0.20323409
v 0.54269332 0.14443778 -0.20323409
v 0.54269332 0.14443778 -0.20323409
v 0.54844749 0.17455052 -0.20615260
v 0.54844749 0.17455052 -0.20615260
v 0.54844749 0.17455052 -0.20615260
v 0.54844749 0.17455052 -0.20615260
v 0.54858959 0.20616065 -0.20615260
v 0.54858959 0.20616065 -0.20615260
v 0.54858959 0.20616065 -0.20615260
v 0.54858959 0.20616065 -0.20615260
v 0.54858959 0.20616065 -0.20615260
v 0.54858959 0.20616065 -0.20615260
v 0.54858959 0.20616065 -0.20615260
v 0.55917430 0.20616065 -0.17444973
v 0.55917430 0.20616065 -0.17444973
v 0.55917430 0.20616065 -0.17444973
v 0.55917430 0.20616065 -0.17444973
v 0.55917430 0.20616065 -0.17444973
v 0.56301033 1.22084582 -0.14274684
v 0.56301033 1.22084582 -0.14274684
v 0.56301033 1.22084582 -0.14274684
v 0.56301033 1.22084582 -0.14274684
v 0.56301033 1.22084582 -0.14274684
v 0.56301033 1.22084582 -0.14274684
v 0.56933284 1.22084582 -0.11865495
v 0.56933284 1.22084582 -0.11865495
v 0.56933284 1.22084582 -0.11865495
v 0.56933284 1.22084582 -0.11865495
v 0.56933284 1.22084582 -0.11865495
v 0.56933284 1.22084582 -0.11865495
v 0.56933284 1.22084582 -0.11865495
v 0.56933284 1.22084582 -0.11865495
v 0.56933284 1.22084582 -0.11865495
v 0.52926701 0.14443778 -0.23619594
v 0.52926701 0.14443778 -0.23619594
v 0.52926701 0.14443778 -0.23619594
v 0.52926701 0.14443778 -0.23619594
v 0.51314121 0.14443778 -0.26824215
v 0.51314121 0.14443778 -0.26824215
v 0.51314121 0.14443778 -0.26824215
v 0.51314121 0.14443778 -0.26824215
v 0.51314121 0.14443778 -0.26824215
v 0.50852376 0.15624991 -0.28741270
v 0.50852376 0.15624991 -0.28741270
v 0.50852376 0.15624991 -0.28741270
v 0.50852376 0.15624991 -0.28741270
v 0.50852376 0.15624991 -0.28741270
v 0.50852376 0.15624991 -0.28741270
v 0.50852376 0.15624991 -0.28741270
v 0.50852376 0.15624991 -0.28741270
v 0.50852376 0.15624991 -0.28741270
v 0.50852376 0.15624991 -0.28741270
v 0.53381348 0.17455052 -0.24220461
v 0.53381348 0.17455052 -0.24220461
v 0.53381348 0.17455052 -0.24220461
v 0.53381348 0.17455052 -0.24220461
v 0.53381348 0.17455052 -0.24220461
v 0.53381348 0.17455052 -0.24220461
v 0.54098839 0.17455052 -0.22635317
v 0.54098839 0.17455052 -0.22635317
v 0.54098839 0.17455052 -0.22635317
v 0.54098839 0.17455052 -0.22635317
v 0.54098839 0.17455052 -0.22635317
v 0.56819624 1.41100574 -0.11184512
v 0.56819624 1.41100574 -0.11184512
v 0.56819624 1.41100574 -0.11184512
v 0.56819624 1.41100574 -0.11184512
v 0.57096672 1.41100574 -0.09599368
v 0.57096672 1.41100574 -0.09599368
v 0.57096672 1.41100574 -0.09599368
v 0.57096672 1.41100574 -0.09599368
v 0.57096672 1.41100574 -0.09599368
v 0.57096672 1.41100574 -0.09599368
v 0.57082462 1.42913997 -0.09536420
v 0.57082462 1.42913997 -0.09536420
v 0.57082462 1.42913997 -0.09536420
v 0.57082462 1.42913997 -0.09536420
v 0.57082462 1.42913997 -0.09536420
v 0.57217437 1.50616896 -0.07522086
v 0.57217437 1.50616896 -0.07522086
v 0.57217437 1.50616896 -0.07522086
v 0.57217437 1.50616896 -0.07522086
v 0.57217437 1.50616896 -0.07522086
v 0.57707608 1.52031028 0.00163286
v 0.57707608 1.52031028 0.00163286
v 0.57707608 1.52031028 0.00163286
v 0.57707608 1.52031028 0.00163286
v 0.58013076 1.25245595 0.00163286
v 0.58013076 1.25245595 0.00163286
v 0.58013076 1.25245595 0.00163286
v 0.57686293 1.53794539 0.00163286
v 0.57686293 1.53794539 0.00163286
v 0.57686293 1.53794539 0.00163286
v 0.51626688 1.63427305 -0.20603815
v 0.51626688 1.63427305 -0.20603815
v 0.51626688 1.63427305 -0.20603815
v 0.51626688 1.63427305 -0.20603815
v 0.51626688 1.63427305 -0.20603815
v 0.51200461 1.62462366 -0.23087399
v 0.51200461 1.62462366 -0.23087399
v 0.51200461 1.62462366 -0.23087399
v 0.51200461 1.62462366 -0.23087399
v 0.51200461 1.62462366 -0.23087399
v 0.51200461 1.62462366 -0.23087399
v 0.51200461 1.62462366 -0.23087399
v 0.51200461 1.62462366 -0.23087399
v 0.51200461 1.62462366 -0.23087399
v 0.51200461 1.62462366 -0.23087399
v 0.51200461 1.62462366 -0.23087399
v 0.56713063 1.50616896 -0.11104397
v 0.56713063 1.50616896 -0.11104397
v 0.56713063 1.50616896 -0.11104397
v 0.56713063 1.50616896 -0.11104397
v 0.56080818 1.41100574 -0.14274684
v 0.56080818 1.41100574 -0.14274684
v 0.56080818 1.41100574 -0.14274684
v 0.56080818 1.41100574 -0.14274684
v 0.56080818 1.41100574 -0.14274684
v 0.54951304 1.53794539 -0.17444973
v 0.54951304 1.53794539 -0.17444973
v 0.54951304 1.53794539 -0.17444973
v 0.54951304 1.53794539 -0.17444973
v 0.54951304 1.53794539 -0.17444973
v 0.54951304 1.53794539 -0.17444973
v 0.54120153 1.56955540 -0.19676763
v 0.54120153 1.56955540 -0.19676763
v 0.54120153 1.56955540 -0.19676763
v 0.54120153 1.56955540 -0.19676763
v 0.54120153 1.56955540 -0.19676763
v 0.54120153 1.56955540 -0.19676763
v 0.53587359 1.56955540 -0.21261907
v 0.53587359 1.56955540 -0.21261907
v 0.53587359 1.56955540 -0.21261907
v 0.53587359 1.56955540 -0.21261907
v 0.53587359 1.56955540 -0.21261907
v 0.51655108 1.60282934 -0.24003004
v 0.51655108 1.60282934 -0.24003004
v 0.51655108 1.60282934 -0.24003004
v 0.51655108 1.60282934 -0.24003004
v 0.51655108 1.60282934 -0.24003004
v 0.51655108 1.60282934 -0.24003004
v 0.51655108 1.60282934 -0.24003004
v 0.53260583 1.60016739 -0.20495087
v 0.53260583 1.60016739 -0.20495087
v 0.53260583 1.60016739 -0.20495087
v 0.53260583 1.60016739 -0.20495087
v 0.50518489 1.64575255 -0.21656762
v 0.50518489 1.64575255 -0.21656762
v 0.50518489 1.64575255 -0.21656762
v 0.50518489 1.64575255 -0.21656762
v 0.50518489 1.64575255 -0.21656762
v 0.50518489 1.64575255 -0.21656762
v 0.44160524 1.76420724 -0.18343411
v 0.44160524 1.76420724 -0.18343411
v 0.44160524 1.76420724 -0.18343411
v 0.04769568 1.76420724 -0.47471145
v 0.04769568 1.76420724 -0.47471145
v 0.04769568 1.76420724 -0.47471145
v 0.04769568 1.76420724 -0.47471145
v 0.07085428 1.65124261 -0.54057783
v 0.07085428 1.65124261 -0.54057783
v 0.07085428 1.65124261 -0.54057783
v 0.07085428 1.65124261 -0.54057783
v 0.07085428 1.65124261 -0.54057783
v 0.07085428 1.65124261 -0.54057783
v 0.07085428 1.65124261 -0.54057783
v 0.07085428 1.65124261 -0.54057783
v 0.08058659 1.63543761 -0.54773110
v 0.08058659 1.63543761 -0.54773110
v 0.08058659 1.63543761 -0.54773110
v 0.08058659 1.63543761 -0.54773110
v 0.08058659 1.63543761 -0.54773110
v 0.08058659 1.63543761 -0.54773110
v 0.07746089 1.59900284 -0.56472701
v 0.07746089 1.59900284 -0.56472701
v 0.07746089 1.59900284 -0.56472701
v 0.07746089 1.59900284 -0.56472701
v 0.07746089 1.59900284 -0.56472701
v 0.07746089 1.59900284 -0.56472701
v 0.07746089 1.59900284 -0.56472701
v 0.06566846 1.58685780 -0.57125068
v 0.06566846 1.58685780 -0.57125068
v 0.06566846 1.58685780 -0.57125068
v 0.06566846 1.58685780 -0.57125068
v 0.06566846 1.58685780 -0.57125068
v 0.06566846 1.58685780 -0.57125068
v 0.06566846 1.58685780 -0.57125068
v 0.06566846 1.58685780 -0.57125068
v 0.06566846 1.58685780 -0.57125068
v 0.06566846 1.58685780 -0.57125068
v 0.06566846 1.58685780 -0.57125068
v 0.08662488 1.53794539 -0.56913334
v 0.08662488 1.53794539 -0.56913334
v 0.08662488 1.53794539 -0.56913334
v 0.08662488 1.53794539 -0.56913334
v 0.08662488 1.53794539 -0.56913334
v 0.08662488 1.53794539 -0.56913334
v 0.08449371 1.56955540 -0.56856114
v 0.08449371 1.56955540 -0.56856114
v 0.08449371 1.56955540 -0.56856114
v 0.08449371 1.56955540 -0.56856114
v 0.08449371 1.56955540 -0.56856114
v 0.08840086 1.47439241 -0.56953394
v 0.08840086 1.47439241 -0.56953394
v 0.08840086 1.47439241 -0.56953394
v 0.08840086 1.47439241 -0.56953394
v 0.14281650 1.25245595 -0.55986285
v 0.14281650 1.25245595 -0.55986285
v 0.14281650 1.25245595 -0.55986285
v 0.14281650 1.25245595 -0.55986285
v 0.17449975 1.53794539 -0.54847503
v 0.17449975 1.53794539 -0.54847503
v 0.17449975 1.53794539 -0.54847503
v 0.17449975 1.53794539 -0.54847503
v 0.17449975 1.53794539 -0.54847503
v 0.17449975 1.53794539 -0.54847503
v 0.17449975 1.53794539 -0.54847503
v 0.17449975 1.53794539 -0.54847503
v 0.17449975 1.22084582 -0.55190849
v 0.17449975 1.22084582 -0.55190849
v 0.17449975 1.22084582 -0.55190849
v 0.17449975 1.22084582 -0.55190849
v 0.17449975 1.22084582 -0.55190849
v 0.11113323 1.53794539 -0.56386858
v 0.11113323 1.53794539 -0.56386858
v 0.11113323 1.53794539 -0.56386858
v 0.11113323 1.53794539 -0.56386858
v 0.11113323 1.53794539 -0.56386858
v 0.14281650 1.50616896 -0.55705881
v 0.14281650 1.50616896 -0.55705881
v 0.14281650 1.50616896 -0.55705881
v 0.14281650 1.50616896 -0.55705881
v 0.29505241 0.11881690 -0.48175019
v 0.29505241 0.11881690 -0.48175019
v 0.29505241 0.11881690 -0.48175019
v 0.29505241 0.11881690 -0.48175019
v 0.29505241 0.11881690 -0.48175019
v 0.29505241 0.11881690 -0.48175019
v 0.26827082 0.11182945 -0.49090621
v 0.26827082 0.11182945 -0.49090621
v 0.26827082 0.11182945 -0.49090621
v 0.26827082 0.11182945 -0.49090621
v 0.26827082 0.11182945 -0.49090621
v 0.23786627 0.14277402 -0.52398252
v 0.23786627 0.14277402 -0.52398252
v 0.23786627 0.14277402 -0.52398252
v 0.23786627 0.14277402 -0.52398252
v 0.23786627 0.14277402 -0.52398252
v 0.27608508 0.13661839 -0.50292355
v 0.27608508 0.13661839 -0.50292355
v 0.27608508 0.13661839 -0.50292355
v 0.27608508 0.13661839 -0.50292355
v 0.27608508 0.13661839 -0.50292355
v 0.27608508 0.13661839 -0.50292355
v 0.22294813 0.18137170 -0.53949064
v 0.22294813 0.18137170 -0.53949064
v 0.22294813 0.18137170 -0.53949064
v 0.22294813 0.18137170 -0.53949064
v 0.22294813 0.18137170 -0.53949064
v 0.22294813 0.18137170 -0.53949064
v 0.22294813 0.18137170 -0.53949064
v 0.22294813 0.18137170 -0.53949064
v 0.22294813 0.18137170 -0.53949064
v 0.22294813 0.18137170 -0.53949064
v 0.23523784 0.17222141 -0.53319579
v 0.23523784 0.17222141 -0.53319579
v 0.23523784 0.17222141 -0.53319579
v 0.26954952 0.17455052 -0.51688653
v 0.26954952 0.17455052 -0.51688653
v 0.26954952 0.17455052 -0.51688653
v 0.26954952 0.17455052 -0.51688653
v 0.26954952 0.17455052 -0.51688653
v 0.26954952 0.17455052 -0.51688653
v 0.26954952 0.17455052 -0.51688653
v 0.28603053 0.15774731 -0.50767332
v 0.28603053 0.15774731 -0.50767332
v 0.28603053 0.15774731 -0.50767332
v 0.28603053 0.15774731 -0.50767332
v 0.28603053 0.15774731 -0.50767332
v 0.28603053 0.15774731 -0.50767332
v 0.28603053 0.15774731 -0.50767332
v 0.28603053 0.15774731 -0.50767332
v 0.28603053 0.15774731 -0.50767332
v 0.20049991 1.22084582 -0.54321027
v 0.20049991 1.22084582 -0.54321027
v 0.20049991 1.22084582 -0.54321027
v 0.20049991 1.22084582 -0.54321027
v 0.20049991 1.22084582 -0.54321027
v 0.20049991 1.22084582 -0.54321027
v 0.28155506 0.09768797 -0.47362417
v 0.28155506 0.09768797 -0.47362417
v 0.28155506 0.09768797 -0.47362417
v 0.28155506 0.09768797 -0.47362417
v 0.28155506 0.09768797 -0.47362417
v 0.28155506 0.09768797 -0.47362417
v 0.28155506 0.09768797 -0.47362417
v 0.28155506 0.09768797 -0.47362417
v 0.28155506 0.09768797 -0.47362417
v 0.27054405 0.07838919 -0.46034786
v 0.27054405 0.07838919 -0.46034786
v 0.27054405 0.07838919 -0.46034786
v 0.27054405 0.07838919 -0.46034786
v 0.28063157 0.06557875 -0.44094843
v 0.28063157 0.06557875 -0.44094843
v 0.28063157 0.06557875 -0.44094843
v 0.28063157 0.06557875 -0.44094843
v 0.28063157 0.06557875 -0.44094843
v 0.28063157 0.06557875 -0.44094843
v 0.28063157 0.06557875 -0.44094843
v 0.28063157 0.06557875 -0.44094843
v 0.28063157 0.06557875 -0.44094843
v 0.25122154 0.06458056 -0.45519757
v 0.25122154 0.06458056 -0.45519757
v 0.25122154 0.06458056 -0.45519757
v 0.25122154 0.06458056 -0.45519757
v 0.47414097 0.06458056 -0.22091675
v 0.47414097 0.06458056 -0.22091675
v 0.47414097 0.06458056 -0.22091675
v 0.47414097 0.06458056 -0.22091675
v 0.47414097 0.06458056 -0.22091675
v 0.48564923 0.08454492 -0.23791271
v 0.48564923 0.08454492 -0.23791271
v 0.48564923 0.08454492 -0.23791271
v 0.48564923 0.08454492 -0.23791271
v 0.48564923 0.08454492 -0.23791271
v 0.50156194 0.10267916 -0.23791271
v 0.50156194 0.10267916 -0.23791271
v 0.50156194 0.10267916 -0.23791271
v 0.50156194 0.10267916 -0.23791271
v 0.47961095 0.09053417 -0.26086009
v 0.47961095 0.09053417 -0.26086009
v 0.47961095 0.09053417 -0.26086009
v 0.47961095 0.09053417 -0.26086009
v 0.47961095 0.09053417 -0.26086009
v 0.47961095 0.09053417 -0.26086009
v 0.47961095 0.09053417 -0.26086009
v 0.47961095 0.09053417 -0.26086009
v 0.47961095 0.09053417 -0.26086009
v 0.50902104 0.12480614 -0.25673985
v 0.50902104 0.12480614 -0.25673985
v 0.50902104 0.12480614 -0.25673985
v 0.50902104 0.12480614 -0.25673985
v 0.50902104 0.12480614 -0.25673985
v 0.50902104 0.12480614 -0.25673985
v 0.50902104 0.12480614 -0.25673985
v 0.50902104 0.12480614 -0.25673985
v 0.50902104 0.12480614 -0.25673985
v 0.50902104 0.12480614 -0.25673985
v 0.54105943 0.20616065 -0.22641039
v 0.54105943 0.20616065 -0.22641039
v 0.54105943 0.20616065 -0.22641039
v 0.54105943 0.20616065 -0.22641039
v 0.54105943 0.20616065 -0.22641039
v 0.53800482 1.22084582 -0.21902832
v 0.53800482 1.22084582 -0.21902832
v 0.53800482 1.22084582 -0.21902832
v 0.53800482 1.22084582 -0.21902832
v 0.53800482 1.22084582 -0.21902832
v 0.53800482 1.22084582 -0.21902832
v 0.53800482 1.22084582 -0.21902832
v 0.54361683 1.22084582 -0.20317689
v 0.54361683 1.22084582 -0.20317689
v 0.54361683 1.22084582 -0.20317689
v 0.54361683 1.22084582 -0.20317689
v 0.54361683 1.22084582 -0.20317689
v 0.55320710 1.22084582 -0.17444973
v 0.55320710 1.22084582 -0.17444973
v 0.55320710 1.22084582 -0.17444973
v 0.55320710 1.22084582 -0.17444973
v 0.55320710 1.22084582 -0.17444973
v 0.55320710 1.22084582 -0.17444973
v 0.50319582 0.13512111 -0.27785602
v 0.50319582 0.13512111 -0.27785602
v 0.50319582 0.13512111 -0.27785602
v 0.50319582 0.13512111 -0.27785602
v 0.50319582 0.13512111 -0.27785602
v 0.48415744 0.17455052 -0.32964504
v 0.48415744 0.17455052 -0.32964504
v 0.48415744 0.17455052 -0.32964504
v 0.48415744 0.17455052 -0.32964504
v 0.48415744 0.17455052 -0.32964504
v 0.49999908 0.17455052 -0.30435142
v 0.49999908 0.17455052 -0.30435142
v 0.49999908 0.17455052 -0.30435142
v 0.49999908 0.17455052 -0.30435142
v 0.49999908 0.17455052 -0.30435142
v 0.50916308 0.17455052 -0.28855717
v 0.50916308 0.17455052 -0.28855717
v 0.50916308 0.17455052 -0.28855717
v 0.50916308 0.17455052 -0.28855717
v 0.50916308 0.17455052 -0.28855717
v 0.50916308 0.17455052 -0.28855717
v 0.51967674 0.17455052 -0.26961559
v 0.51967674 0.17455052 -0.26961559
v 0.51967674 0.17455052 -0.26961559
v 0.51967674 0.17455052 -0.26961559
v 0.51967674 0.17455052 -0.26961559
v 0.49566567 0.14443778 -0.29925835
v 0.49566567 0.14443778 -0.29925835
v 0.49566567 0.14443778 -0.29925835
v 0.49566567 0.14443778 -0.29925835
v 0.48003721 0.14277402 -0.32357913
v 0.48003721 0.14277402 -0.32357913
v 0.48003721 0.14277402 -0.32357913
v 0.48003721 0.14277402 -0.32357913
v 0.48003721 0.14277402 -0.32357913
v 0.48003721 0.14277402 -0.32357913
v 0.53374249 0.20616065 -0.24226184
v 0.53374249 0.20616065 -0.24226184
v 0.53374249 0.20616065 -0.24226184
v 0.53374249 0.20616065 -0.24226184
v 0.53374249 0.20616065 -0.24226184
v 0.53374249 0.20616065 -0.24226184
v 0.47939786 1.62312627 -0.29176179
v 0.47939786 1.62312627 -0.29176179
v 0.47939786 1.62312627 -0.29176179
v 0.47939786 1.62312627 -0.29176179
v 0.47939786 1.62312627 -0.29176179
v 0.47939786 1.62312627 -0.29176179
v 0.48536509 1.63344121 -0.26944390
v 0.48536509 1.63344121 -0.26944390
v 0.48536509 1.63344121 -0.26944390
v 0.48536509 1.63344121 -0.26944390
v 0.48536509 1.63344121 -0.26944390
v 0.50078046 1.63427305 -0.24003004
v 0.50078046 1.63427305 -0.24003004
v 0.50078046 1.63427305 -0.24003004
v 0.50078046 1.63427305 -0.24003004
v 0.43165985 1.76420724 -0.20540866
v 0.43165985 1.76420724 -0.20540866
v 0.43165985 1.76420724 -0.20540866
v 0.43165985 1.76420724 -0.20540866
v 0.43165985 1.76420724 -0.20540866
v 0.43165985 1.76420724 -0.20540866
v 0.43165985 1.76420724 -0.20540866
v 0.50646365 1.61447513 -0.25199014
v 0.50646365 1.61447513 -0.25199014
v 0.50646365 1.61447513 -0.25199014
v 0.50646365 1.61447513 -0.25199014
v 0.50646365 1.61447513 -0.25199014
v 0.50646365 1.61447513 -0.25199014
v 0.54184085 1.53794539 -0.19859885
v 0.54184085 1.53794539 -0.19859885
v 0.54184085 1.53794539 -0.19859885
v 0.54184085 1.53794539 -0.19859885
v 0.54184085 1.53794539 -0.19859885
v 0.53651297 1.53794539 -0.21450751
v 0.53651297 1.53794539 -0.21450751
v 0.53651297 1.53794539 -0.21450751
v 0.53651297 1.53794539 -0.21450751
v 0.53651297 1.53794539 -0.21450751
v 0.53651297 1.53794539 -0.21450751
v 0.53651297 1.53794539 -0.21450751
v 0.52436537 1.56955540 -0.23791271
v 0.52436537 1.56955540 -0.23791271
v 0.52436537 1.56955540 -0.23791271
v 0.52436537 1.56955540 -0.23791271
v 0.52436537 1.56955540 -0.23791271
v 0.52436537 1.56955540 -0.23791271
v 0.52436537 1.56955540 -0.23791271
v 0.50987351 1.59317994 -0.25828493
v 0.50987351 1.59317994 -0.25828493
v 0.50987351 1.59317994 -0.25828493
v 0.50987351 1.59317994 -0.25828493
v 0.50987351 1.59317994 -0.25828493
v 0.50987351 1.59317994 -0.25828493
v 0.50987351 1.59317994 -0.25828493
v 0.05387604 1.76420724 -0.47385305
v 0.05387604 1.76420724 -0.47385305
v 0.05387604 1.76420724 -0.47385305
v 0.09202383 1.64774895 -0.53840333
v 0.09202383 1.64774895 -0.53840333
v 0.09202383 1.64774895 -0.53840333
v 0.09202383 1.64774895 -0.53840333
v 0.09202383 1.64774895 -0.53840333
v 0.09202383 1.64774895 -0.53840333
v 0.09202383 1.64774895 -0.53840333
v 0.07767400 1.76420724 -0.47047675
v 0.07767400 1.76420724 -0.47047675
v 0.07767400 1.76420724 -0.47047675
v 0.08207840 1.76420724 -0.46984729
v 0.08207840 1.76420724 -0.46984729
v 0.08207840 1.76420724 -0.46984729
v 0.08207840 1.76420724 -0.46984729
v 0.11113323 1.62828374 -0.54532760
v 0.11113323 1.62828374 -0.54532760
v 0.11113323 1.62828374 -0.54532760
v 0.11113323 1.62828374 -0.54532760
v 0.14281650 1.62229443 -0.54189408
v 0.14281650 1.62229443 -0.54189408
v 0.14281650 1.62229443 -0.54189408
v 0.14281650 1.62229443 -0.54189408
v 0.14281650 1.62229443 -0.54189408
v 0.14281650 1.62229443 -0.54189408
v 0.16142863 1.61846793 -0.53983396
v 0.16142863 1.61846793 -0.53983396
v 0.16142863 1.61846793 -0.53983396
v 0.16142863 1.61846793 -0.53983396
v 0.16142863 1.61846793 -0.53983396
v 0.16142863 1.61846793 -0.53983396
v 0.16142863 1.61846793 -0.53983396
v 0.16142863 1.61846793 -0.53983396
v 0.16142863 1.61846793 -0.53983396
v 0.16142863 1.61846793 -0.53983396
v 0.11113323 1.60133195 -0.55660099
v 0.11113323 1.60133195 -0.55660099
v 0.11113323 1.60133195 -0.55660099
v 0.11113323 1.60133195 -0.55660099
v 0.14281650 1.60133195 -0.54956222
v 0.14281650 1.60133195 -0.54956222
v 0.14281650 1.60133195 -0.54956222
v 0.14281650 1.60133195 -0.54956222
v 0.14281650 1.60133195 -0.54956222
v 0.19304085 1.58918703 -0.54017729
v 0.19304085 1.58918703 -0.54017729
v 0.19304085 1.58918703 -0.54017729
v 0.19304085 1.58918703 -0.54017729
v 0.19304085 1.58918703 -0.54017729
v 0.19304085 1.58918703 -0.54017729
v 0.19304085 1.58918703 -0.54017729
v 0.19304085 1.58918703 -0.54017729
v 0.19304085 1.58918703 -0.54017729
v 0.19304085 1.58918703 -0.54017729
v 0.19304085 1.58918703 -0.54017729
v 0.14281650 1.56955540 -0.55545646
v 0.14281650 1.56955540 -0.55545646
v 0.14281650 1.56955540 -0.55545646
v 0.14281650 1.56955540 -0.55545646
v 0.14281650 1.56955540 -0.55545646
v 0.11113323 1.56955540 -0.56272411
v 0.11113323 1.56955540 -0.56272411
v 0.11113323 1.56955540 -0.56272411
v 0.11113323 1.56955540 -0.56272411
v 0.11113323 1.56955540 -0.56272411
v 0.14281650 1.53794539 -0.55665821
v 0.14281650 1.53794539 -0.55665821
v 0.14281650 1.53794539 -0.55665821
v 0.14281650 1.53794539 -0.55665821
v 0.14281650 1.53794539 -0.55665821
v 0.14281650 1.53794539 -0.55665821
v 0.17449975 1.56955540 -0.54744494
v 0.17449975 1.56955540 -0.54744494
v 0.17449975 1.56955540 -0.54744494
v 0.17449975 1.56955540 -0.54744494
v 0.17449975 1.56955540 -0.54744494
v 0.19524306 1.56955540 -0.54109293
v 0.19524306 1.56955540 -0.54109293
v 0.19524306 1.56955540 -0.54109293
v 0.19524306 1.56955540 -0.54109293
v 0.19524306 1.56955540 -0.54109293
v 0.19524306 1.56955540 -0.54109293
v 0.19623759 1.53794539 -0.54149348
v 0.19623759 1.53794539 -0.54149348
v 0.19623759 1.53794539 -0.54149348
v 0.19623759 1.53794539 -0.54149348
v 0.19623759 1.53794539 -0.54149348
v 0.19623759 1.53794539 -0.54149348
v 0.31622195 0.12813357 -0.47499755
v 0.31622195 0.12813357 -0.47499755
v 0.31622195 0.12813357 -0.47499755
v 0.31622195 0.12813357 -0.47499755
v 0.31622195 0.12813357 -0.47499755
v 0.31622195 0.12813357 -0.47499755
v 0.31622195 0.12813357 -0.47499755
v 0.31622195 0.12813357 -0.47499755
v 0.31622195 0.12813357 -0.47499755
v 0.30393228 0.10933387 -0.46835941
v 0.30393228 0.10933387 -0.46835941
v 0.30393228 0.10933387 -0.46835941
v 0.30393228 0.10933387 -0.46835941
v 0.30393228 0.10933387 -0.46835941
v 0.30116174 0.14294037 -0.49165016
v 0.30116174 0.14294037 -0.49165016
v 0.30116174 0.14294037 -0.49165016
v 0.30116174 0.14294037 -0.49165016
v 0.23857665 0.20616065 -0.53193682
v 0.23857665 0.20616065 -0.53193682
v 0.23857665 0.20616065 -0.53193682
v 0.23857665 0.20616065 -0.53193682
v 0.26954952 0.20616065 -0.51717263
v 0.26954952 0.20616065 -0.51717263
v 0.26954952 0.20616065 -0.51717263
v 0.26954952 0.20616065 -0.51717263
v 0.26954952 0.20616065 -0.51717263
v 0.26954952 0.20616065 -0.51717263
v 0.21641259 1.22084582 -0.53668660
v 0.21641259 1.22084582 -0.53668660
v 0.21641259 1.22084582 -0.53668660
v 0.21641259 1.22084582 -0.53668660
v 0.21641259 1.22084582 -0.53668660
v 0.21641259 1.22084582 -0.53668660
v 0.21641259 1.22084582 -0.53668660
v 0.23786627 1.22084582 -0.52672935
v 0.23786627 1.22084582 -0.52672935
v 0.23786627 1.22084582 -0.52672935
v 0.23786627 1.22084582 -0.52672935
v 0.23786627 1.22084582 -0.52672935
v 0.23786627 1.22084582 -0.52672935
v 0.28716713 0.17455052 -0.50830275
v 0.28716713 0.17455052 -0.50830275
v 0.28716713 0.17455052 -0.50830275
v 0.28716713 0.17455052 -0.50830275
v 0.28745130 0.20616065 -0.50847441
v 0.28745130 0.20616065 -0.50847441
v 0.28745130 0.20616065 -0.50847441
v 0.28745130 0.20616065 -0.50847441
v 0.28745130 0.20616065 -0.50847441
v 0.28745130 0.20616065 -0.50847441
v 0.28745130 0.20616065 -0.50847441
v 0.30300876 0.17455052 -0.49903226
v 0.30300876 0.17455052 -0.49903226
v 0.30300876 0.17455052 -0.49903226
v 0.30300876 0.17455052 -0.49903226
v 0.30300876 0.17455052 -0.49903226
v 0.32758814 0.17455052 -0.48318079
v 0.32758814 0.17455052 -0.48318079
v 0.32758814 0.17455052 -0.48318079
v 0.32758814 0.17455052 -0.48318079
v 0.32758814 0.17455052 -0.48318079
v 0.32758814 0.17455052 -0.48318079
v 0.32382309 0.14926247 -0.48037675
v 0.32382309 0.14926247 -0.48037675
v 0.32382309 0.14926247 -0.48037675
v 0.32382309 0.14926247 -0.48037675
v 0.32382309 0.14926247 -0.48037675
v 0.32382309 0.14926247 -0.48037675
v 0.32382309 0.14926247 -0.48037675
v 0.32382309 0.14926247 -0.48037675
v 0.32382309 0.14926247 -0.48037675
v 0.32382309 0.14926247 -0.48037675
v 0.32382309 0.14926247 -0.48037675
v 0.31856623 0.09402795 -0.44501144
v 0.31856623 0.09402795 -0.44501144
v 0.31856623 0.09402795 -0.44501144
v 0.31856623 0.09402795 -0.44501144
v 0.31856623 0.09402795 -0.44501144
v 0.31856623 0.09402795 -0.44501144
v 0.31856623 0.09402795 -0.44501144
v 0.31856623 0.09402795 -0.44501144
v 0.30130383 0.08803859 -0.45113456
v 0.30130383 0.08803859 -0.45113456
v 0.30130383 0.08803859 -0.45113456
v 0.30130383 0.08803859 -0.45113456
v 0.30130383 0.08803859 -0.45113456
v 0.30414537 0.07056993 -0.42944613
v 0.30414537 0.07056993 -0.42944613
v 0.30414537 0.07056993 -0.42944613
v 0.30414537 0.07056993 -0.42944613
v 0.30414537 0.07056993 -0.42944613
v 0.30414537 0.07056993 -0.42944613
v 0.31494325 0.06458056 -0.41422418
v 0.31494325 0.06458056 -0.41422418
v 0.31494325 0.06458056 -0.41422418
v 0.31494325 0.06458056 -0.41422418
v 0.28283376 0.06458056 -0.43785825
v 0.28283376 0.06458056 -0.43785825
v 0.28283376 0.06458056 -0.43785825
v 0.27970806 0.06458056 -0.43997562
v 0.27970806 0.06458056 -0.43997562
v 0.27970806 0.06458056 -0.43997562
v 0.44238669 0.06458056 -0.27774158
v 0.44238669 0.06458056 -0.27774158
v 0.44238669 0.06458056 -0.27774158
v 0.44146317 0.06524602 -0.28111786
v 0.44146317 0.06524602 -0.28111786
v 0.44146317 0.06524602 -0.28111786
v 0.44146317 0.06524602 -0.28111786
v 0.44146317 0.06524602 -0.28111786
v 0.44146317 0.06524602 -0.28111786
v 0.44146317 0.06524602 -0.28111786
v 0.44146317 0.06524602 -0.28111786
v 0.46945241 0.06857343 -0.23791271
v 0.46945241 0.06857343 -0.23791271
v 0.46945241 0.06857343 -0.23791271
v 0.46945241 0.06857343 -0.23791271
v 0.46945241 0.06857343 -0.23791271
v 0.46057257 0.07789010 -0.27098900
v 0.46057257 0.07789010 -0.27098900
v 0.46057257 0.07789010 -0.27098900
v 0.46057257 0.07789010 -0.27098900
v 0.45204794 0.08687403 -0.30126125
v 0.45204794 0.08687403 -0.30126125
v 0.45204794 0.08687403 -0.30126125
v 0.45204794 0.08687403 -0.30126125
v 0.45204794 0.08687403 -0.30126125
v 0.45204794 0.08687403 -0.30126125
v 0.47371474 0.09768797 -0.28197625
v 0.47371474 0.09768797 -0.28197625
v 0.47371474 0.09768797 -0.28197625
v 0.47371474 0.09768797 -0.28197625
v 0.47371474 0.09768797 -0.28197625
v 0.47371474 0.09768797 -0.28197625
v 0.47371474 0.09768797 -0.28197625
v 0.49140334 0.11116388 -0.26938668
v 0.49140334 0.11116388 -0.26938668
v 0.49140334 0.11116388 -0.26938668
v 0.49140334 0.11116388 -0.26938668
v 0.47591695 0.12663627 -0.31745601
v 0.47591695 0.12663627 -0.31745601
v 0.47591695 0.12663627 -0.31745601
v 0.47591695 0.12663627 -0.31745601
v 0.47591695 0.12663627 -0.31745601
v 0.47591695 0.12663627 -0.31745601
v 0.47591695 0.12663627 -0.31745601
v 0.47591695 0.12663627 -0.31745601
v 0.47591695 0.12663627 -0.31745601
v 0.47591695 0.12663627 -0.31745601
v 0.47591695 0.12663627 -0.31745601
v 0.48060548 0.12064702 -0.30126125
v 0.48060548 0.12064702 -0.30126125
v 0.48060548 0.12064702 -0.30126125
v 0.48060548 0.12064702 -0.30126125
v 0.52919596 1.22084582 -0.23791271
v 0.52919596 1.22084582 -0.23791271
v 0.52919596 1.22084582 -0.23791271
v 0.52919596 1.22084582 -0.23791271
v 0.52919596 1.22084582 -0.23791271
v 0.52571505 1.53794539 -0.23791271
v 0.52571505 1.53794539 -0.23791271
v 0.52571505 1.53794539 -0.23791271
v 0.52571505 1.53794539 -0.23791271
v 0.52571505 1.53794539 -0.23791271
v 0.52571505 1.53794539 -0.23791271
v 0.52571505 1.53794539 -0.23791271
v 0.47314644 0.17455052 -0.34549645
v 0.47314644 0.17455052 -0.34549645
v 0.47314644 0.17455052 -0.34549645
v 0.47314644 0.17455052 -0.34549645
v 0.47314644 0.17455052 -0.34549645
v 0.47314644 0.17455052 -0.34549645
v 0.47314644 0.17455052 -0.34549645
v 0.47314644 0.17455052 -0.34549645
v 0.48060548 1.18906939 -0.32443750
v 0.48060548 1.18906939 -0.32443750
v 0.48060548 1.18906939 -0.32443750
v 0.48060548 1.18906939 -0.32443750
v 0.48060548 1.18906939 -0.32443750
v 0.48060548 1.18906939 -0.32443750
v 0.49452913 1.22084582 -0.30126125
v 0.49452913 1.22084582 -0.30126125
v 0.49452913 1.22084582 -0.30126125
v 0.49452913 1.22084582 -0.30126125
v 0.49452913 1.22084582 -0.30126125
v 0.49452913 1.22084582 -0.30126125
v 0.49452913 1.22084582 -0.30126125
v 0.49452913 1.22084582 -0.30126125
v 0.49452913 1.22084582 -0.30126125
v 0.50554007 1.22084582 -0.28214794
v 0.50554007 1.22084582 -0.28214794
v 0.50554007 1.22084582 -0.28214794
v 0.50554007 1.22084582 -0.28214794
v 0.51441985 1.22084582 -0.26629651
v 0.51441985 1.22084582 -0.26629651
v 0.51441985 1.22084582 -0.26629651
v 0.51441985 1.22084582 -0.26629651
v 0.51441985 1.22084582 -0.26629651
v 0.51441985 1.22084582 -0.26629651
v 0.46845788 0.14277402 -0.33943057
v 0.46845788 0.14277402 -0.33943057
v 0.46845788 0.14277402 -0.33943057
v 0.46845788 0.14277402 -0.33943057
v 0.46845788 0.14277402 -0.33943057
v 0.46845788 0.14277402 -0.33943057
v 0.46625566 1.63344121 -0.30189070
v 0.46625566 1.63344121 -0.30189070
v 0.46625566 1.63344121 -0.30189070
v 0.46625566 1.63344121 -0.30189070
v 0.46625566 1.63344121 -0.30189070
v 0.46625566 1.63344121 -0.30189070
v 0.47257814 1.64425516 -0.27985895
v 0.47257814 1.64425516 -0.27985895
v 0.47257814 1.64425516 -0.27985895
v 0.47257814 1.64425516 -0.27985895
v 0.47257814 1.64425516 -0.27985895
v 0.47257814 1.64425516 -0.27985895
v 0.47257814 1.64425516 -0.27985895
v 0.47307539 1.60981679 -0.31293523
v 0.47307539 1.60981679 -0.31293523
v 0.47307539 1.60981679 -0.31293523
v 0.47307539 1.60981679 -0.31293523
v 0.47307539 1.60981679 -0.31293523
v 0.47307539 1.60981679 -0.31293523
v 0.47307539 1.60981679 -0.31293523
v 0.47307539 1.60981679 -0.31293523
v 0.47307539 1.60981679 -0.31293523
v 0.47847435 1.65274000 -0.25874275
v 0.47847435 1.65274000 -0.25874275
v 0.47847435 1.65274000 -0.25874275
v 0.47847435 1.65274000 -0.25874275
v 0.41453952 1.76420724 -0.23608150
v 0.41453952 1.76420724 -0.23608150
v 0.41453952 1.76420724 -0.23608150
v 0.41453952 1.76420724 -0.23608150
v 0.50070947 1.60282934 -0.26915777
v 0.50070947 1.60282934 -0.26915777
v 0.50070947 1.60282934 -0.26915777
v 0.50070947 1.60282934 -0.26915777
v 0.50070947 1.60282934 -0.26915777
v 0.51243085 1.53794539 -0.26292020
v 0.51243085 1.53794539 -0.26292020
v 0.51243085 1.53794539 -0.26292020
v 0.51243085 1.53794539 -0.26292020
v 0.51243085 1.53794539 -0.26292020
v 0.51243085 1.53794539 -0.26292020
v 0.51172042 1.56955540 -0.26160401
v 0.51172042 1.56955540 -0.26160401
v 0.51172042 1.56955540 -0.26160401
v 0.51172042 1.56955540 -0.26160401
v 0.50298268 1.56955540 -0.27751267
v 0.50298268 1.56955540 -0.27751267
v 0.50298268 1.56955540 -0.27751267
v 0.50298268 1.56955540 -0.27751267
v 0.50298268 1.56955540 -0.27751267
v 0.50298268 1.56955540 -0.27751267
v 0.50298268 1.56955540 -0.27751267
v 0.47676942 1.58868802 -0.31865776
v 0.47676942 1.58868802 -0.31865776
v 0.47676942 1.58868802 -0.31865776
v 0.47676942 1.58868802 -0.31865776
v 0.47676942 1.58868802 -0.31865776
v 0.47676942 1.58868802 -0.31865776
v 0.47676942 1.58868802 -0.31865776
v 0.47676942 1.58868802 -0.31865776
v 0.47676942 1.58868802 -0.31865776
v 0.47676942 1.58868802 -0.31865776
v 0.47676942 1.58868802 -0.31865776
v 0.11113323 1.64408886 -0.53628600
v 0.11113323 1.64408886 -0.53628600
v 0.11113323 1.64408886 -0.53628600
v 0.11113323 1.64408886 -0.53628600
v 0.11113323 1.76420724 -0.46355247
v 0.11113323 1.76420724 -0.46355247
v 0.11113323 1.76420724 -0.46355247
v 0.11113323 1.76420724 -0.46355247
v 0.11113323 1.76420724 -0.46355247
v 0.14281650 1.63809955 -0.53262353
v 0.14281650 1.63809955 -0.53262353
v 0.14281650 1.63809955 -0.53262353
v 0.14281650 1.63809955 -0.53262353
v 0.14281650 1.63809955 -0.53262353
v 0.18259816 1.61031580 -0.53674382
v 0.18259816 1.61031580 -0.53674382
v 0.18259816 1.61031580 -0.53674382
v 0.18259816 1.61031580 -0.53674382
v 0.18259816 1.61031580 -0.53674382
v 0.18259816 1.61031580 -0.53674382
v 0.18259816 1.61031580 -0.53674382
v 0.18259816 1.61031580 -0.53674382
v 0.17300794 1.60033369 -0.54252350
v 0.17300794 1.60033369 -0.54252350
v 0.17300794 1.60033369 -0.54252350
v 0.17300794 1.60033369 -0.54252350
v 0.13855417 1.76420724 -0.45662820
v 0.13855417 1.76420724 -0.45662820
v 0.13855417 1.76420724 -0.45662820
v 0.13855417 1.76420724 -0.45662820
v 0.14253233 1.76420724 -0.45548370
v 0.14253233 1.76420724 -0.45548370
v 0.14253233 1.76420724 -0.45548370
v 0.14253233 1.76420724 -0.45548370
v 0.14253233 1.76420724 -0.45548370
v 0.14253233 1.76420724 -0.45548370
v 0.17300794 1.63061297 -0.52901834
v 0.17300794 1.63061297 -0.52901834
v 0.17300794 1.63061297 -0.52901834
v 0.17300794 1.63061297 -0.52901834
v 0.17300794 1.63061297 -0.52901834
v 0.17300794 1.63061297 -0.52901834
v 0.25804126 1.59168255 -0.50939006
v 0.25804126 1.59168255 -0.50939006
v 0.25804126 1.59168255 -0.50939006
v 0.25804126 1.59168255 -0.50939006
v 0.25804126 1.59168255 -0.50939006
v 0.25804126 1.59168255 -0.50939006
v 0.25804126 1.59168255 -0.50939006
v 0.25804126 1.59168255 -0.50939006
v 0.25804126 1.59168255 -0.50939006
v 0.25804126 1.59168255 -0.50939006
v 0.23786627 1.56955540 -0.52180797
v 0.23786627 1.56955540 -0.52180797
v 0.23786627 1.56955540 -0.52180797
v 0.23786627 1.56955540 -0.52180797
v 0.23786627 1.56955540 -0.52180797
v 0.23786627 1.56955540 -0.52180797
v 0.21108468 1.56955540 -0.53416866
v 0.21108468 1.56955540 -0.53416866
v 0.21108468 1.56955540 -0.53416866
v 0.21108468 1.56955540 -0.53416866
v 0.21108468 1.56955540 -0.53416866
v 0.20462015 1.60033369 -0.53119290
v 0.20462015 1.60033369 -0.53119290
v 0.20462015 1.60033369 -0.53119290
v 0.20462015 1.60033369 -0.53119290
v 0.20462015 1.60033369 -0.53119290
v 0.21207921 1.53794539 -0.53474087
v 0.21207921 1.53794539 -0.53474087
v 0.21207921 1.53794539 -0.53474087
v 0.21207921 1.53794539 -0.53474087
v 0.21207921 1.53794539 -0.53474087
v 0.21207921 1.53794539 -0.53474087
v 0.35152820 0.12447342 -0.44598427
v 0.35152820 0.12447342 -0.44598427
v 0.35152820 0.12447342 -0.44598427
v 0.35152820 0.12447342 -0.44598427
v 0.35152820 0.12447342 -0.44598427
v 0.35152820 0.12447342 -0.44598427
v 0.35152820 0.12447342 -0.44598427
v 0.35152820 0.12447342 -0.44598427
v 0.33071387 0.11282764 -0.45176405
v 0.33071387 0.11282764 -0.45176405
v 0.33071387 0.11282764 -0.45176405
v 0.33071387 0.11282764 -0.45176405
v 0.33383954 0.14027853 -0.46841666
v 0.33383954 0.14027853 -0.46841666
v 0.33383954 0.14027853 -0.46841666
v 0.35863203 0.14277402 -0.45124903
v 0.35863203 0.14277402 -0.45124903
v 0.35863203 0.14277402 -0.45124903
v 0.35863203 0.14277402 -0.45124903
v 0.35863203 0.14277402 -0.45124903
v 0.26606864 1.22084582 -0.51333857
v 0.26606864 1.22084582 -0.51333857
v 0.26606864 1.22084582 -0.51333857
v 0.26606864 1.22084582 -0.51333857
v 0.26606864 1.22084582 -0.51333857
v 0.28191027 1.22084582 -0.50567037
v 0.28191027 1.22084582 -0.50567037
v 0.28191027 1.22084582 -0.50567037
v 0.28191027 1.22084582 -0.50567037
v 0.28191027 1.22084582 -0.50567037
v 0.23786627 1.50616896 -0.52329576
v 0.23786627 1.50616896 -0.52329576
v 0.23786627 1.50616896 -0.52329576
v 0.23786627 1.50616896 -0.52329576
v 0.23786627 1.50616896 -0.52329576
v 0.23786627 1.25245595 -0.52638602
v 0.23786627 1.25245595 -0.52638602
v 0.23786627 1.25245595 -0.52638602
v 0.23786627 1.25245595 -0.52638602
v 0.23786627 1.25245595 -0.52638602
v 0.26578450 1.25245595 -0.51316690
v 0.26578450 1.25245595 -0.51316690
v 0.26578450 1.25245595 -0.51316690
v 0.26578450 1.25245595 -0.51316690
v 0.26578450 1.25245595 -0.51316690
v 0.26578450 1.25245595 -0.51316690
v 0.26578450 1.25245595 -0.51316690
v 0.30329290 0.20616065 -0.49914667
v 0.30329290 0.20616065 -0.49914667
v 0.30329290 0.20616065 -0.49914667
v 0.30329290 0.20616065 -0.49914667
v 0.30329290 0.20616065 -0.49914667
v 0.30329290 0.20616065 -0.49914667
v 0.30130383 1.22084582 -0.49428251
v 0.30130383 1.22084582 -0.49428251
v 0.30130383 1.22084582 -0.49428251
v 0.30130383 1.22084582 -0.49428251
v 0.30130383 1.22084582 -0.49428251
v 0.30130383 1.22084582 -0.49428251
v 0.32765919 0.20616065 -0.48329523
v 0.32765919 0.20616065 -0.48329523
v 0.32765919 0.20616065 -0.48329523
v 0.32765919 0.20616065 -0.48329523
v 0.32765919 0.20616065 -0.48329523
v 0.34350082 0.17455052 -0.47167850
v 0.34350082 0.17455052 -0.47167850
v 0.34350082 0.17455052 -0.47167850
v 0.34350082 0.17455052 -0.47167850
v 0.34350082 0.17455052 -0.47167850
v 0.37447366 0.14277402 -0.43917447
v 0.37447366 0.14277402 -0.43917447
v 0.37447366 0.14277402 -0.43917447
v 0.37447366 0.14277402 -0.43917447
v 0.37447366 0.14277402 -0.43917447
v 0.37447366 0.14277402 -0.43917447
v 0.36452827 0.17455052 -0.45582703
v 0.36452827 0.17455052 -0.45582703
v 0.36452827 0.17455052 -0.45582703
v 0.36452827 0.17455052 -0.45582703
v 0.38036987 0.17455052 -0.44380972
v 0.38036987 0.17455052 -0.44380972
v 0.38036987 0.17455052 -0.44380972
v 0.38036987 0.17455052 -0.44380972
v 0.38036987 0.17455052 -0.44380972
v 0.38036987 0.17455052 -0.44380972
v 0.38036987 0.17455052 -0.44380972
v 0.38036987 0.17455052 -0.44380972
v 0.38036987 0.17455052 -0.44380972
v 0.41354498 0.15624991 -0.41353747
v 0.41354498 0.15624991 -0.41353747
v 0.41354498 0.15624991 -0.41353747
v 0.41354498 0.15624991 -0.41353747
v 0.41354498 0.15624991 -0.41353747
v 0.41354498 0.15624991 -0.41353747
v 0.41354498 0.15624991 -0.41353747
v 0.41354498 0.15624991 -0.41353747
v 0.41354498 0.15624991 -0.41353747
v 0.41354498 0.15624991 -0.41353747
v 0.41354498 0.15624991 -0.41353747
v 0.41354498 0.15624991 -0.41353747
v 0.41354498 0.15624991 -0.41353747
v 0.41354498 0.15624991 -0.41353747
v 0.41354498 0.15624991 -0.41353747
v 0.33973578 0.10334461 -0.43688545
v 0.33973578 0.10334461 -0.43688545
v 0.33973578 0.10334461 -0.43688545
v 0.33973578 0.10334461 -0.43688545
v 0.35323310 0.09136600 -0.41576925
v 0.35323310 0.09136600 -0.41576925
v 0.35323310 0.09136600 -0.41576925
v 0.35323310 0.09136600 -0.41576925
v 0.35323310 0.09136600 -0.41576925
v 0.35323310 0.09136600 -0.41576925
v 0.35323310 0.09136600 -0.41576925
v 0.35323310 0.09136600 -0.41576925
v 0.35323310 0.09136600 -0.41576925
v 0.33071387 0.08604220 -0.42704266
v 0.33071387 0.08604220 -0.42704266
v 0.33071387 0.08604220 -0.42704266
v 0.33071387 0.08604220 -0.42704266
v 0.33071387 0.08604220 -0.42704266
v 0.33298707 0.06873979 -0.40529704
v 0.33298707 0.06873979 -0.40529704
v 0.33298707 0.06873979 -0.40529704
v 0.33298707 0.06873979 -0.40529704
v 0.33298707 0.06873979 -0.40529704
v 0.33298707 0.06873979 -0.40529704
v 0.31963181 0.06458056 -0.41067618
v 0.31963181 0.06458056 -0.41067618
v 0.31963181 0.06458056 -0.41067618
v 0.31963181 0.06458056 -0.41067618
v 0.44075277 0.06458056 -0.28048840
v 0.44075277 0.06458056 -0.28048840
v 0.44075277 0.06458056 -0.28048840
v 0.41333187 0.06458056 -0.31814271
v 0.41333187 0.06458056 -0.31814271
v 0.41333187 0.06458056 -0.31814271
v 0.41333187 0.06458056 -0.31814271
v 0.41333187 0.06458056 -0.31814271
v 0.41333187 0.06458056 -0.31814271
v 0.41333187 0.06458056 -0.31814271
v 0.43428829 0.07106902 -0.30126125
v 0.43428829 0.07106902 -0.30126125
v 0.43428829 0.07106902 -0.30126125
v 0.43428829 0.07106902 -0.30126125
v 0.44608068 0.09286328 -0.31980225
v 0.44608068 0.09286328 -0.31980225
v 0.44608068 0.09286328 -0.31980225
v 0.44608068 0.09286328 -0.31980225
v 0.44608068 0.09286328 -0.31980225
v 0.44608068 0.09286328 -0.31980225
v 0.44608068 0.09286328 -0.31980225
v 0.44608068 0.09286328 -0.31980225
v 0.44608068 0.09286328 -0.31980225
v 0.44608068 0.09286328 -0.31980225
v 0.44608068 0.09286328 -0.31980225
v 0.46788958 0.10467553 -0.30126125
v 0.46788958 0.10467553 -0.30126125
v 0.46788958 0.10467553 -0.30126125
v 0.45694962 0.11465766 -0.32918721
v 0.45694962 0.11465766 -0.32918721
v 0.45694962 0.11465766 -0.32918721
v 0.44672003 0.12380796 -0.35202014
v 0.44672003 0.12380796 -0.35202014
v 0.44672003 0.12380796 -0.35202014
v 0.44672003 0.12380796 -0.35202014
v 0.44672003 0.12380796 -0.35202014
v 0.44672003 0.12380796 -0.35202014
v 0.44672003 0.12380796 -0.35202014
v 0.44672003 0.12380796 -0.35202014
v 0.44672003 0.12380796 -0.35202014
v 0.44672003 0.12380796 -0.35202014
v 0.51427782 1.25245595 -0.26601037
v 0.51427782 1.25245595 -0.26601037
v 0.51427782 1.25245595 -0.26601037
v 0.51427782 1.25245595 -0.26601037
v 0.51427782 1.25245595 -0.26601037
v 0.51427782 1.25245595 -0.26601037
v 0.51285702 1.47439241 -0.26360691
v 0.51285702 1.47439241 -0.26360691
v 0.51285702 1.47439241 -0.26360691
v 0.51285702 1.47439241 -0.26360691
v 0.45730484 0.17455052 -0.36455253
v 0.45730484 0.17455052 -0.36455253
v 0.45730484 0.17455052 -0.36455253
v 0.45730484 0.17455052 -0.36455253
v 0.45339769 1.22084582 -0.35980281
v 0.45339769 1.22084582 -0.35980281
v 0.45339769 1.22084582 -0.35980281
v 0.45339769 1.22084582 -0.35980281
v 0.45339769 1.22084582 -0.35980281
v 0.45339769 1.22084582 -0.35980281
v 0.45339769 1.22084582 -0.35980281
v 0.46923929 1.22084582 -0.34011728
v 0.46923929 1.22084582 -0.34011728
v 0.46923929 1.22084582 -0.34011728
v 0.46923929 1.22084582 -0.34011728
v 0.46923929 1.22084582 -0.34011728
v 0.46923929 1.22084582 -0.34011728
v 0.46923929 1.22084582 -0.34011728
v 0.46923929 1.22084582 -0.34011728
v 0.46923929 1.22084582 -0.34011728
v 0.46923929 1.22084582 -0.34011728
v 0.46923929 1.22084582 -0.34011728
v 0.48046342 1.22084582 -0.32426584
v 0.48046342 1.22084582 -0.32426584
v 0.48046342 1.22084582 -0.32426584
v 0.48046342 1.22084582 -0.32426584
v 0.48032132 1.25245595 -0.32397974
v 0.48032132 1.25245595 -0.32397974
v 0.48032132 1.25245595 -0.32397974
v 0.48032132 1.25245595 -0.32397974
v 0.48010823 1.28423250 -0.32375082
v 0.48010823 1.28423250 -0.32375082
v 0.48010823 1.28423250 -0.32375082
v 0.48010823 1.28423250 -0.32375082
v 0.48010823 1.28423250 -0.32375082
v 0.49417388 1.25245595 -0.30126125
v 0.49417388 1.25245595 -0.30126125
v 0.49417388 1.25245595 -0.30126125
v 0.49417388 1.25245595 -0.30126125
v 0.49417388 1.25245595 -0.30126125
v 0.50539804 1.25245595 -0.28186181
v 0.50539804 1.25245595 -0.28186181
v 0.50539804 1.25245595 -0.28186181
v 0.50539804 1.25245595 -0.28186181
v 0.50539804 1.25245595 -0.28186181
v 0.50539804 1.25245595 -0.28186181
v 0.45261627 0.14277402 -0.35905889
v 0.45261627 0.14277402 -0.35905889
v 0.45261627 0.14277402 -0.35905889
v 0.45261627 0.14277402 -0.35905889
v 0.45034301 1.63294208 -0.32541037
v 0.45034301 1.63294208 -0.32541037
v 0.45034301 1.63294208 -0.32541037
v 0.45034301 1.63294208 -0.32541037
v 0.44458887 1.64957905 -0.31791380
v 0.44458887 1.64957905 -0.31791380
v 0.44458887 1.64957905 -0.31791380
v 0.44458887 1.64957905 -0.31791380
v 0.44458887 1.64957905 -0.31791380
v 0.44458887 1.64957905 -0.31791380
v 0.44458887 1.64957905 -0.31791380
v 0.44458887 1.64957905 -0.31791380
v 0.44458887 1.64957905 -0.31791380
v 0.45005888 1.65706563 -0.30126125
v 0.45005888 1.65706563 -0.30126125
v 0.45005888 1.65706563 -0.30126125
v 0.45005888 1.65706563 -0.30126125
v 0.45005888 1.65706563 -0.30126125
v 0.44373640 1.61663795 -0.34852940
v 0.44373640 1.61663795 -0.34852940
v 0.44373640 1.61663795 -0.34852940
v 0.44373640 1.61663795 -0.34852940
v 0.44373640 1.61663795 -0.34852940
v 0.44373640 1.61663795 -0.34852940
v 0.44373640 1.61663795 -0.34852940
v 0.44373640 1.61663795 -0.34852940
v 0.44373640 1.61663795 -0.34852940
v 0.44373640 1.61663795 -0.34852940
v 0.48287868 1.60000098 -0.30189070
v 0.48287868 1.60000098 -0.30189070
v 0.48287868 1.60000098 -0.30189070
v 0.46043050 1.60266292 -0.33359358
v 0.46043050 1.60266292 -0.33359358
v 0.46043050 1.60266292 -0.33359358
v 0.46043050 1.60266292 -0.33359358
v 0.39450660 1.76420724 -0.26784158
v 0.39450660 1.76420724 -0.26784158
v 0.39450660 1.76420724 -0.26784158
v 0.39450660 1.76420724 -0.26784158
v 0.50369310 1.53794539 -0.27877164
v 0.50369310 1.53794539 -0.27877164
v 0.50369310 1.53794539 -0.27877164
v 0.50369310 1.53794539 -0.27877164
v 0.49076402 1.53794539 -0.30126125
v 0.49076402 1.53794539 -0.30126125
v 0.49076402 1.53794539 -0.30126125
v 0.49076402 1.53794539 -0.30126125
v 0.49076402 1.53794539 -0.30126125
v 0.49076402 1.53794539 -0.30126125
v 0.49076402 1.53794539 -0.30126125
v 0.49076402 1.53794539 -0.30126125
v 0.48927224 1.56955540 -0.30126125
v 0.48927224 1.56955540 -0.30126125
v 0.48927224 1.56955540 -0.30126125
v 0.48927224 1.56955540 -0.30126125
v 0.47790602 1.56955540 -0.32037452
v 0.47790602 1.56955540 -0.32037452
v 0.47790602 1.56955540 -0.32037452
v 0.47790602 1.56955540 -0.32037452
v 0.47790602 1.56955540 -0.32037452
v 0.47790602 1.56955540 -0.32037452
v 0.46632671 1.56955540 -0.33622596
v 0.46632671 1.56955540 -0.33622596
v 0.46632671 1.56955540 -0.33622596
v 0.46632671 1.56955540 -0.33622596
v 0.45048511 1.56955540 -0.35642654
v 0.45048511 1.56955540 -0.35642654
v 0.45048511 1.56955540 -0.35642654
v 0.45048511 1.56955540 -0.35642654
v 0.45048511 1.56955540 -0.35642654
v 0.45048511 1.56955540 -0.35642654
v 0.44778562 1.59550905 -0.35327911
v 0.44778562 1.59550905 -0.35327911
v 0.44778562 1.59550905 -0.35327911
v 0.44778562 1.59550905 -0.35327911
v 0.44778562 1.59550905 -0.35327911
v 0.44778562 1.59550905 -0.35327911
v 0.44778562 1.59550905 -0.35327911
v 0.44778562 1.59550905 -0.35327911
v 0.20525950 1.63310838 -0.51528424
v 0.20525950 1.63310838 -0.51528424
v 0.20525950 1.63310838 -0.51528424
v 0.20525950 1.63310838 -0.51528424
v 0.20525950 1.63310838 -0.51528424
v 0.22919956 1.62262726 -0.51064897
v 0.22919956 1.62262726 -0.51064897
v 0.22919956 1.62262726 -0.51064897
v 0.22919956 1.62262726 -0.51064897
v 0.22919956 1.62262726 -0.51064897
v 0.22919956 1.62262726 -0.51064897
v 0.25036907 1.61281145 -0.50578481
v 0.25036907 1.61281145 -0.50578481
v 0.25036907 1.61281145 -0.50578481
v 0.25036907 1.61281145 -0.50578481
v 0.25036907 1.61281145 -0.50578481
v 0.25036907 1.61281145 -0.50578481
v 0.25036907 1.61281145 -0.50578481
v 0.25036907 1.61281145 -0.50578481
v 0.16554888 1.76420724 -0.44770107
v 0.16554888 1.76420724 -0.44770107
v 0.16554888 1.76420724 -0.44770107
v 0.19403540 1.65124261 -0.50904667
v 0.19403540 1.65124261 -0.50904667
v 0.19403540 1.65124261 -0.50904667
v 0.19403540 1.65124261 -0.50904667
v 0.19403540 1.65124261 -0.50904667
v 0.19403540 1.65124261 -0.50904667
v 0.19403540 1.65124261 -0.50904667
v 0.19403540 1.65124261 -0.50904667
v 0.19403540 1.65124261 -0.50904667
v 0.17449975 1.65640020 -0.51236576
v 0.17449975 1.65640020 -0.51236576
v 0.17449975 1.65640020 -0.51236576
v 0.31856623 1.58818889 -0.47665706
v 0.31856623 1.58818889 -0.47665706
v 0.31856623 1.58818889 -0.47665706
v 0.31856623 1.58818889 -0.47665706
v 0.31856623 1.58818889 -0.47665706
v 0.31856623 1.58818889 -0.47665706
v 0.31856623 1.58818889 -0.47665706
v 0.31856623 1.58818889 -0.47665706
v 0.31856623 1.58818889 -0.47665706
v 0.31856623 1.58818889 -0.47665706
v 0.31856623 1.58818889 -0.47665706
v 0.27700859 1.56955540 -0.50320971
v 0.27700859 1.56955540 -0.50320971
v 0.27700859 1.56955540 -0.50320971
v 0.27700859 1.56955540 -0.50320971
v 0.27700859 1.56955540 -0.50320971
v 0.27700859 1.56955540 -0.50320971
v 0.26109594 1.56955540 -0.51082069
v 0.26109594 1.56955540 -0.51082069
v 0.26109594 1.56955540 -0.51082069
v 0.26109594 1.56955540 -0.51082069
v 0.23900288 1.60183108 -0.51476920
v 0.23900288 1.60183108 -0.51476920
v 0.23900288 1.60183108 -0.51476920
v 0.26898122 1.60183108 -0.50034845
v 0.26898122 1.60183108 -0.50034845
v 0.26898122 1.60183108 -0.50034845
v 0.26898122 1.60183108 -0.50034845
v 0.30165902 1.59983468 -0.48289469
v 0.30165902 1.59983468 -0.48289469
v 0.30165902 1.59983468 -0.48289469
v 0.30165902 1.59983468 -0.48289469
v 0.30165902 1.59983468 -0.48289469
v 0.26223254 1.53794539 -0.51145011
v 0.26223254 1.53794539 -0.51145011
v 0.26223254 1.53794539 -0.51145011
v 0.26223254 1.53794539 -0.51145011
v 0.26223254 1.53794539 -0.51145011
v 0.26223254 1.53794539 -0.51145011
v 0.26223254 1.53794539 -0.51145011
v 0.26223254 1.53794539 -0.51145011
v 0.23786627 1.53794539 -0.52289522
v 0.23786627 1.53794539 -0.52289522
v 0.23786627 1.53794539 -0.52289522
v 0.23786627 1.53794539 -0.52289522
v 0.23786627 1.53794539 -0.52289522
v 0.38555571 0.12197794 -0.41657040
v 0.38555571 0.12197794 -0.41657040
v 0.38555571 0.12197794 -0.41657040
v 0.38555571 0.12197794 -0.41657040
v 0.38555571 0.12197794 -0.41657040
v 0.38555571 0.12197794 -0.41657040
v 0.38555571 0.12197794 -0.41657040
v 0.38555571 0.12197794 -0.41657040
v 0.38555571 0.12197794 -0.41657040
v 0.38555571 0.12197794 -0.41657040
v 0.36296540 0.11266128 -0.42675653
v 0.36296540 0.11266128 -0.42675653
v 0.36296540 0.11266128 -0.42675653
v 0.36296540 0.11266128 -0.42675653
v 0.28162611 1.25245595 -0.50549871
v 0.28162611 1.25245595 -0.50549871
v 0.28162611 1.25245595 -0.50549871
v 0.28162611 1.25245595 -0.50549871
v 0.28162611 1.25245595 -0.50549871
v 0.28162611 1.25245595 -0.50549871
v 0.28162611 1.25245595 -0.50549871
v 0.28119987 1.28423250 -0.50532699
v 0.28119987 1.28423250 -0.50532699
v 0.28119987 1.28423250 -0.50532699
v 0.27814519 1.53794539 -0.50378191
v 0.27814519 1.53794539 -0.50378191
v 0.27814519 1.53794539 -0.50378191
v 0.27814519 1.53794539 -0.50378191
v 0.27814519 1.53794539 -0.50378191
v 0.27814519 1.53794539 -0.50378191
v 0.27814519 1.53794539 -0.50378191
v 0.32325479 1.22084582 -0.48009062
v 0.32325479 1.22084582 -0.48009062
v 0.32325479 1.22084582 -0.48009062
v 0.32325479 1.22084582 -0.48009062
v 0.32325479 1.22084582 -0.48009062
v 0.32325479 1.22084582 -0.48009062
v 0.32325479 1.22084582 -0.48009062
v 0.32325479 1.22084582 -0.48009062
v 0.30130383 1.25245595 -0.49393919
v 0.30130383 1.25245595 -0.49393919
v 0.30130383 1.25245595 -0.49393919
v 0.30130383 1.25245595 -0.49393919
v 0.30130383 1.25245595 -0.49393919
v 0.34350082 0.20616065 -0.47162127
v 0.34350082 0.20616065 -0.47162127
v 0.34350082 0.20616065 -0.47162127
v 0.34350082 0.20616065 -0.47162127
v 0.34350082 0.20616065 -0.47162127
v 0.34350082 0.20616065 -0.47162127
v 0.39628255 0.14443778 -0.42183518
v 0.39628255 0.14443778 -0.42183518
v 0.39628255 0.14443778 -0.42183518
v 0.39628255 0.14443778 -0.42183518
v 0.39642465 0.17455052 -0.42984670
v 0.39642465 0.17455052 -0.42984670
v 0.39642465 0.17455052 -0.42984670
v 0.39642465 0.17455052 -0.42984670
v 0.33909640 1.22084582 -0.46824497
v 0.33909640 1.22084582 -0.46824497
v 0.33909640 1.22084582 -0.46824497
v 0.33909640 1.22084582 -0.46824497
v 0.33909640 1.22084582 -0.46824497
v 0.35983971 1.22084582 -0.45239353
v 0.35983971 1.22084582 -0.45239353
v 0.35983971 1.22084582 -0.45239353
v 0.35983971 1.22084582 -0.45239353
v 0.35983971 1.22084582 -0.45239353
v 0.37568131 1.22084582 -0.44003284
v 0.37568131 1.22084582 -0.44003284
v 0.37568131 1.22084582 -0.44003284
v 0.37568131 1.22084582 -0.44003284
v 0.37568131 1.22084582 -0.44003284
v 0.37568131 1.22084582 -0.44003284
v 0.37568131 1.22084582 -0.44003284
v 0.39400932 1.22084582 -0.42418140
v 0.39400932 1.22084582 -0.42418140
v 0.39400932 1.22084582 -0.42418140
v 0.39400932 1.22084582 -0.42418140
v 0.39400932 1.22084582 -0.42418140
v 0.39400932 1.22084582 -0.42418140
v 0.39400932 1.22084582 -0.42418140
v 0.41418433 0.17455052 -0.41416696
v 0.41418433 0.17455052 -0.41416696
v 0.41418433 0.17455052 -0.41416696
v 0.41418433 0.17455052 -0.41416696
v 0.41418433 0.17455052 -0.41416696
v 0.41418433 0.17455052 -0.41416696
v 0.42988387 0.17455052 -0.39636984
v 0.42988387 0.17455052 -0.39636984
v 0.42988387 0.17455052 -0.39636984
v 0.42988387 0.17455052 -0.39636984
v 0.44387847 0.17455052 -0.38040394
v 0.44387847 0.17455052 -0.38040394
v 0.44387847 0.17455052 -0.38040394
v 0.44387847 0.17455052 -0.38040394
v 0.44387847 0.17455052 -0.38040394
v 0.44387847 0.17455052 -0.38040394
v 0.43918991 0.14277402 -0.37491032
v 0.43918991 0.14277402 -0.37491032
v 0.43918991 0.14277402 -0.37491032
v 0.43918991 0.14277402 -0.37491032
v 0.42185649 0.14443778 -0.39619818
v 0.42185649 0.14443778 -0.39619818
v 0.42185649 0.14443778 -0.39619818
v 0.42185649 0.14443778 -0.39619818
v 0.40672526 0.13512111 -0.40661320
v 0.40672526 0.13512111 -0.40661320
v 0.40672526 0.13512111 -0.40661320
v 0.40672526 0.13512111 -0.40661320
v 0.40672526 0.13512111 -0.40661320
v 0.40672526 0.13512111 -0.40661320
v 0.37433159 0.10084902 -0.40689933
v 0.37433159 0.10084902 -0.40689933
v 0.37433159 0.10084902 -0.40689933
v 0.38569781 0.09003508 -0.38572592
v 0.38569781 0.09003508 -0.38572592
v 0.38569781 0.09003508 -0.38572592
v 0.38569781 0.09003508 -0.38572592
v 0.38569781 0.09003508 -0.38572592
v 0.38569781 0.09003508 -0.38572592
v 0.38569781 0.09003508 -0.38572592
v 0.38569781 0.09003508 -0.38572592
v 0.38569781 0.09003508 -0.38572592
v 0.38569781 0.09003508 -0.38572592
v 0.36261022 0.08021932 -0.39459586
v 0.36261022 0.08021932 -0.39459586
v 0.36261022 0.08021932 -0.39459586
v 0.36261022 0.08021932 -0.39459586
v 0.36261022 0.08021932 -0.39459586
v 0.36261022 0.08021932 -0.39459586
v 0.34477952 0.06458056 -0.39018950
v 0.34477952 0.06458056 -0.39018950
v 0.34477952 0.06458056 -0.39018950
v 0.34477952 0.06458056 -0.39018950
v 0.41077447 0.06458056 -0.32117566
v 0.41077447 0.06458056 -0.32117566
v 0.41077447 0.06458056 -0.32117566
v 0.41077447 0.06458056 -0.32117566
v 0.40317333 0.07023708 -0.33845776
v 0.40317333 0.07023708 -0.33845776
v 0.40317333 0.07023708 -0.33845776
v 0.40317333 0.07023708 -0.33845776
v 0.40317333 0.07023708 -0.33845776
v 0.40317333 0.07023708 -0.33845776
v 0.42476907 0.08155024 -0.32912999
v 0.42476907 0.08155024 -0.32912999
v 0.42476907 0.08155024 -0.32912999
v 0.42476907 0.08155024 -0.32912999
v 0.41603133 0.09136600 -0.35316467
v 0.41603133 0.09136600 -0.35316467
v 0.41603133 0.09136600 -0.35316467
v 0.41603133 0.09136600 -0.35316467
v 0.41603133 0.09136600 -0.35316467
v 0.41603133 0.09136600 -0.35316467
v 0.41603133 0.09136600 -0.35316467
v 0.43712983 0.10267916 -0.34097564
v 0.43712983 0.10267916 -0.34097564
v 0.43712983 0.10267916 -0.34097564
v 0.43712983 0.10267916 -0.34097564
v 0.43712983 0.10267916 -0.34097564
v 0.41652858 0.12214430 -0.38543981
v 0.41652858 0.12214430 -0.38543981
v 0.41652858 0.12214430 -0.38543981
v 0.41652858 0.12214430 -0.38543981
v 0.41652858 0.12214430 -0.38543981
v 0.41652858 0.12214430 -0.38543981
v 0.41652858 0.12214430 -0.38543981
v 0.50390625 1.50616896 -0.27911499
v 0.50390625 1.50616896 -0.27911499
v 0.50390625 1.50616896 -0.27911499
v 0.50390625 1.50616896 -0.27911499
v 0.50390625 1.50616896 -0.27911499
v 0.43975824 1.22084582 -0.37565428
v 0.43975824 1.22084582 -0.37565428
v 0.43975824 1.22084582 -0.37565428
v 0.43975824 1.22084582 -0.37565428
v 0.43961614 1.25245595 -0.37548256
v 0.43961614 1.25245595 -0.37548256
v 0.43961614 1.25245595 -0.37548256
v 0.43961614 1.25245595 -0.37548256
v 0.43961614 1.25245595 -0.37548256
v 0.43961614 1.25245595 -0.37548256
v 0.43961614 1.25245595 -0.37548256
v 0.43961614 1.25245595 -0.37548256
v 0.43961614 1.25245595 -0.37548256
v 0.43961614 1.25245595 -0.37548256
v 0.45318457 1.25245595 -0.35963115
v 0.45318457 1.25245595 -0.35963115
v 0.45318457 1.25245595 -0.35963115
v 0.45318457 1.25245595 -0.35963115
v 0.45219004 1.41100574 -0.35837218
v 0.45219004 1.41100574 -0.35837218
v 0.45219004 1.41100574 -0.35837218
v 0.45219004 1.41100574 -0.35837218
v 0.45133758 1.53794539 -0.35739934
v 0.45133758 1.53794539 -0.35739934
v 0.45133758 1.53794539 -0.35739934
v 0.45133758 1.53794539 -0.35739934
v 0.45133758 1.53794539 -0.35739934
v 0.45133758 1.53794539 -0.35739934
v 0.45133758 1.53794539 -0.35739934
v 0.45133758 1.53794539 -0.35739934
v 0.46881306 1.28423250 -0.33960223
v 0.46881306 1.28423250 -0.33960223
v 0.46881306 1.28423250 -0.33960223
v 0.46881306 1.28423250 -0.33960223
v 0.47861639 1.53794539 -0.32146180
v 0.47861639 1.53794539 -0.32146180
v 0.47861639 1.53794539 -0.32146180
v 0.47861639 1.53794539 -0.32146180
v 0.47861639 1.53794539 -0.32146180
v 0.47861639 1.53794539 -0.32146180
v 0.47861639 1.53794539 -0.32146180
v 0.47861639 1.53794539 -0.32146180
v 0.43784019 1.63294208 -0.34126177
v 0.43784019 1.63294208 -0.34126177
v 0.43784019 1.63294208 -0.34126177
v 0.43784019 1.63294208 -0.34126177
v 0.41482368 1.65190828 -0.35179126
v 0.41482368 1.65190828 -0.35179126
v 0.41482368 1.65190828 -0.35179126
v 0.41482368 1.65190828 -0.35179126
v 0.41482368 1.65190828 -0.35179126
v 0.41482368 1.65190828 -0.35179126
v 0.41482368 1.65190828 -0.35179126
v 0.38115132 1.76420724 -0.28609648
v 0.38115132 1.76420724 -0.28609648
v 0.38115132 1.76420724 -0.28609648
v 0.38115132 1.76420724 -0.28609648
v 0.39265960 1.76420724 -0.27041674
v 0.39265960 1.76420724 -0.27041674
v 0.39265960 1.76420724 -0.27041674
v 0.43506971 1.60416019 -0.36420918
v 0.43506971 1.60416019 -0.36420918
v 0.43506971 1.60416019 -0.36420918
v 0.41716793 1.60133195 -0.38601205
v 0.41716793 1.60133195 -0.38601205
v 0.41716793 1.60133195 -0.38601205
v 0.41716793 1.60133195 -0.38601205
v 0.41716793 1.60133195 -0.38601205
v 0.41716793 1.60133195 -0.38601205
v 0.41716793 1.60133195 -0.38601205
v 0.41347393 1.61896706 -0.38194907
v 0.41347393 1.61896706 -0.38194907
v 0.41347393 1.61896706 -0.38194907
v 0.41347393 1.61896706 -0.38194907
v 0.41347393 1.61896706 -0.38194907
v 0.41347393 1.61896706 -0.38194907
v 0.41347393 1.61896706 -0.38194907
v 0.42079091 1.63094568 -0.36329356
v 0.42079091 1.63094568 -0.36329356
v 0.42079091 1.63094568 -0.36329356
v 0.42079091 1.63094568 -0.36329356
v 0.42079091 1.63094568 -0.36329356
v 0.46717918 1.53794539 -0.33731323
v 0.46717918 1.53794539 -0.33731323
v 0.46717918 1.53794539 -0.33731323
v 0.46717918 1.53794539 -0.33731323
v 0.46717918 1.53794539 -0.33731323
v 0.46717918 1.53794539 -0.33731323
v 0.43684566 1.56955540 -0.37227795
v 0.43684566 1.56955540 -0.37227795
v 0.43684566 1.56955540 -0.37227795
v 0.43684566 1.56955540 -0.37227795
v 0.43684566 1.56955540 -0.37227795
v 0.42100403 1.56955540 -0.39030397
v 0.42100403 1.56955540 -0.39030397
v 0.42100403 1.56955540 -0.39030397
v 0.42100403 1.56955540 -0.39030397
v 0.42100403 1.56955540 -0.39030397
v 0.42100403 1.56955540 -0.39030397
v 0.21513389 1.64375615 -0.50412530
v 0.21513389 1.64375615 -0.50412530
v 0.21513389 1.64375615 -0.50412530
v 0.21513389 1.64375615 -0.50412530
v 0.21513389 1.64375615 -0.50412530
v 0.21513389 1.64375615 -0.50412530
v 0.23900288 1.63310838 -0.49943280
v 0.23900288 1.63310838 -0.49943280
v 0.23900288 1.63310838 -0.49943280
v 0.23900288 1.63310838 -0.49943280
v 0.26898122 1.63327479 -0.48449698
v 0.26898122 1.63327479 -0.48449698
v 0.26898122 1.63327479 -0.48449698
v 0.26898122 1.63327479 -0.48449698
v 0.26898122 1.63327479 -0.48449698
v 0.26898122 1.63327479 -0.48449698
v 0.29135838 1.62279356 -0.47923228
v 0.29135838 1.62279356 -0.47923228
v 0.29135838 1.62279356 -0.47923228
v 0.29135838 1.62279356 -0.47923228
v 0.29135838 1.62279356 -0.47923228
v 0.29135838 1.62279356 -0.47923228
v 0.29135838 1.62279356 -0.47923228
v 0.29135838 1.62279356 -0.47923228
v 0.16782211 1.76420724 -0.44672823
v 0.16782211 1.76420724 -0.44672823
v 0.16782211 1.76420724 -0.44672823
v 0.19737422 1.76420724 -0.43350911
v 0.19737422 1.76420724 -0.43350911
v 0.19737422 1.76420724 -0.43350911
v 0.20454912 1.76420724 -0.43024728
v 0.20454912 1.76420724 -0.43024728
v 0.20454912 1.76420724 -0.43024728
v 0.20454912 1.76420724 -0.43024728
v 0.20454912 1.76420724 -0.43024728
v 0.37170321 1.56955540 -0.43711433
v 0.37170321 1.56955540 -0.43711433
v 0.37170321 1.56955540 -0.43711433
v 0.37170321 1.56955540 -0.43711433
v 0.37170321 1.56955540 -0.43711433
v 0.37170321 1.56955540 -0.43711433
v 0.33575758 1.56955540 -0.46538368
v 0.33575758 1.56955540 -0.46538368
v 0.33575758 1.56955540 -0.46538368
v 0.33575758 1.56955540 -0.46538368
v 0.33575758 1.56955540 -0.46538368
v 0.31991595 1.56955540 -0.47768712
v 0.31991595 1.56955540 -0.47768712
v 0.31991595 1.56955540 -0.47768712
v 0.31991595 1.56955540 -0.47768712
v 0.31991595 1.56955540 -0.47768712
v 0.31991595 1.56955540 -0.47768712
v 0.31991595 1.56955540 -0.47768712
v 0.30130383 1.56955540 -0.48936114
v 0.30130383 1.56955540 -0.48936114
v 0.30130383 1.56955540 -0.48936114
v 0.30130383 1.56955540 -0.48936114
v 0.30130383 1.56955540 -0.48936114
v 0.31245691 1.60948408 -0.47253686
v 0.31245691 1.60948408 -0.47253686
v 0.31245691 1.60948408 -0.47253686
v 0.31245691 1.60948408 -0.47253686
v 0.31245691 1.60948408 -0.47253686
v 0.34818938 1.61580610 -0.44340914
v 0.34818938 1.61580610 -0.44340914
v 0.34818938 1.61580610 -0.44340914
v 0.34818938 1.61580610 -0.44340914
v 0.34818938 1.61580610 -0.44340914
v 0.34818938 1.61580610 -0.44340914
v 0.36395997 1.60366118 -0.43534034
v 0.36395997 1.60366118 -0.43534034
v 0.36395997 1.60366118 -0.43534034
v 0.36395997 1.60366118 -0.43534034
v 0.36395997 1.60366118 -0.43534034
v 0.35287791 1.59467721 -0.44724324
v 0.35287791 1.59467721 -0.44724324
v 0.35287791 1.59467721 -0.44724324
v 0.35287791 1.59467721 -0.44724324
v 0.39621150 0.11149672 -0.39619818
v 0.39621150 0.11149672 -0.39619818
v 0.39621150 0.11149672 -0.39619818
v 0.30130383 1.53794539 -0.49050561
v 0.30130383 1.53794539 -0.49050561
v 0.30130383 1.53794539 -0.49050561
v 0.30130383 1.53794539 -0.49050561
v 0.30130383 1.53794539 -0.49050561
v 0.30130383 1.53794539 -0.49050561
v 0.32069740 1.53794539 -0.47825941
v 0.32069740 1.53794539 -0.47825941
v 0.32069740 1.53794539 -0.47825941
v 0.32069740 1.53794539 -0.47825941
v 0.32069740 1.53794539 -0.47825941
v 0.32069740 1.53794539 -0.47825941
v 0.33888331 1.25245595 -0.46807328
v 0.33888331 1.25245595 -0.46807328
v 0.33888331 1.25245595 -0.46807328
v 0.33888331 1.25245595 -0.46807328
v 0.33888331 1.25245595 -0.46807328
v 0.33888331 1.25245595 -0.46807328
v 0.35955554 1.25245595 -0.45222184
v 0.35955554 1.25245595 -0.45222184
v 0.35955554 1.25245595 -0.45222184
v 0.35955554 1.25245595 -0.45222184
v 0.35955554 1.25245595 -0.45222184
v 0.35955554 1.25245595 -0.45222184
v 0.37283981 1.53794539 -0.43791550
v 0.37283981 1.53794539 -0.43791550
v 0.37283981 1.53794539 -0.43791550
v 0.37283981 1.53794539 -0.43791550
v 0.37283981 1.53794539 -0.43791550
v 0.37283981 1.53794539 -0.43791550
v 0.37283981 1.53794539 -0.43791550
v 0.37283981 1.53794539 -0.43791550
v 0.39159402 1.53794539 -0.42206407
v 0.39159402 1.53794539 -0.42206407
v 0.39159402 1.53794539 -0.42206407
v 0.39159402 1.53794539 -0.42206407
v 0.39159402 1.53794539 -0.42206407
v 0.39159402 1.53794539 -0.42206407
v 0.39159402 1.53794539 -0.42206407
v 0.39159402 1.53794539 -0.42206407
v 0.39287272 1.37939560 -0.42309412
v 0.39287272 1.37939560 -0.42309412
v 0.39287272 1.37939560 -0.42309412
v 0.39287272 1.37939560 -0.42309412
v 0.39287272 1.37939560 -0.42309412
v 0.39379624 1.25245595 -0.42395249
v 0.39379624 1.25245595 -0.42395249
v 0.40985096 1.22084582 -0.40976062
v 0.40985096 1.22084582 -0.40976062
v 0.40985096 1.22084582 -0.40976062
v 0.40985096 1.22084582 -0.40976062
v 0.40985096 1.22084582 -0.40976062
v 0.40985096 1.22084582 -0.40976062
v 0.42391661 1.22084582 -0.39390916
v 0.42391661 1.22084582 -0.39390916
v 0.42391661 1.22084582 -0.39390916
v 0.42391661 1.22084582 -0.39390916
v 0.42391661 1.22084582 -0.39390916
v 0.42391661 1.22084582 -0.39390916
v 0.42391661 1.22084582 -0.39390916
v 0.39443555 0.08021932 -0.36243516
v 0.39443555 0.08021932 -0.36243516
v 0.39443555 0.08021932 -0.36243516
v 0.39443555 0.08021932 -0.36243516
v 0.37198734 0.06890616 -0.37164846
v 0.37198734 0.06890616 -0.37164846
v 0.37198734 0.06890616 -0.37164846
v 0.37198734 0.06890616 -0.37164846
v 0.37198734 0.06890616 -0.37164846
v 0.37198734 0.06890616 -0.37164846
v 0.37198734 0.06890616 -0.37164846
v 0.40686733 0.10101539 -0.37428084
v 0.40686733 0.10101539 -0.37428084
v 0.40686733 0.10101539 -0.37428084
v 0.40686733 0.10101539 -0.37428084
v 0.35230961 0.06458056 -0.38378027
v 0.35230961 0.06458056 -0.38378027
v 0.35230961 0.06458056 -0.38378027
v 0.35230961 0.06458056 -0.38378027
v 0.37887809 0.06458056 -0.35711321
v 0.37887809 0.06458056 -0.35711321
v 0.37887809 0.06458056 -0.35711321
v 0.42377454 1.25245595 -0.39368024
v 0.42377454 1.25245595 -0.39368024
v 0.42377454 1.25245595 -0.39368024
v 0.42377454 1.25245595 -0.39368024
v 0.42356142 1.28423250 -0.39345136
v 0.42356142 1.28423250 -0.39345136
v 0.42356142 1.28423250 -0.39345136
v 0.42356142 1.28423250 -0.39345136
v 0.42356142 1.28423250 -0.39345136
v 0.42270896 1.41100574 -0.39247853
v 0.42270896 1.41100574 -0.39247853
v 0.42270896 1.41100574 -0.39247853
v 0.42270896 1.41100574 -0.39247853
v 0.42270896 1.41100574 -0.39247853
v 0.42270896 1.41100574 -0.39247853
v 0.43769813 1.53794539 -0.37325078
v 0.43769813 1.53794539 -0.37325078
v 0.43769813 1.53794539 -0.37325078
v 0.43769813 1.53794539 -0.37325078
v 0.43769813 1.53794539 -0.37325078
v 0.43769813 1.53794539 -0.37325078
v 0.46803164 1.41100574 -0.33845776
v 0.46803164 1.41100574 -0.33845776
v 0.46803164 1.41100574 -0.33845776
v 0.46803164 1.41100574 -0.33845776
v 0.40551758 1.64009595 -0.37296465
v 0.40551758 1.64009595 -0.37296465
v 0.40551758 1.64009595 -0.37296465
v 0.40551758 1.64009595 -0.37296465
v 0.40551758 1.64009595 -0.37296465
v 0.40551758 1.64009595 -0.37296465
v 0.35181233 1.76420724 -0.32037452
v 0.35181233 1.76420724 -0.32037452
v 0.35181233 1.76420724 -0.32037452
v 0.35181233 1.76420724 -0.32037452
v 0.35181233 1.76420724 -0.32037452
v 0.36658841 1.76420724 -0.30343577
v 0.36658841 1.76420724 -0.30343577
v 0.36658841 1.76420724 -0.30343577
v 0.40644109 1.56955540 -0.40615538
v 0.40644109 1.56955540 -0.40615538
v 0.40644109 1.56955540 -0.40615538
v 0.40644109 1.56955540 -0.40615538
v 0.40644109 1.56955540 -0.40615538
v 0.40644109 1.56955540 -0.40615538
v 0.40246293 1.60133195 -0.40186349
v 0.40246293 1.60133195 -0.40186349
v 0.40246293 1.60133195 -0.40186349
v 0.40246293 1.60133195 -0.40186349
v 0.40246293 1.60133195 -0.40186349
v 0.38250104 1.61979902 -0.41405252
v 0.38250104 1.61979902 -0.41405252
v 0.38250104 1.61979902 -0.41405252
v 0.38250104 1.61979902 -0.41405252
v 0.38250104 1.61979902 -0.41405252
v 0.38250104 1.61979902 -0.41405252
v 0.38250104 1.61979902 -0.41405252
v 0.38250104 1.61979902 -0.41405252
v 0.38250104 1.61979902 -0.41405252
v 0.38250104 1.61979902 -0.41405252
v 0.39400932 1.62994754 -0.39373747
v 0.39400932 1.62994754 -0.39373747
v 0.39400932 1.62994754 -0.39373747
v 0.39400932 1.62994754 -0.39373747
v 0.42185649 1.53794539 -0.39133403
v 0.42185649 1.53794539 -0.39133403
v 0.42185649 1.53794539 -0.39133403
v 0.42185649 1.53794539 -0.39133403
v 0.42185649 1.53794539 -0.39133403
v 0.42185649 1.53794539 -0.39133403
v 0.40743566 1.53794539 -0.40724269
v 0.40743566 1.53794539 -0.40724269
v 0.40743566 1.53794539 -0.40724269
v 0.40743566 1.53794539 -0.40724269
v 0.40743566 1.53794539 -0.40724269
v 0.40743566 1.53794539 -0.40724269
v 0.25804126 1.65190828 -0.47785881
v 0.25804126 1.65190828 -0.47785881
v 0.25804126 1.65190828 -0.47785881
v 0.25804126 1.65190828 -0.47785881
v 0.25804126 1.65190828 -0.47785881
v 0.25804126 1.65190828 -0.47785881
v 0.27913976 1.64392245 -0.47230798
v 0.27913976 1.64392245 -0.47230798
v 0.27913976 1.64392245 -0.47230798
v 0.27913976 1.64392245 -0.47230798
v 0.27913976 1.64392245 -0.47230798
v 0.27913976 1.64392245 -0.47230798
v 0.27913976 1.64392245 -0.47230798
v 0.27913976 1.64392245 -0.47230798
v 0.30414537 1.63577032 -0.46183574
v 0.30414537 1.63577032 -0.46183574
v 0.30414537 1.63577032 -0.46183574
v 0.30414537 1.63577032 -0.46183574
v 0.30414537 1.63577032 -0.46183574
v 0.32701984 1.62761831 -0.45136347
v 0.32701984 1.62761831 -0.45136347
v 0.32701984 1.62761831 -0.45136347
v 0.32701984 1.62761831 -0.45136347
v 0.32701984 1.62761831 -0.45136347
v 0.32701984 1.62761831 -0.45136347
v 0.32701984 1.62761831 -0.45136347
v 0.22983891 1.76420724 -0.41731435
v 0.22983891 1.76420724 -0.41731435
v 0.22983891 1.76420724 -0.41731435
v 0.22983891 1.76420724 -0.41731435
v 0.38662133 1.60133195 -0.41771495
v 0.38662133 1.60133195 -0.41771495
v 0.38662133 1.60133195 -0.41771495
v 0.38662133 1.60133195 -0.41771495
v 0.38662133 1.60133195 -0.41771495
v 0.38662133 1.60133195 -0.41771495
v 0.38662133 1.60133195 -0.41771495
v 0.39059946 1.56955540 -0.42126289
v 0.39059946 1.56955540 -0.42126289
v 0.39059946 1.56955540 -0.42126289
v 0.39059946 1.56955540 -0.42126289
v 0.39059946 1.56955540 -0.42126289
v 0.39059946 1.56955540 -0.42126289
v 0.35699815 1.53794539 -0.45027620
v 0.35699815 1.53794539 -0.45027620
v 0.35699815 1.53794539 -0.45027620
v 0.35699815 1.53794539 -0.45027620
v 0.35699815 1.53794539 -0.45027620
v 0.33653900 1.53794539 -0.46612763
v 0.33653900 1.53794539 -0.46612763
v 0.33653900 1.53794539 -0.46612763
v 0.33653900 1.53794539 -0.46612763
v 0.33653900 1.53794539 -0.46612763
v 0.33653900 1.53794539 -0.46612763
v 0.36332059 1.63144481 -0.42074788
v 0.36332059 1.63144481 -0.42074788
v 0.36332059 1.63144481 -0.42074788
v 0.36332059 1.63144481 -0.42074788
v 0.36332059 1.63144481 -0.42074788
v 0.36332059 1.63144481 -0.42074788
v 0.35728231 1.50616896 -0.45050508
v 0.35728231 1.50616896 -0.45050508
v 0.35728231 1.50616896 -0.45050508
v 0.35728231 1.50616896 -0.45050508
v 0.40771979 1.50616896 -0.40752882
v 0.40771979 1.50616896 -0.40752882
v 0.40771979 1.50616896 -0.40752882
v 0.40771979 1.50616896 -0.40752882
v 0.40771979 1.50616896 -0.40752882
v 0.40871435 1.37939560 -0.40855888
v 0.40871435 1.37939560 -0.40855888
v 0.40871435 1.37939560 -0.40855888
v 0.40871435 1.37939560 -0.40855888
v 0.40871435 1.37939560 -0.40855888
v 0.40963784 1.25245595 -0.40953171
v 0.40963784 1.25245595 -0.40953171
v 0.40963784 1.25245595 -0.40953171
v 0.40963784 1.25245595 -0.40953171
v 0.40963784 1.25245595 -0.40953171
v 0.40963784 1.25245595 -0.40953171
v 0.42206961 1.50616896 -0.39167735
v 0.42206961 1.50616896 -0.39167735
v 0.42206961 1.50616896 -0.39167735
v 0.42206961 1.50616896 -0.39167735
v 0.42206961 1.50616896 -0.39167735
v 0.38434806 1.65323913 -0.38446695
v 0.38434806 1.65323913 -0.38446695
v 0.38434806 1.65323913 -0.38446695
v 0.38434806 1.65323913 -0.38446695
v 0.38434806 1.65323913 -0.38446695
v 0.38434806 1.65323913 -0.38446695
v 0.38434806 1.65323913 -0.38446695
v 0.33639693 1.76420724 -0.33645484
v 0.33639693 1.76420724 -0.33645484
v 0.33639693 1.76420724 -0.33645484
v 0.35181233 1.65174186 -0.41456753
v 0.35181233 1.65174186 -0.41456753
v 0.35181233 1.65174186 -0.41456753
v 0.35181233 1.65174186 -0.41456753
v 0.35181233 1.65174186 -0.41456753
v 0.35181233 1.65174186 -0.41456753
v 0.37298188 1.64092779 -0.40558314
v 0.37298188 1.64092779 -0.40558314
v 0.37298188 1.64092779 -0.40558314
v 0.37298188 1.64092779 -0.40558314
v 0.37298188 1.64092779 -0.40558314
v 0.29590487 1.65839660 -0.45119178
v 0.29590487 1.65839660 -0.45119178
v 0.29590487 1.65839660 -0.45119178
v 0.29590487 1.65839660 -0.45119178
v 0.24603571 1.76420724 -0.40781492
v 0.24603571 1.76420724 -0.40781492
v 0.24603571 1.76420724 -0.40781492
v 0.26734734 1.76420724 -0.39419529
v 0.26734734 1.76420724 -0.39419529
v 0.26734734 1.76420724 -0.39419529
v 0.26734734 1.76420724 -0.39419529
v 0.26734734 1.76420724 -0.39419529
v 0.31700337 1.64874721 -0.44386697
v 0.31700337 1.64874721 -0.44386697
v 0.31700337 1.64874721 -0.44386697
v 0.31700337 1.64874721 -0.44386697
v 0.31700337 1.64874721 -0.44386697
v 0.31700337 1.64874721 -0.44386697
v 0.31700337 1.64874721 -0.44386697
v 0.31700337 1.64874721 -0.44386697
v 0.31700337 1.64874721 -0.44386697
v 0.33575758 1.63610315 -0.43860221
v 0.33575758 1.63610315 -0.43860221
v 0.33575758 1.63610315 -0.43860221
v 0.32069740 1.76420724 -0.35196295
v 0.32069740 1.76420724 -0.35196295
v 0.32069740 1.76420724 -0.35196295
v 0.32069740 1.76420724 -0.35196295
v 0.30258253 1.76420724 -0.36689875
v 0.30258253 1.76420724 -0.36689875
v 0.30258253 1.76420724 -0.36689875
v 0.30258253 1.76420724 -0.36689875
v 0.30258253 1.76420724 -0.36689875
v 0.30343500 1.76420724 -0.36621207
v 0.30343500 1.76420724 -0.36621207
v 0.30343500 1.76420724 -0.36621207
v 0.30343500 1.76420724 -0.36621207
v 0.30343500 1.76420724 -0.36621207
v 0.28524908 1.76420724 -0.38034675
v 0.28524908 1.76420724 -0.38034675
v 0.28524908 1.76420724 -0.38034675
v -0.58693421 0.17456883 0.01585805
v -0.58693421 0.17456883 0.01585805
v -0.58693421 0.17456883 0.01585805
v -0.58693421 0.17456883 0.01585805
v -0.58693421 0.17456883 0.01585805
v -0.58693421 0.17456883 0.01585805
v -0.58693421 0.17456883 0.01585805
v -0.58433807 0.17456883 0.04755180
v -0.58433807 0.17456883 0.04755180
v -0.58433807 0.17456883 0.04755180
v -0.58433807 0.17456883 0.04755180
v -0.58433807 0.17456883 0.04755180
v -0.57805699 1.22058833 0.04755180
v -0.57805699 1.22058833 0.04755180
v -0.57805699 1.22058833 0.04755180
v -0.57805699 1.22058833 0.04755180
v -0.57805699 1.22058833 0.04755180
v -0.58023435 1.22058833 0.01585805
v -0.58023435 1.22058833 0.01585805
v -0.58023435 1.22058833 0.01585805
v -0.58023435 1.22058833 0.01585805
v -0.58023435 1.22058833 0.01585805
v -0.58023435 1.22058833 0.00168976
v -0.58023435 1.22058833 0.00168976
v -0.58023435 1.22058833 0.00168976
v -0.58023435 1.22058833 0.00168976
v -0.58685046 0.17456883 0.00168976
v -0.58685046 0.17456883 0.00168976
v -0.58685046 0.17456883 0.00168976
v -0.57964820 0.14278598 0.01585805
v -0.57964820 0.14278598 0.01585805
v -0.57964820 0.14278598 0.01585805
v -0.57964820 0.14278598 0.01585805
v -0.57964820 0.14278598 0.01585805
v -0.57964820 0.14278598 0.01585805
v -0.57964820 0.14278598 0.01585805
v -0.57579577 0.14642775 0.07924555
v -0.57579577 0.14642775 0.07924555
v -0.57579577 0.14642775 0.07924555
v -0.57579577 0.14642775 0.07924555
v -0.57579577 0.14642775 0.07924555
v -0.57579577 0.14642775 0.07924555
v -0.57579577 0.14642775 0.07924555
v -0.58123934 0.17456883 0.07924555
v -0.58123934 0.17456883 0.07924555
v -0.58123934 0.17456883 0.07924555
v -0.58123934 0.17456883 0.07924555
v -0.58123934 0.17456883 0.07924555
v -0.58123934 0.17456883 0.07924555
v -0.58123934 0.17456883 0.07924555
v -0.57504201 1.22058833 0.07924555
v -0.57504201 1.22058833 0.07924555
v -0.57504201 1.22058833 0.07924555
v -0.57504201 1.22058833 0.07924555
v -0.57504201 1.22058833 0.07924555
v -0.57504201 1.22058833 0.07924555
v -0.57504201 1.22058833 0.07924555
v -0.57504201 1.22058833 0.07924555
v -0.57504201 1.22058833 0.07924555
v -0.57504201 1.22058833 0.07924555
v -0.57504201 1.22058833 0.07924555
v -0.57504201 1.22058833 0.07924555
v -0.57772201 1.25237119 0.04755180
v -0.57772201 1.25237119 0.04755180
v -0.57772201 1.25237119 0.04755180
v -0.57772201 1.25237119 0.04755180
v -0.57989937 1.25237119 0.01585805
v -0.57989937 1.25237119 0.01585805
v -0.57989937 1.25237119 0.01585805
v -0.57989937 1.25237119 0.01585805
v -0.58006686 1.23813522 0.00168976
v -0.58006686 1.23813522 0.00168976
v -0.58006686 1.23813522 0.00168976
v -0.58006686 1.23813522 0.00168976
v -0.58006686 1.23813522 0.00168976
v 0.02894706 1.76420736 0.00163286
v 0.02894706 1.76420736 0.00163286
v 0.02894706 1.76420736 0.00163286
v 0.02894706 1.76420736 0.00163286
v 0.02894706 1.76420736 0.00163286
v -0.57956445 0.14278598 0.00168976
v -0.57956445 0.14278598 0.00168976
v -0.57956445 0.14278598 0.00168976
v 0.02894706 0.09113885 0.00163286
v 0.02894706 0.09113885 0.00163286
v 0.02894706 0.09113885 0.00163286
v 0.02894706 0.09113885 0.00163286
v -0.57629824 0.14030293 0.04686898
v -0.57629824 0.14030293 0.04686898
v -0.57629824 0.14030293 0.04686898
v -0.57629824 0.14030293 0.04686898
v -0.57629824 0.14030293 0.04686898
v -0.57604700 0.13500579 0.00168976
v -0.57604700 0.13500579 0.00168976
v -0.57604700 0.13500579 0.00168976
v -0.57604700 0.13500579 0.00168976
v -0.57169217 0.12540476 0.01585805
v -0.57169217 0.12540476 0.01585805
v -0.57169217 0.12540476 0.01585805
v -0.57169217 0.12540476 0.01585805
v -0.57169217 0.12540476 0.01585805
v -0.57169217 0.12540476 0.01585805
v -0.57102215 0.12639795 0.03583024
v -0.57102215 0.12639795 0.03583024
v -0.57102215 0.12639795 0.03583024
v -0.57102215 0.12639795 0.03583024
v -0.57102215 0.12639795 0.03583024
v -0.57102215 0.12639795 0.03583024
v -0.57102215 0.12639795 0.03583024
v -0.57361835 0.15139380 0.11099619
v -0.57361835 0.15139380 0.11099619
v -0.57361835 0.15139380 0.11099619
v -0.57361835 0.15139380 0.11099619
v -0.57361835 0.15139380 0.11099619
v -0.56884468 0.13053632 0.07924555
v -0.56884468 0.13053632 0.07924555
v -0.56884468 0.13053632 0.07924555
v -0.56884468 0.13053632 0.07924555
v -0.56884468 0.13053632 0.07924555
v -0.56884468 0.13053632 0.07924555
v -0.56884468 0.13053632 0.07924555
v -0.57671702 0.17456883 0.11099619
v -0.57671702 0.17456883 0.11099619
v -0.57671702 0.17456883 0.11099619
v -0.57671702 0.17456883 0.11099619
v -0.57671702 0.17456883 0.11099619
v -0.57202715 1.22058833 0.10257488
v -0.57202715 1.22058833 0.10257488
v -0.57202715 1.22058833 0.10257488
v -0.57202715 1.22058833 0.10257488
v -0.57202715 1.22058833 0.10257488
v -0.57202715 1.22058833 0.10257488
v -0.57169217 0.15602884 0.13068387
v -0.57169217 0.15602884 0.13068387
v -0.57169217 0.15602884 0.13068387
v -0.57169217 0.15602884 0.13068387
v -0.57169217 0.15602884 0.13068387
v -0.57169217 0.15602884 0.13068387
v -0.57169217 0.15602884 0.13068387
v -0.57169217 0.15602884 0.13068387
v -0.57169217 0.15602884 0.13068387
v -0.57169217 0.15602884 0.13068387
v -0.57169217 0.15602884 0.13068387
v -0.57185966 1.25237119 0.10166446
v -0.57185966 1.25237119 0.10166446
v -0.57185966 1.25237119 0.10166446
v -0.57185966 1.25237119 0.10166446
v -0.57185966 1.25237119 0.10166446
v -0.57068717 1.43131518 0.09540538
v -0.57068717 1.43131518 0.09540538
v -0.57068717 1.43131518 0.09540538
v -0.57068717 1.43131518 0.09540538
v -0.57068717 1.43131518 0.09540538
v -0.57043594 1.47435451 0.09335694
v -0.57043594 1.47435451 0.09335694
v -0.57043594 1.47435451 0.09335694
v -0.57043594 1.47435451 0.09335694
v -0.57026839 1.50597179 0.09164992
v -0.57026839 1.50597179 0.09164992
v -0.57026839 1.50597179 0.09164992
v -0.57026839 1.50597179 0.09164992
v -0.57010090 1.53775465 0.08982909
v -0.57010090 1.53775465 0.08982909
v -0.57010090 1.53775465 0.08982909
v -0.57010090 1.53775465 0.08982909
v -0.57010090 1.53775465 0.08982909
v -0.57010090 1.53775465 0.08982909
v -0.57010090 1.53775465 0.08982909
v -0.57010090 1.53775465 0.08982909
v -0.57202715 1.50597179 0.07577460
v -0.57202715 1.50597179 0.07577460
v -0.57202715 1.50597179 0.07577460
v -0.57202715 1.50597179 0.07577460
v -0.57202715 1.50597179 0.07577460
v -0.57520950 1.47435451 0.04755180
v -0.57520950 1.47435451 0.04755180
v -0.57520950 1.47435451 0.04755180
v -0.57520950 1.47435451 0.04755180
v -0.57520950 1.47435451 0.04755180
v -0.57738703 1.47435451 0.01585805
v -0.57738703 1.47435451 0.01585805
v -0.57738703 1.47435451 0.01585805
v -0.57738703 1.47435451 0.01585805
v -0.57738703 1.47435451 0.01585805
v -0.57738703 1.47435451 0.01585805
v -0.57680070 1.52351856 0.00168976
v -0.57680070 1.52351856 0.00168976
v -0.57680070 1.52351856 0.00168976
v -0.56742096 1.60744512 0.00168976
v -0.56742096 1.60744512 0.00168976
v -0.56742096 1.60744512 0.00168976
v -0.56742096 1.60744512 0.00168976
v -0.56742096 1.60744512 0.00168976
v -0.55527759 1.63293767 0.00168976
v -0.55527759 1.63293767 0.00168976
v -0.55527759 1.63293767 0.00168976
v -0.54832649 1.64502168 0.00168976
v -0.54832649 1.64502168 0.00168976
v -0.54832649 1.64502168 0.00168976
v -0.54832649 1.64502168 0.00168976
v -0.54263163 1.65462279 0.00168976
v -0.54263163 1.65462279 0.00168976
v -0.54263163 1.65462279 0.00168976
v -0.47714084 1.76420736 0.00168976
v -0.47714084 1.76420736 0.00168976
v -0.47714084 1.76420736 0.00168976
v -0.47714084 1.76420736 0.00168976
v 0.26863325 1.76420736 0.00163286
v 0.26863325 1.76420736 0.00163286
v 0.26863325 1.76420736 0.00163286
v 0.26863325 1.76420736 0.00163286
v -0.57663327 1.53775465 0.00168976
v -0.57663327 1.53775465 0.00168976
v -0.57663327 1.53775465 0.00168976
v -0.57663327 1.53775465 0.00168976
v -0.57546079 1.56953752 0.00168976
v -0.57546079 1.56953752 0.00168976
v -0.57546079 1.56953752 0.00168976
v -0.57244587 1.59171927 0.00168976
v -0.57244587 1.59171927 0.00168976
v -0.57244587 1.59171927 0.00168976
v 0.26863325 0.08964904 0.00163286
v 0.26863325 0.08964904 0.00163286
v 0.26863325 0.08964904 0.00163286
v 0.26863325 0.08964904 0.00163286
v 0.26863325 0.08964904 0.00163286
v -0.53216320 0.07309545 0.00168976
v -0.53216320 0.07309545 0.00168976
v -0.53216320 0.07309545 0.00168976
v -0.53216320 0.07309545 0.00168976
v -0.53216320 0.07309545 0.00168976
v -0.54489285 0.08716599 0.00168976
v -0.54489285 0.08716599 0.00168976
v -0.54489285 0.08716599 0.00168976
v -0.54489285 0.08716599 0.00168976
v -0.56080496 0.10951333 0.00168976
v -0.56080496 0.10951333 0.00168976
v -0.56080496 0.10951333 0.00168976
v -0.56566232 0.11663135 0.00168976
v -0.56566232 0.11663135 0.00168976
v -0.56566232 0.11663135 0.00168976
v -0.56566232 0.11663135 0.00168976
v -0.57160836 0.12540476 0.00168976
v -0.57160836 0.12540476 0.00168976
v -0.57160836 0.12540476 0.00168976
v -0.57160836 0.12540476 0.00168976
v -0.57001716 0.12821884 0.05694043
v -0.57001716 0.12821884 0.05694043
v -0.57001716 0.12821884 0.05694043
v -0.57001716 0.12821884 0.05694043
v -0.56088865 0.10951333 0.01585805
v -0.56088865 0.10951333 0.01585805
v -0.56088865 0.10951333 0.01585805
v -0.56088865 0.10951333 0.01585805
v -0.56088865 0.10951333 0.01585805
v -0.56088865 0.10951333 0.01585805
v -0.56088865 0.10951333 0.01585805
v -0.56139112 0.11381721 0.04686898
v -0.56139112 0.11381721 0.04686898
v -0.56139112 0.11381721 0.04686898
v -0.56139112 0.11381721 0.04686898
v -0.55611503 0.11100313 0.07924555
v -0.55611503 0.11100313 0.07924555
v -0.55611503 0.11100313 0.07924555
v -0.55611503 0.11100313 0.07924555
v -0.55611503 0.11100313 0.07924555
v -0.55611503 0.11100313 0.07924555
v -0.55611503 0.11100313 0.07924555
v -0.55611503 0.11100313 0.07924555
v -0.56641597 0.13550238 0.11099619
v -0.56641597 0.13550238 0.11099619
v -0.56641597 0.13550238 0.11099619
v -0.56641597 0.13550238 0.11099619
v -0.56641597 0.13550238 0.11099619
v -0.56641597 0.13550238 0.11099619
v -0.54916394 0.10852013 0.11219111
v -0.54916394 0.10852013 0.11219111
v -0.54916394 0.10852013 0.11219111
v -0.54916394 0.10852013 0.11219111
v -0.54916394 0.10852013 0.11219111
v -0.54916394 0.10852013 0.11219111
v -0.57227832 0.17456883 0.13250470
v -0.57227832 0.17456883 0.13250470
v -0.57227832 0.17456883 0.13250470
v -0.57227832 0.17456883 0.13250470
v -0.57227832 0.17456883 0.13250470
v -0.56901217 1.22058833 0.11839329
v -0.56901217 1.22058833 0.11839329
v -0.56901217 1.22058833 0.11839329
v -0.56901217 1.22058833 0.11839329
v -0.56901217 1.22058833 0.11839329
v -0.56892848 1.25237119 0.11753979
v -0.56892848 1.25237119 0.11753979
v -0.56892848 1.25237119 0.11753979
v -0.56892848 1.25237119 0.11753979
v -0.56892848 1.25237119 0.11753979
v -0.56892848 1.25237119 0.11753979
v -0.56289864 0.14444135 0.14183642
v -0.56289864 0.14444135 0.14183642
v -0.56289864 0.14444135 0.14183642
v -0.56289864 0.14444135 0.14183642
v -0.56289864 0.14444135 0.14183642
v -0.56289864 0.14444135 0.14183642
v -0.55201143 0.14278598 0.17438368
v -0.55201143 0.14278598 0.17438368
v -0.55201143 0.14278598 0.17438368
v -0.55201143 0.14278598 0.17438368
v -0.55201143 0.14278598 0.17438368
v -0.54053789 0.15503563 0.22553751
v -0.54053789 0.15503563 0.22553751
v -0.54053789 0.15503563 0.22553751
v -0.54053789 0.15503563 0.22553751
v -0.54053789 0.15503563 0.22553751
v -0.54053789 0.15503563 0.22553751
v -0.54053789 0.15503563 0.22553751
v -0.54053789 0.15503563 0.22553751
v -0.54053789 0.15503563 0.22553751
v -0.54916394 0.17456883 0.20613433
v -0.54916394 0.17456883 0.20613433
v -0.54916394 0.17456883 0.20613433
v -0.54916394 0.17456883 0.20613433
v -0.54916394 0.17456883 0.20613433
v -0.54916394 0.17456883 0.20613433
v -0.54916394 0.17456883 0.20613433
v -0.55954868 0.17456883 0.17438368
v -0.55954868 0.17456883 0.17438368
v -0.55954868 0.17456883 0.17438368
v -0.55954868 0.17456883 0.17438368
v -0.56767225 0.17456883 0.14832312
v -0.56767225 0.17456883 0.14832312
v -0.56767225 0.17456883 0.14832312
v -0.56767225 0.17456883 0.14832312
v -0.56767225 0.17456883 0.14832312
v -0.56725347 1.50597179 0.11099619
v -0.56725347 1.50597179 0.11099619
v -0.56725347 1.50597179 0.11099619
v -0.56725347 1.50597179 0.11099619
v -0.56725347 1.50597179 0.11099619
v -0.56683481 1.53775465 0.11099619
v -0.56683481 1.53775465 0.11099619
v -0.56683481 1.53775465 0.11099619
v -0.56683481 1.53775465 0.11099619
v -0.56683481 1.53775465 0.11099619
v -0.56683481 1.53775465 0.11099619
v -0.56683481 1.53775465 0.11099619
v -0.56566232 1.56953752 0.11099619
v -0.56566232 1.56953752 0.11099619
v -0.56566232 1.56953752 0.11099619
v -0.56566232 1.56953752 0.11099619
v -0.56566232 1.56953752 0.11099619
v -0.56566232 1.56953752 0.11099619
v -0.56566232 1.56953752 0.11099619
v -0.56968218 1.57251716 0.07998526
v -0.56968218 1.57251716 0.07998526
v -0.56968218 1.57251716 0.07998526
v -0.56968218 1.57251716 0.07998526
v -0.57135713 1.56374371 0.06985692
v -0.57135713 1.56374371 0.06985692
v -0.57135713 1.56374371 0.06985692
v -0.57135713 1.56374371 0.06985692
v -0.57135713 1.56374371 0.06985692
v -0.57135713 1.56374371 0.06985692
v -0.57177585 1.53775465 0.07401067
v -0.57177585 1.53775465 0.07401067
v -0.57177585 1.53775465 0.07401067
v -0.57177585 1.53775465 0.07401067
v -0.57445586 1.53775465 0.04755180
v -0.57445586 1.53775465 0.04755180
v -0.57445586 1.53775465 0.04755180
v -0.57445586 1.53775465 0.04755180
v -0.57445586 1.53775465 0.04755180
v -0.57445586 1.53775465 0.04755180
v -0.57445586 1.53775465 0.04755180
v -0.57663327 1.53775465 0.01585805
v -0.57663327 1.53775465 0.01585805
v -0.57663327 1.53775465 0.01585805
v -0.57663327 1.53775465 0.01585805
v -0.56742096 1.60744512 0.01585805
v -0.56742096 1.60744512 0.01585805
v -0.56742096 1.60744512 0.01585805
v -0.56742096 1.60744512 0.01585805
v -0.56742096 1.60744512 0.01585805
v -0.56742096 1.60744512 0.01585805
v -0.55527759 1.63293767 0.01585805
v -0.55527759 1.63293767 0.01585805
v -0.55527759 1.63293767 0.01585805
v -0.55527759 1.63293767 0.01585805
v -0.55527759 1.63293767 0.01585805
v -0.55527759 1.63293767 0.01585805
v -0.55527759 1.63293767 0.01585805
v -0.54263163 1.65462279 0.01585805
v -0.54263163 1.65462279 0.01585805
v -0.54263163 1.65462279 0.01585805
v -0.54263163 1.65462279 0.01585805
v -0.54263163 1.65462279 0.01585805
v -0.54263163 1.65462279 0.01585805
v -0.47705716 1.76420736 0.01585805
v -0.47705716 1.76420736 0.01585805
v -0.47705716 1.76420736 0.01585805
v -0.47705716 1.76420736 0.01585805
v 0.26863325 1.76420736 0.39356557
v 0.26863325 1.76420736 0.39356557
v 0.26863325 1.76420736 0.39356557
v 0.26863325 1.76420736 0.39356557
v -0.57546079 1.56953752 0.01585805
v -0.57546079 1.56953752 0.01585805
v -0.57546079 1.56953752 0.01585805
v -0.57546079 1.56953752 0.01585805
v -0.57546079 1.56953752 0.01585805
v -0.57546079 1.56953752 0.01585805
v -0.57546079 1.56953752 0.01585805
v -0.57244587 1.59171927 0.01585805
v -0.57244587 1.59171927 0.01585805
v -0.57244587 1.59171927 0.01585805
v -0.57244587 1.59171927 0.01585805
v 0.26863325 0.08352422 0.13495143
v 0.26863325 0.08352422 0.13495143
v 0.26863325 0.08352422 0.13495143
v 0.26863325 0.08352422 0.13495143
v -0.32363117 0.07309545 0.00168976
v -0.32363117 0.07309545 0.00168976
v -0.32363117 0.07309545 0.00168976
v -0.32363117 0.07309545 0.00168976
v -0.53224689 0.07309545 0.01210259
v -0.53224689 0.07309545 0.01210259
v -0.53224689 0.07309545 0.01210259
v -0.53224689 0.07309545 0.01210259
v -0.54497659 0.08716599 0.01585805
v -0.54497659 0.08716599 0.01585805
v -0.54497659 0.08716599 0.01585805
v -0.54497659 0.08716599 0.01585805
v -0.54497659 0.08716599 0.01585805
v -0.54372036 0.08882136 0.04755180
v -0.54372036 0.08882136 0.04755180
v -0.54372036 0.08882136 0.04755180
v -0.54372036 0.08882136 0.04755180
v -0.54372036 0.08882136 0.04755180
v -0.54372036 0.08882136 0.04755180
v -0.54372036 0.08882136 0.04755180
v -0.54045421 0.09312531 0.10240417
v -0.54045421 0.09312531 0.10240417
v -0.54045421 0.09312531 0.10240417
v -0.54045421 0.09312531 0.10240417
v -0.54045421 0.09312531 0.10240417
v -0.54045421 0.09312531 0.10240417
v -0.54045421 0.09312531 0.10240417
v -0.54204541 0.09113885 0.07924555
v -0.54204541 0.09113885 0.07924555
v -0.54204541 0.09113885 0.07924555
v -0.54204541 0.09113885 0.07924555
v -0.54204541 0.09113885 0.07924555
v -0.54665154 0.11596918 0.14268993
v -0.54665154 0.11596918 0.14268993
v -0.54665154 0.11596918 0.14268993
v -0.54665154 0.11596918 0.14268993
v -0.54665154 0.11596918 0.14268993
v -0.54665154 0.11596918 0.14268993
v -0.53827673 0.09627047 0.12351438
v -0.53827673 0.09627047 0.12351438
v -0.53827673 0.09627047 0.12351438
v -0.53827673 0.09627047 0.12351438
v -0.53827673 0.09627047 0.12351438
v -0.53827673 0.09627047 0.12351438
v -0.53827673 0.09627047 0.12351438
v -0.53827673 0.09627047 0.12351438
v -0.56281489 1.22058833 0.14268993
v -0.56281489 1.22058833 0.14268993
v -0.56281489 1.22058833 0.14268993
v -0.56281489 1.22058833 0.14268993
v -0.56281489 1.22058833 0.14268993
v -0.56281489 1.22058833 0.14268993
v -0.55938119 1.53775465 0.14268993
v -0.55938119 1.53775465 0.14268993
v -0.55938119 1.53775465 0.14268993
v -0.55938119 1.53775465 0.14268993
v -0.55938119 1.53775465 0.14268993
v -0.55938119 1.53775465 0.14268993
v -0.55938119 1.53775465 0.14268993
v -0.55938119 1.53775465 0.14268993
v -0.54171038 0.12308721 0.17438368
v -0.54171038 0.12308721 0.17438368
v -0.54171038 0.12308721 0.17438368
v -0.54171038 0.12308721 0.17438368
v -0.53911424 0.12672904 0.19077112
v -0.53911424 0.12672904 0.19077112
v -0.53911424 0.12672904 0.19077112
v -0.53911424 0.12672904 0.19077112
v -0.53911424 0.12672904 0.19077112
v -0.53911424 0.12672904 0.19077112
v -0.53911424 0.12672904 0.19077112
v -0.53911424 0.12672904 0.19077112
v -0.54305041 0.14377917 0.20323239
v -0.54305041 0.14377917 0.20323239
v -0.54305041 0.14377917 0.20323239
v -0.54305041 0.14377917 0.20323239
v -0.50846255 0.15586326 0.28761628
v -0.50846255 0.15586326 0.28761628
v -0.50846255 0.15586326 0.28761628
v -0.50846255 0.15586326 0.28761628
v -0.50846255 0.15586326 0.28761628
v -0.50846255 0.15586326 0.28761628
v -0.50846255 0.15586326 0.28761628
v -0.50846255 0.15586326 0.28761628
v -0.50846255 0.15586326 0.28761628
v -0.50846255 0.15586326 0.28761628
v -0.50846255 0.15586326 0.28761628
v -0.53392190 0.17456883 0.24329056
v -0.53392190 0.17456883 0.24329056
v -0.53392190 0.17456883 0.24329056
v -0.53392190 0.17456883 0.24329056
v -0.53392190 0.17456883 0.24329056
v -0.53392190 0.17456883 0.24329056
v -0.53392190 0.17456883 0.24329056
v -0.54129171 0.17456883 0.22741523
v -0.54129171 0.17456883 0.22741523
v -0.54129171 0.17456883 0.22741523
v -0.54129171 0.17456883 0.22741523
v -0.53534555 0.13384707 0.21193823
v -0.53534555 0.13384707 0.21193823
v -0.53534555 0.13384707 0.21193823
v -0.53534555 0.13384707 0.21193823
v -0.53534555 0.13384707 0.21193823
v -0.53534555 0.13384707 0.21193823
v -0.53534555 0.13384707 0.21193823
v -0.53534555 0.13384707 0.21193823
v -0.52939951 0.14377917 0.23680386
v -0.52939951 0.14377917 0.23680386
v -0.52939951 0.14377917 0.23680386
v -0.52939951 0.14377917 0.23680386
v -0.52939951 0.14377917 0.23680386
v -0.53794175 1.22058833 0.21922152
v -0.53794175 1.22058833 0.21922152
v -0.53794175 1.22058833 0.21922152
v -0.53794175 1.22058833 0.21922152
v -0.53794175 1.22058833 0.21922152
v -0.53794175 1.22058833 0.21922152
v -0.53794175 1.22058833 0.21922152
v -0.53794175 1.22058833 0.21922152
v -0.53794175 1.22058833 0.21922152
v -0.54346907 1.22058833 0.20340309
v -0.54346907 1.22058833 0.20340309
v -0.54346907 1.22058833 0.20340309
v -0.54346907 1.22058833 0.20340309
v -0.54346907 1.22058833 0.20340309
v -0.55310011 1.22058833 0.17438368
v -0.55310011 1.22058833 0.17438368
v -0.55310011 1.22058833 0.17438368
v -0.55310011 1.22058833 0.17438368
v -0.55310011 1.22058833 0.17438368
v -0.55310011 1.22058833 0.17438368
v -0.55310011 1.22058833 0.17438368
v -0.55310011 1.22058833 0.17438368
v -0.57060343 1.58493233 0.06319953
v -0.57060343 1.58493233 0.06319953
v -0.57060343 1.58493233 0.06319953
v -0.57060343 1.58493233 0.06319953
v -0.57060343 1.58493233 0.06319953
v -0.57060343 1.58493233 0.06319953
v -0.57060343 1.58493233 0.06319953
v -0.57060343 1.58493233 0.06319953
v -0.55812496 1.56953752 0.14268993
v -0.55812496 1.56953752 0.14268993
v -0.55812496 1.56953752 0.14268993
v -0.55812496 1.56953752 0.14268993
v -0.55812496 1.56953752 0.14268993
v -0.55954868 1.60115480 0.11099619
v -0.55954868 1.60115480 0.11099619
v -0.55954868 1.60115480 0.11099619
v -0.55954868 1.60115480 0.11099619
v -0.55954868 1.60115480 0.11099619
v -0.55954868 1.60115480 0.11099619
v -0.55954868 1.60115480 0.11099619
v -0.57269710 1.57251716 0.05056754
v -0.57269710 1.57251716 0.05056754
v -0.57269710 1.57251716 0.05056754
v -0.57269710 1.57251716 0.05056754
v -0.56716973 1.60016155 0.05056754
v -0.56716973 1.60016155 0.05056754
v -0.56716973 1.60016155 0.05056754
v -0.56716973 1.60016155 0.05056754
v -0.55310011 1.63293767 0.04755180
v -0.55310011 1.63293767 0.04755180
v -0.55310011 1.63293767 0.04755180
v -0.55310011 1.63293767 0.04755180
v -0.55310011 1.63293767 0.04755180
v -0.55310011 1.63293767 0.04755180
v -0.55310011 1.63293767 0.04755180
v -0.57160836 1.58890510 0.04203241
v -0.57160836 1.58890510 0.04203241
v -0.57160836 1.58890510 0.04203241
v -0.57160836 1.58890510 0.04203241
v -0.57160836 1.58890510 0.04203241
v -0.57160836 1.58890510 0.04203241
v -0.54154289 1.65296745 0.04755180
v -0.54154289 1.65296745 0.04755180
v -0.54154289 1.65296745 0.04755180
v -0.54154289 1.65296745 0.04755180
v -0.54154289 1.65296745 0.04755180
v -0.54154289 1.65296745 0.04755180
v -0.54154289 1.65296745 0.04755180
v -0.47605217 1.76420736 0.02837622
v -0.47605217 1.76420736 0.02837622
v -0.47605217 1.76420736 0.02837622
v 0.26754454 1.76420736 0.39430529
v 0.26754454 1.76420736 0.39430529
v 0.26754454 1.76420736 0.39430529
v 0.26754454 1.76420736 0.39430529
v 0.26863325 1.66289961 0.46435016
v 0.26863325 1.66289961 0.46435016
v 0.26863325 1.66289961 0.46435016
v 0.26863325 1.66289961 0.46435016
v 0.26863325 1.66289961 0.46435016
v 0.26863325 1.66289961 0.46435016
v 0.02894706 0.07309545 0.32215506
v 0.02894706 0.07309545 0.32215506
v 0.02894706 0.07309545 0.32215506
v 0.26863325 0.08352422 0.46639860
v 0.26863325 0.08352422 0.46639860
v 0.26863325 0.08352422 0.46639860
v 0.26863325 0.08352422 0.46639860
v 0.26863325 0.08352422 0.46639860
v -0.53224689 0.07309545 0.01585805
v -0.53224689 0.07309545 0.01585805
v -0.53224689 0.07309545 0.01585805
v -0.53224689 0.07309545 0.01585805
v -0.52923203 0.07309545 0.04715349
v -0.52923203 0.07309545 0.04715349
v -0.52923203 0.07309545 0.04715349
v -0.52923203 0.07309545 0.04715349
v -0.52923203 0.07309545 0.04715349
v -0.52697080 0.07524742 0.07924555
v -0.52697080 0.07524742 0.07924555
v -0.52697080 0.07524742 0.07924555
v -0.52697080 0.07524742 0.07924555
v -0.52697080 0.07524742 0.07924555
v -0.51893097 0.07309545 0.11037029
v -0.51893097 0.07309545 0.11037029
v -0.51893097 0.07309545 0.11037029
v -0.51893097 0.07309545 0.11037029
v -0.51750731 0.07309545 0.11771049
v -0.51750731 0.07309545 0.11771049
v -0.51750731 0.07309545 0.11771049
v -0.51750731 0.07309545 0.11771049
v -0.51750731 0.07309545 0.11771049
v -0.53534555 0.10024333 0.14268993
v -0.53534555 0.10024333 0.14268993
v -0.53534555 0.10024333 0.14268993
v -0.53534555 0.10024333 0.14268993
v -0.53534555 0.10024333 0.14268993
v -0.53534555 0.10024333 0.14268993
v -0.51951730 0.08219993 0.14268993
v -0.51951730 0.08219993 0.14268993
v -0.51951730 0.08219993 0.14268993
v -0.51951730 0.08219993 0.14268993
v -0.51432490 0.08716599 0.17438368
v -0.51432490 0.08716599 0.17438368
v -0.51432490 0.08716599 0.17438368
v -0.51432490 0.08716599 0.17438368
v -0.51432490 0.08716599 0.17438368
v -0.51022124 0.09163544 0.19868033
v -0.51022124 0.09163544 0.19868033
v -0.51022124 0.09163544 0.19868033
v -0.51022124 0.09163544 0.19868033
v -0.51022124 0.09163544 0.19868033
v -0.51022124 0.09163544 0.19868033
v -0.51022124 0.09163544 0.19868033
v -0.51022124 0.09163544 0.19868033
v -0.51022124 0.09163544 0.19868033
v -0.54941523 1.53775465 0.17438368
v -0.54941523 1.53775465 0.17438368
v -0.54941523 1.53775465 0.17438368
v -0.54941523 1.53775465 0.17438368
v -0.54941523 1.53775465 0.17438368
v -0.53023702 0.10719584 0.17438368
v -0.53023702 0.10719584 0.17438368
v -0.53023702 0.10719584 0.17438368
v -0.53023702 0.10719584 0.17438368
v -0.52278340 0.11149973 0.20528083
v -0.52278340 0.11149973 0.20528083
v -0.52278340 0.11149973 0.20528083
v -0.52278340 0.11149973 0.20528083
v -0.52278340 0.11149973 0.20528083
v -0.48417568 0.17456883 0.32955217
v -0.48417568 0.17456883 0.32955217
v -0.48417568 0.17456883 0.32955217
v -0.48417568 0.17456883 0.32955217
v -0.48417568 0.17456883 0.32955217
v -0.50000405 0.17456883 0.30445892
v -0.50000405 0.17456883 0.30445892
v -0.50000405 0.17456883 0.30445892
v -0.50000405 0.17456883 0.30445892
v -0.50000405 0.17456883 0.30445892
v -0.50000405 0.17456883 0.30445892
v -0.50913250 0.17456883 0.28875428
v -0.50913250 0.17456883 0.28875428
v -0.50913250 0.17456883 0.28875428
v -0.50913250 0.17456883 0.28875428
v -0.50913250 0.17456883 0.28875428
v -0.51993597 0.17456883 0.26952183
v -0.51993597 0.17456883 0.26952183
v -0.51993597 0.17456883 0.26952183
v -0.51993597 0.17456883 0.26952183
v -0.51993597 0.17456883 0.26952183
v -0.51323617 0.14427578 0.26815620
v -0.51323617 0.14427578 0.26815620
v -0.51323617 0.14427578 0.26815620
v -0.51323617 0.14427578 0.26815620
v -0.50293517 0.13467476 0.27788624
v -0.50293517 0.13467476 0.27788624
v -0.50293517 0.13467476 0.27788624
v -0.50293517 0.13467476 0.27788624
v -0.47580090 0.12656347 0.31754613
v -0.47580090 0.12656347 0.31754613
v -0.47580090 0.12656347 0.31754613
v -0.47580090 0.12656347 0.31754613
v -0.47580090 0.12656347 0.31754613
v -0.47580090 0.12656347 0.31754613
v -0.47580090 0.12656347 0.31754613
v -0.47580090 0.12656347 0.31754613
v -0.47580090 0.12656347 0.31754613
v -0.47580090 0.12656347 0.31754613
v -0.47580090 0.12656347 0.31754613
v -0.48007202 0.14278598 0.32357758
v -0.48007202 0.14278598 0.32357758
v -0.48007202 0.14278598 0.32357758
v -0.48007202 0.14278598 0.32357758
v -0.48007202 0.14278598 0.32357758
v -0.51424116 1.22058833 0.26633537
v -0.51424116 1.22058833 0.26633537
v -0.51424116 1.22058833 0.26633537
v -0.51424116 1.22058833 0.26633537
v -0.51424116 1.22058833 0.26633537
v -0.51424116 1.22058833 0.26633537
v -0.52914828 1.22058833 0.23782808
v -0.52914828 1.22058833 0.23782808
v -0.52914828 1.22058833 0.23782808
v -0.52914828 1.22058833 0.23782808
v -0.52914828 1.22058833 0.23782808
v -0.50636888 0.09627047 0.21984743
v -0.50636888 0.09627047 0.21984743
v -0.50636888 0.09627047 0.21984743
v -0.50636888 0.09627047 0.21984743
v -0.50636888 0.09627047 0.21984743
v -0.50636888 0.09627047 0.21984743
v -0.50636888 0.09627047 0.21984743
v -0.50636888 0.09627047 0.21984743
v -0.50636888 0.09627047 0.21984743
v -0.50636888 0.09627047 0.21984743
v -0.51373863 0.11812115 0.23782808
v -0.51373863 0.11812115 0.23782808
v -0.51373863 0.11812115 0.23782808
v -0.51373863 0.11812115 0.23782808
v -0.50888127 0.12474258 0.25666225
v -0.50888127 0.12474258 0.25666225
v -0.50888127 0.12474258 0.25666225
v -0.50888127 0.12474258 0.25666225
v -0.50888127 0.12474258 0.25666225
v -0.50888127 0.12474258 0.25666225
v -0.50888127 0.12474258 0.25666225
v -0.50888127 0.12474258 0.25666225
v -0.50888127 0.12474258 0.25666225
v -0.52881324 1.25237119 0.23782808
v -0.52881324 1.25237119 0.23782808
v -0.52881324 1.25237119 0.23782808
v -0.52881324 1.25237119 0.23782808
v -0.52571458 1.53775465 0.23782808
v -0.52571458 1.53775465 0.23782808
v -0.52571458 1.53775465 0.23782808
v -0.52571458 1.53775465 0.23782808
v -0.52571458 1.53775465 0.23782808
v -0.52571458 1.53775465 0.23782808
v -0.53777421 1.25237119 0.21876630
v -0.53777421 1.25237119 0.21876630
v -0.53635055 1.53775465 0.21449876
v -0.53635055 1.53775465 0.21449876
v -0.53635055 1.53775465 0.21449876
v -0.53635055 1.53775465 0.21449876
v -0.53635055 1.53775465 0.21449876
v -0.53635055 1.53775465 0.21449876
v -0.53635055 1.53775465 0.21449876
v -0.54171038 1.53775465 0.19862343
v -0.54171038 1.53775465 0.19862343
v -0.54171038 1.53775465 0.19862343
v -0.54171038 1.53775465 0.19862343
v -0.54171038 1.53775465 0.19862343
v -0.54171038 1.53775465 0.19862343
v -0.56381983 1.60115480 0.07924555
v -0.56381983 1.60115480 0.07924555
v -0.56381983 1.60115480 0.07924555
v -0.56381983 1.60115480 0.07924555
v -0.56381983 1.60115480 0.07924555
v -0.56381983 1.60115480 0.07924555
v -0.54815900 1.56953752 0.17438368
v -0.54815900 1.56953752 0.17438368
v -0.54815900 1.56953752 0.17438368
v -0.54815900 1.56953752 0.17438368
v -0.53995174 1.58890510 0.19355926
v -0.53995174 1.58890510 0.19355926
v -0.53995174 1.58890510 0.19355926
v -0.53995174 1.58890510 0.19355926
v -0.53995174 1.58890510 0.19355926
v -0.53995174 1.58890510 0.19355926
v -0.53995174 1.58890510 0.19355926
v -0.53995174 1.58890510 0.19355926
v -0.55201143 1.60115480 0.14268993
v -0.55201143 1.60115480 0.14268993
v -0.55201143 1.60115480 0.14268993
v -0.55201143 1.60115480 0.14268993
v -0.55201143 1.60115480 0.14268993
v -0.55201143 1.60115480 0.14268993
v -0.55201143 1.60115480 0.14268993
v -0.54296666 1.62399876 0.14268993
v -0.54296666 1.62399876 0.14268993
v -0.54296666 1.62399876 0.14268993
v -0.54296666 1.62399876 0.14268993
v -0.54296666 1.62399876 0.14268993
v -0.54296666 1.62399876 0.14268993
v -0.54522783 1.63426197 0.10798045
v -0.54522783 1.63426197 0.10798045
v -0.54522783 1.63426197 0.10798045
v -0.54522783 1.63426197 0.10798045
v -0.54522783 1.63426197 0.10798045
v -0.54983395 1.63293767 0.07924555
v -0.54983395 1.63293767 0.07924555
v -0.54983395 1.63293767 0.07924555
v -0.54983395 1.63293767 0.07924555
v -0.54983395 1.63293767 0.07924555
v -0.54983395 1.63293767 0.07924555
v -0.53995174 1.65031886 0.07924555
v -0.53995174 1.65031886 0.07924555
v -0.53995174 1.65031886 0.07924555
v -0.53995174 1.65031886 0.07924555
v -0.53995174 1.65031886 0.07924555
v -0.53995174 1.65031886 0.07924555
v -0.47446093 1.76420736 0.04755180
v -0.47446093 1.76420736 0.04755180
v -0.47446093 1.76420736 0.04755180
v -0.47446093 1.76420736 0.04755180
v 0.25280493 1.76420736 0.40375084
v 0.25280493 1.76420736 0.40375084
v 0.25280493 1.76420736 0.40375084
v 0.24267145 1.76420736 0.41018060
v 0.24267145 1.76420736 0.41018060
v 0.24267145 1.76420736 0.41018060
v 0.23597163 1.76420736 0.41433436
v 0.23597163 1.76420736 0.41433436
v 0.23597163 1.76420736 0.41433436
v 0.23597163 1.76420736 0.41433436
v 0.23597163 1.76420736 0.41433436
v 0.26863325 1.63426197 0.48420858
v 0.26863325 1.63426197 0.48420858
v 0.26863325 1.63426197 0.48420858
v 0.26863325 1.63426197 0.48420858
v 0.26863325 1.63426197 0.48420858
v 0.26863325 1.63426197 0.48420858
v 0.02894706 0.07309545 0.52682728
v 0.02894706 0.07309545 0.52682728
v 0.02894706 0.07309545 0.52682728
v 0.02894706 0.07309545 0.52682728
v 0.02894706 0.07309545 0.52682728
v 0.02894706 0.07309545 0.52682728
v 0.02894706 0.07309545 0.52682728
v 0.02894706 0.07309545 0.52682728
v 0.02894706 0.07309545 0.52682728
v 0.02894706 0.07309545 0.52682728
v 0.02894706 0.07309545 0.52682728
v 0.02894706 0.07309545 0.52682728
v 0.02894706 0.07309545 0.52682728
v 0.02894706 0.07309545 0.52682728
v 0.02894706 0.07309545 0.52682728
v 0.02894706 0.07309545 0.52682728
v 0.02894706 0.07309545 0.52682728
v 0.02894706 0.07309545 0.52682728
v 0.02894706 0.07309545 0.52682728
v 0.26662332 0.08352422 0.46747971
v 0.26662332 0.08352422 0.46747971
v 0.26662332 0.08352422 0.46747971
v 0.26662332 0.08352422 0.46747971
v 0.26863325 0.09395299 0.47692525
v 0.26863325 0.09395299 0.47692525
v 0.26863325 0.09395299 0.47692525
v 0.26863325 0.09395299 0.47692525
v 0.26059347 0.09146994 0.47891676
v 0.26059347 0.09146994 0.47891676
v 0.26059347 0.09146994 0.47891676
v 0.26059347 0.09146994 0.47891676
v 0.26059347 0.09146994 0.47891676
v 0.26059347 0.09146994 0.47891676
v 0.26059347 0.09146994 0.47891676
v 0.26059347 0.09146994 0.47891676
v 0.26059347 0.09146994 0.47891676
v 0.26059347 0.09146994 0.47891676
v -0.52470964 0.07309545 0.07924555
v -0.52470964 0.07309545 0.07924555
v -0.52470964 0.07309545 0.07924555
v -0.51055628 0.07309545 0.14268993
v -0.51055628 0.07309545 0.14268993
v -0.51055628 0.07309545 0.14268993
v -0.51055628 0.07309545 0.14268993
v -0.50042278 0.07309545 0.17438368
v -0.50042278 0.07309545 0.17438368
v -0.50042278 0.07309545 0.17438368
v -0.50042278 0.07309545 0.17438368
v -0.49682158 0.07309545 0.18411371
v -0.49682158 0.07309545 0.18411371
v -0.49682158 0.07309545 0.18411371
v -0.49682158 0.07309545 0.18411371
v -0.49246672 0.07806157 0.20886558
v -0.49246672 0.07806157 0.20886558
v -0.49246672 0.07806157 0.20886558
v -0.49246672 0.07806157 0.20886558
v -0.54104042 1.56953752 0.19680260
v -0.54104042 1.56953752 0.19680260
v -0.54104042 1.56953752 0.19680260
v -0.54104042 1.56953752 0.19680260
v -0.54104042 1.56953752 0.19680260
v -0.47295347 0.17456883 0.34542751
v -0.47295347 0.17456883 0.34542751
v -0.47295347 0.17456883 0.34542751
v -0.47295347 0.17456883 0.34542751
v -0.47295347 0.17456883 0.34542751
v -0.47295347 0.17456883 0.34542751
v -0.47295347 0.17456883 0.34542751
v -0.47295347 0.17456883 0.34542751
v -0.47295347 0.17456883 0.34542751
v -0.47295347 0.17456883 0.34542751
v -0.48057452 1.22058833 0.32431731
v -0.48057452 1.22058833 0.32431731
v -0.48057452 1.22058833 0.32431731
v -0.48057452 1.22058833 0.32431731
v -0.48057452 1.22058833 0.32431731
v -0.48049083 1.25237119 0.32408971
v -0.48049083 1.25237119 0.32408971
v -0.48049083 1.25237119 0.32408971
v -0.48049083 1.25237119 0.32408971
v -0.48049083 1.25237119 0.32408971
v -0.48049083 1.25237119 0.32408971
v -0.49464414 1.22058833 0.30110177
v -0.49464414 1.22058833 0.30110177
v -0.49464414 1.22058833 0.30110177
v -0.49464414 1.22058833 0.30110177
v -0.49464414 1.22058833 0.30110177
v -0.49464414 1.22058833 0.30110177
v -0.50536394 1.22058833 0.28215382
v -0.50536394 1.22058833 0.28215382
v -0.50536394 1.22058833 0.28215382
v -0.50536394 1.22058833 0.28215382
v -0.50536394 1.22058833 0.28215382
v -0.48049083 0.12043864 0.30110177
v -0.48049083 0.12043864 0.30110177
v -0.48049083 0.12043864 0.30110177
v -0.47353974 0.09759476 0.28198311
v -0.47353974 0.09759476 0.28198311
v -0.47353974 0.09759476 0.28198311
v -0.47353974 0.09759476 0.28198311
v -0.47353974 0.09759476 0.28198311
v -0.47353974 0.09759476 0.28198311
v -0.47353974 0.09759476 0.28198311
v -0.47353974 0.09759476 0.28198311
v -0.47353974 0.09759476 0.28198311
v -0.46759364 0.10471278 0.30110177
v -0.46759364 0.10471278 0.30110177
v -0.46759364 0.10471278 0.30110177
v -0.44581917 0.09312531 0.31953761
v -0.44581917 0.09312531 0.31953761
v -0.44581917 0.09312531 0.31953761
v -0.44581917 0.09312531 0.31953761
v -0.44581917 0.09312531 0.31953761
v -0.44581917 0.09312531 0.31953761
v -0.44581917 0.09312531 0.31953761
v -0.44581917 0.09312531 0.31953761
v -0.44581917 0.09312531 0.31953761
v -0.44581917 0.09312531 0.31953761
v -0.44581917 0.09312531 0.31953761
v -0.44581917 0.09312531 0.31953761
v -0.45679018 0.11447939 0.32909697
v -0.45679018 0.11447939 0.32909697
v -0.45679018 0.11447939 0.32909697
v -0.44657293 0.12374938 0.35202801
v -0.44657293 0.12374938 0.35202801
v -0.44657293 0.12374938 0.35202801
v -0.44657293 0.12374938 0.35202801
v -0.44657293 0.12374938 0.35202801
v -0.44657293 0.12374938 0.35202801
v -0.44657293 0.12374938 0.35202801
v -0.44657293 0.12374938 0.35202801
v -0.44657293 0.12374938 0.35202801
v -0.46834734 0.14278598 0.33945289
v -0.46834734 0.14278598 0.33945289
v -0.46834734 0.14278598 0.33945289
v -0.46834734 0.14278598 0.33945289
v -0.46834734 0.14278598 0.33945289
v -0.46834734 0.14278598 0.33945289
v -0.50519639 1.25237119 0.28192621
v -0.50519639 1.25237119 0.28192621
v -0.50519639 1.25237119 0.28192621
v -0.50519639 1.25237119 0.28192621
v -0.50519639 1.25237119 0.28192621
v -0.50519639 1.25237119 0.28192621
v -0.51390612 1.28415406 0.26570949
v -0.51390612 1.28415406 0.26570949
v -0.51390612 1.28415406 0.26570949
v -0.51390612 1.28415406 0.26570949
v -0.51390612 1.28415406 0.26570949
v -0.51390612 1.28415406 0.26570949
v -0.51390612 1.28415406 0.26570949
v -0.50167894 0.10239530 0.23782808
v -0.50167894 0.10239530 0.23782808
v -0.50167894 0.10239530 0.23782808
v -0.50167894 0.10239530 0.23782808
v -0.48593438 0.07309545 0.21250722
v -0.48593438 0.07309545 0.21250722
v -0.48593438 0.07309545 0.21250722
v -0.48593438 0.07309545 0.21250722
v -0.48593438 0.07309545 0.21250722
v -0.48576686 0.08484851 0.23782808
v -0.48576686 0.08484851 0.23782808
v -0.48576686 0.08484851 0.23782808
v -0.48576686 0.08484851 0.23782808
v -0.47948584 0.09097333 0.26087290
v -0.47948584 0.09097333 0.26087290
v -0.47948584 0.09097333 0.26087290
v -0.47948584 0.09097333 0.26087290
v -0.47948584 0.09097333 0.26087290
v -0.47948584 0.09097333 0.26087290
v -0.51239872 1.53775465 0.26297826
v -0.51239872 1.53775465 0.26297826
v -0.51239872 1.53775465 0.26297826
v -0.51239872 1.53775465 0.26297826
v -0.51239872 1.53775465 0.26297826
v -0.52445835 1.56953752 0.23782808
v -0.52445835 1.56953752 0.23782808
v -0.52445835 1.56953752 0.23782808
v -0.52445835 1.56953752 0.23782808
v -0.52445835 1.56953752 0.23782808
v -0.52445835 1.56953752 0.23782808
v -0.52445835 1.56953752 0.23782808
v -0.53584802 1.56953752 0.21267793
v -0.53584802 1.56953752 0.21267793
v -0.53584802 1.56953752 0.21267793
v -0.53584802 1.56953752 0.21267793
v -0.53584802 1.56953752 0.21267793
v -0.53584802 1.56953752 0.21267793
v -0.53584802 1.56953752 0.21267793
v -0.53249818 1.60016155 0.20488252
v -0.53249818 1.60016155 0.20488252
v -0.53249818 1.60016155 0.20488252
v -0.53249818 1.60016155 0.20488252
v -0.53249818 1.60016155 0.20488252
v -0.53651804 1.61009371 0.18308949
v -0.53651804 1.61009371 0.18308949
v -0.53651804 1.61009371 0.18308949
v -0.53651804 1.61009371 0.18308949
v -0.53651804 1.61009371 0.18308949
v -0.53651804 1.61009371 0.18308949
v -0.54279917 1.60016155 0.17324567
v -0.54279917 1.60016155 0.17324567
v -0.54279917 1.60016155 0.17324567
v -0.53995174 1.61903262 0.16192241
v -0.53995174 1.61903262 0.16192241
v -0.53995174 1.61903262 0.16192241
v -0.53995174 1.61903262 0.16192241
v -0.53995174 1.61903262 0.16192241
v -0.53995174 1.61903262 0.16192241
v -0.53995174 1.61903262 0.16192241
v -0.53350317 1.63989019 0.14268993
v -0.53350317 1.63989019 0.14268993
v -0.53350317 1.63989019 0.14268993
v -0.53350317 1.63989019 0.14268993
v -0.53350317 1.63989019 0.14268993
v -0.53350317 1.63989019 0.14268993
v -0.53350317 1.63989019 0.14268993
v -0.53693682 1.64568388 0.11657247
v -0.53693682 1.64568388 0.11657247
v -0.53693682 1.64568388 0.11657247
v -0.53693682 1.64568388 0.11657247
v -0.53693682 1.64568388 0.11657247
v -0.53894675 1.64882910 0.09540538
v -0.53894675 1.64882910 0.09540538
v -0.53894675 1.64882910 0.09540538
v -0.53894675 1.64882910 0.09540538
v -0.53894675 1.64882910 0.09540538
v -0.53894675 1.64882910 0.09540538
v -0.47069231 1.76420736 0.07992836
v -0.47069231 1.76420736 0.07992836
v -0.47069231 1.76420736 0.07992836
v -0.47069231 1.76420736 0.07992836
v 0.20448244 1.76420736 0.43015280
v 0.20448244 1.76420736 0.43015280
v 0.20448244 1.76420736 0.43015280
v 0.20448244 1.76420736 0.43015280
v 0.25824854 1.65213978 0.47783569
v 0.25824854 1.65213978 0.47783569
v 0.25824854 1.65213978 0.47783569
v 0.25824854 1.65213978 0.47783569
v 0.25824854 1.65213978 0.47783569
v 0.23898652 1.63310313 0.49934417
v 0.23898652 1.63310313 0.49934417
v 0.23898652 1.63310313 0.49934417
v 0.23898652 1.63310313 0.49934417
v 0.22910431 1.62283993 0.51061052
v 0.22910431 1.62283993 0.51061052
v 0.22910431 1.62283993 0.51061052
v 0.22910431 1.62283993 0.51061052
v 0.22910431 1.62283993 0.51061052
v 0.22910431 1.62283993 0.51061052
v 0.22910431 1.62283993 0.51061052
v 0.22910431 1.62283993 0.51061052
v 0.26863325 1.63277209 0.48511899
v 0.26863325 1.63277209 0.48511899
v 0.26863325 1.63277209 0.48511899
v 0.26863325 1.63277209 0.48511899
v 0.02894706 0.07425422 0.52807909
v 0.02894706 0.07425422 0.52807909
v 0.02894706 0.07425422 0.52807909
v 0.02894706 0.07425422 0.52807909
v 0.02894706 0.07425422 0.52807909
v 0.02894706 0.07425422 0.52807909
v 0.01588241 0.07309545 0.52722555
v 0.01588241 0.07309545 0.52722555
v 0.01588241 0.07309545 0.52722555
v 0.01588241 0.07309545 0.52722555
v 0.01588241 0.07309545 0.52722555
v 0.25230244 0.08352422 0.47499064
v 0.25230244 0.08352422 0.47499064
v 0.25230244 0.08352422 0.47499064
v 0.25230244 0.08352422 0.47499064
v 0.23781405 0.08352422 0.48216015
v 0.23781405 0.08352422 0.48216015
v 0.23781405 0.08352422 0.48216015
v 0.23781405 0.08352422 0.48216015
v 0.23781405 0.08352422 0.48216015
v 0.23572038 0.08352422 0.48318431
v 0.23572038 0.08352422 0.48318431
v 0.23572038 0.08352422 0.48318431
v 0.23572038 0.08352422 0.48318431
v 0.22843431 0.08352422 0.48654148
v 0.22843431 0.08352422 0.48654148
v 0.22843431 0.08352422 0.48654148
v 0.22843431 0.08352422 0.48654148
v 0.22843431 0.08352422 0.48654148
v 0.20289123 0.08352422 0.49809235
v 0.20289123 0.08352422 0.49809235
v 0.20289123 0.08352422 0.49809235
v 0.20289123 0.08352422 0.49809235
v 0.18681166 0.08352422 0.50474972
v 0.18681166 0.08352422 0.50474972
v 0.18681166 0.08352422 0.50474972
v 0.18681166 0.08352422 0.50474972
v 0.17441699 0.08352422 0.50947255
v 0.17441699 0.08352422 0.50947255
v 0.17441699 0.08352422 0.50947255
v 0.17441699 0.08352422 0.50947255
v 0.17441699 0.08352422 0.50947255
v 0.16805214 0.08352422 0.51146400
v 0.16805214 0.08352422 0.51146400
v 0.16805214 0.08352422 0.51146400
v 0.16805214 0.08352422 0.51146400
v 0.14719895 0.08352422 0.51726794
v 0.14719895 0.08352422 0.51726794
v 0.14719895 0.08352422 0.51726794
v 0.14719895 0.08352422 0.51726794
v 0.14276031 0.08352422 0.51846284
v 0.14276031 0.08352422 0.51846284
v 0.14276031 0.08352422 0.51846284
v 0.14276031 0.08352422 0.51846284
v 0.14276031 0.08352422 0.51846284
v 0.14276031 0.08352422 0.51846284
v 0.14276031 0.08352422 0.51846284
v 0.10549254 0.08352422 0.52659965
v 0.10549254 0.08352422 0.52659965
v 0.10549254 0.08352422 0.52659965
v 0.10549254 0.08352422 0.52659965
v 0.10549254 0.08352422 0.52659965
v 0.07927949 0.08352422 0.53211904
v 0.07927949 0.08352422 0.53211904
v 0.07927949 0.08352422 0.53211904
v 0.07927949 0.08352422 0.53211904
v 0.07927949 0.08352422 0.53211904
v 0.06319991 0.08352422 0.53422433
v 0.06319991 0.08352422 0.53422433
v 0.06319991 0.08352422 0.53422433
v 0.06319991 0.08352422 0.53422433
v 0.04762281 0.08352422 0.53621590
v 0.04762281 0.08352422 0.53621590
v 0.04762281 0.08352422 0.53621590
v 0.04762281 0.08352422 0.53621590
v 0.04762281 0.08352422 0.53621590
v 0.04762281 0.08352422 0.53621590
v 0.26863325 0.11166530 0.49063835
v 0.26863325 0.11166530 0.49063835
v 0.26863325 0.11166530 0.49063835
v 0.26846576 0.11183082 0.49086595
v 0.26846576 0.11183082 0.49086595
v 0.26846576 0.11183082 0.49086595
v 0.26846576 0.11183082 0.49086595
v 0.26846576 0.11183082 0.49086595
v 0.26846576 0.11183082 0.49086595
v 0.26846576 0.11183082 0.49086595
v 0.23781405 0.10471278 0.50014079
v 0.23781405 0.10471278 0.50014079
v 0.23781405 0.10471278 0.50014079
v 0.23781405 0.10471278 0.50014079
v 0.23781405 0.10471278 0.50014079
v 0.21721211 0.09825687 0.50503427
v 0.21721211 0.09825687 0.50503427
v 0.21721211 0.09825687 0.50503427
v 0.21721211 0.09825687 0.50503427
v 0.21721211 0.09825687 0.50503427
v 0.19602391 0.09229762 0.50975698
v 0.19602391 0.09229762 0.50975698
v 0.19602391 0.09229762 0.50975698
v 0.19602391 0.09229762 0.50975698
v 0.19602391 0.09229762 0.50975698
v 0.19602391 0.09229762 0.50975698
v 0.19602391 0.09229762 0.50975698
v 0.19602391 0.09229762 0.50975698
v 0.19602391 0.09229762 0.50975698
v 0.19602391 0.09229762 0.50975698
v 0.19602391 0.09229762 0.50975698
v 0.23781405 0.08567619 0.48432234
v 0.23781405 0.08567619 0.48432234
v 0.23781405 0.08567619 0.48432234
v 0.23781405 0.08567619 0.48432234
v 0.23781405 0.08567619 0.48432234
v -0.44355801 0.16827849 0.38019389
v -0.44355801 0.16827849 0.38019389
v -0.44355801 0.16827849 0.38019389
v -0.44355801 0.16827849 0.38019389
v -0.44355801 0.16827849 0.38019389
v -0.44355801 0.16827849 0.38019389
v -0.44355801 0.16827849 0.38019389
v -0.44355801 0.16827849 0.38019389
v -0.45444521 0.17705183 0.36761883
v -0.45444521 0.17705183 0.36761883
v -0.45444521 0.17705183 0.36761883
v -0.44380924 0.18946700 0.38047838
v -0.44380924 0.18946700 0.38047838
v -0.44380924 0.18946700 0.38047838
v -0.44380924 0.18946700 0.38047838
v -0.44380924 0.18946700 0.38047838
v -0.44380924 0.18946700 0.38047838
v -0.44380924 0.19079128 0.38047838
v -0.44380924 0.19079128 0.38047838
v -0.44380924 0.19079128 0.38047838
v -0.44380924 0.19079128 0.38047838
v -0.44380924 0.19079128 0.38047838
v -0.44380924 0.19079128 0.38047838
v -0.44380924 0.19079128 0.38047838
v -0.45302150 1.22058833 0.35976648
v -0.45302150 1.22058833 0.35976648
v -0.45302150 1.22058833 0.35976648
v -0.45302150 1.22058833 0.35976648
v -0.45302150 1.22058833 0.35976648
v -0.46893358 1.22058833 0.34019262
v -0.46893358 1.22058833 0.34019262
v -0.46893358 1.22058833 0.34019262
v -0.46893358 1.22058833 0.34019262
v -0.46893358 1.22058833 0.34019262
v -0.46893358 1.22058833 0.34019262
v -0.46893358 1.22058833 0.34019262
v -0.46893358 1.22058833 0.34019262
v -0.46893358 1.22058833 0.34019262
v -0.47931832 1.44257164 0.32243955
v -0.47931832 1.44257164 0.32243955
v -0.47931832 1.44257164 0.32243955
v -0.47931832 1.44257164 0.32243955
v -0.49430922 1.25237119 0.30110177
v -0.49430922 1.25237119 0.30110177
v -0.49430922 1.25237119 0.30110177
v -0.49430922 1.25237119 0.30110177
v -0.49430922 1.25237119 0.30110177
v -0.49430922 1.25237119 0.30110177
v -0.49430922 1.25237119 0.30110177
v -0.45176527 0.08716599 0.30110177
v -0.45176527 0.08716599 0.30110177
v -0.45176527 0.08716599 0.30110177
v -0.45176527 0.08716599 0.30110177
v -0.45176527 0.08716599 0.30110177
v -0.41592124 0.09163544 0.35316601
v -0.41592124 0.09163544 0.35316601
v -0.41592124 0.09163544 0.35316601
v -0.41592124 0.09163544 0.35316601
v -0.41592124 0.09163544 0.35316601
v -0.41592124 0.09163544 0.35316601
v -0.41592124 0.09163544 0.35316601
v -0.41592124 0.09163544 0.35316601
v -0.41592124 0.09163544 0.35316601
v -0.43710944 0.10256082 0.34064782
v -0.43710944 0.10256082 0.34064782
v -0.43710944 0.10256082 0.34064782
v -0.43710944 0.10256082 0.34064782
v -0.43710944 0.10256082 0.34064782
v -0.43602070 0.07309545 0.30110177
v -0.43602070 0.07309545 0.30110177
v -0.43602070 0.07309545 0.30110177
v -0.43602070 0.07309545 0.30110177
v -0.43233579 0.07309545 0.30599523
v -0.43233579 0.07309545 0.30599523
v -0.43233579 0.07309545 0.30599523
v -0.41893616 0.07309545 0.32346377
v -0.41893616 0.07309545 0.32346377
v -0.41893616 0.07309545 0.32346377
v -0.41893616 0.07309545 0.32346377
v -0.41893616 0.07309545 0.32346377
v -0.42471477 0.08186885 0.32898316
v -0.42471477 0.08186885 0.32898316
v -0.42471477 0.08186885 0.32898316
v -0.41642374 0.12225958 0.38525808
v -0.41642374 0.12225958 0.38525808
v -0.41642374 0.12225958 0.38525808
v -0.41642374 0.12225958 0.38525808
v -0.41642374 0.12225958 0.38525808
v -0.41642374 0.12225958 0.38525808
v -0.41642374 0.12225958 0.38525808
v -0.43895188 0.14278598 0.37478831
v -0.43895188 0.14278598 0.37478831
v -0.43895188 0.14278598 0.37478831
v -0.43895188 0.14278598 0.37478831
v -0.43895188 0.14278598 0.37478831
v -0.43895188 0.14278598 0.37478831
v -0.45251903 0.14278598 0.35896990
v -0.45251903 0.14278598 0.35896990
v -0.45251903 0.14278598 0.35896990
v -0.45251903 0.14278598 0.35896990
v -0.45251903 0.14278598 0.35896990
v -0.42672470 0.11232741 0.36318055
v -0.42672470 0.11232741 0.36318055
v -0.42672470 0.11232741 0.36318055
v -0.42672470 0.11232741 0.36318055
v -0.50360519 1.53775465 0.27885357
v -0.50360519 1.53775465 0.27885357
v -0.50360519 1.53775465 0.27885357
v -0.50360519 1.53775465 0.27885357
v -0.50360519 1.53775465 0.27885357
v -0.50360519 1.53775465 0.27885357
v -0.50360519 1.53775465 0.27885357
v -0.50360519 1.53775465 0.27885357
v -0.47337222 0.07309545 0.23782808
v -0.47337222 0.07309545 0.23782808
v -0.47337222 0.07309545 0.23782808
v -0.47337222 0.07309545 0.23782808
v -0.45268649 0.07309545 0.27469981
v -0.45268649 0.07309545 0.27469981
v -0.45268649 0.07309545 0.27469981
v -0.45268649 0.07309545 0.27469981
v -0.51172870 1.56953752 0.26178333
v -0.51172870 1.56953752 0.26178333
v -0.51172870 1.56953752 0.26178333
v -0.51172870 1.56953752 0.26178333
v -0.51172870 1.56953752 0.26178333
v -0.51172870 1.56953752 0.26178333
v -0.50980252 1.59337461 0.25836927
v -0.50980252 1.59337461 0.25836927
v -0.50980252 1.59337461 0.25836927
v -0.50980252 1.59337461 0.25836927
v -0.50980252 1.59337461 0.25836927
v -0.50980252 1.59337461 0.25836927
v -0.50980252 1.59337461 0.25836927
v -0.51650232 1.60281014 0.23999031
v -0.51650232 1.60281014 0.23999031
v -0.51650232 1.60281014 0.23999031
v -0.51650232 1.60281014 0.23999031
v -0.51650232 1.60281014 0.23999031
v -0.51650232 1.60281014 0.23999031
v -0.51189619 1.62449527 0.23088618
v -0.51189619 1.62449527 0.23088618
v -0.51189619 1.62449527 0.23088618
v -0.51189619 1.62449527 0.23088618
v -0.51189619 1.62449527 0.23088618
v -0.51189619 1.62449527 0.23088618
v -0.51189619 1.62449527 0.23088618
v -0.51189619 1.62449527 0.23088618
v -0.51189619 1.62449527 0.23088618
v -0.51189619 1.62449527 0.23088618
v -0.51608360 1.63426197 0.20607743
v -0.51608360 1.63426197 0.20607743
v -0.51608360 1.63426197 0.20607743
v -0.51608360 1.63426197 0.20607743
v -0.51608360 1.63426197 0.20607743
v -0.52923203 1.63078570 0.17324567
v -0.52923203 1.63078570 0.17324567
v -0.52923203 1.63078570 0.17324567
v -0.52923203 1.63078570 0.17324567
v -0.50921625 1.65180874 0.19549388
v -0.50921625 1.65180874 0.19549388
v -0.50921625 1.65180874 0.19549388
v -0.50921625 1.65180874 0.19549388
v -0.50921625 1.65180874 0.19549388
v -0.50921625 1.65180874 0.19549388
v -0.45595267 1.76420736 0.14257613
v -0.45595267 1.76420736 0.14257613
v -0.45595267 1.76420736 0.14257613
v -0.45595267 1.76420736 0.14257613
v -0.46575117 1.76420736 0.11002888
v -0.46575117 1.76420736 0.11002888
v -0.46575117 1.76420736 0.11002888
v -0.46575117 1.76420736 0.11002888
v -0.46575117 1.76420736 0.11002888
v 0.17173706 1.76420736 0.44506079
v 0.17173706 1.76420736 0.44506079
v 0.17173706 1.76420736 0.44506079
v 0.17173706 1.76420736 0.44506079
v 0.21503468 1.64386296 0.50406688
v 0.21503468 1.64386296 0.50406688
v 0.21503468 1.64386296 0.50406688
v 0.21503468 1.64386296 0.50406688
v 0.21503468 1.64386296 0.50406688
v 0.21503468 1.64386296 0.50406688
v 0.21503468 1.64386296 0.50406688
v 0.20515244 1.63310313 0.51493496
v 0.20515244 1.63310313 0.51493496
v 0.20515244 1.63310313 0.51493496
v 0.20515244 1.63310313 0.51493496
v 0.20515244 1.63310313 0.51493496
v 0.20515244 1.63310313 0.51493496
v 0.18195428 1.60860395 0.53621590
v 0.18195428 1.60860395 0.53621590
v 0.18195428 1.60860395 0.53621590
v 0.18195428 1.60860395 0.53621590
v 0.18195428 1.60860395 0.53621590
v 0.18195428 1.60860395 0.53621590
v 0.20389622 1.59933388 0.53075337
v 0.20389622 1.59933388 0.53075337
v 0.20389622 1.59933388 0.53075337
v 0.20389622 1.59933388 0.53075337
v 0.20389622 1.59933388 0.53075337
v 0.25029248 1.61224568 0.50554633
v 0.25029248 1.61224568 0.50554633
v 0.25029248 1.61224568 0.50554633
v 0.25029248 1.61224568 0.50554633
v 0.25029248 1.61224568 0.50554633
v 0.25029248 1.61224568 0.50554633
v 0.25029248 1.61224568 0.50554633
v 0.26863325 1.60165143 0.50025457
v 0.26863325 1.60165143 0.50025457
v 0.26863325 1.60165143 0.50025457
v 0.01588241 0.07408871 0.52824974
v 0.01588241 0.07408871 0.52824974
v 0.01588241 0.07408871 0.52824974
v 0.01588241 0.07408871 0.52824974
v 0.01588241 0.07408871 0.52824974
v 0.03966678 0.08352422 0.53644347
v 0.03966678 0.08352422 0.53644347
v 0.03966678 0.08352422 0.53644347
v 0.02894706 0.09014565 0.54293019
v 0.02894706 0.09014565 0.54293019
v 0.02894706 0.09014565 0.54293019
v 0.02894706 0.09014565 0.54293019
v 0.02894706 0.09014565 0.54293019
v 0.02894706 0.09014565 0.54293019
v 0.02894706 0.09014565 0.54293019
v 0.02894706 0.09014565 0.54293019
v -0.01585802 0.07309545 0.52722555
v -0.01585802 0.07309545 0.52722555
v -0.01585802 0.07309545 0.52722555
v 0.17441699 0.08782816 0.51356936
v 0.17441699 0.08782816 0.51356936
v 0.17441699 0.08782816 0.51356936
v 0.17441699 0.08782816 0.51356936
v 0.17441699 0.08782816 0.51356936
v 0.17441699 0.08782816 0.51356936
v 0.17441699 0.08782816 0.51356936
v 0.14276031 0.10256082 0.53376913
v 0.14276031 0.10256082 0.53376913
v 0.14276031 0.10256082 0.53376913
v 0.14276031 0.10256082 0.53376913
v 0.14276031 0.10256082 0.53376913
v 0.14276031 0.10256082 0.53376913
v 0.11730099 0.09842245 0.53672796
v 0.11730099 0.09842245 0.53672796
v 0.11730099 0.09842245 0.53672796
v 0.11730099 0.09842245 0.53672796
v 0.11730099 0.09842245 0.53672796
v 0.09611280 0.09511171 0.53917474
v 0.09611280 0.09511171 0.53917474
v 0.09611280 0.09511171 0.53917474
v 0.09611280 0.09511171 0.53917474
v 0.09611280 0.09511171 0.53917474
v 0.09611280 0.09511171 0.53917474
v 0.07927949 0.09295973 0.54082483
v 0.07927949 0.09295973 0.54082483
v 0.07927949 0.09295973 0.54082483
v 0.07927949 0.09295973 0.54082483
v 0.07927949 0.09295973 0.54082483
v 0.04762281 0.09047673 0.54270262
v 0.04762281 0.09047673 0.54270262
v 0.04762281 0.09047673 0.54270262
v 0.04762281 0.09047673 0.54270262
v 0.04762281 0.09047673 0.54270262
v 0.04762281 0.09047673 0.54270262
v 0.04762281 0.09047673 0.54270262
v 0.04762281 0.09047673 0.54270262
v 0.26863325 0.11232741 0.49109358
v 0.26863325 0.11232741 0.49109358
v 0.26863325 0.11232741 0.49109358
v 0.26863325 0.13235721 0.50469285
v 0.26863325 0.13235721 0.50469285
v 0.26863325 0.13235721 0.50469285
v 0.26863325 0.13235721 0.50469285
v 0.26863325 0.13235721 0.50469285
v 0.25506613 0.12606686 0.50793618
v 0.25506613 0.12606686 0.50793618
v 0.25506613 0.12606686 0.50793618
v 0.25506613 0.12606686 0.50793618
v 0.25506613 0.12606686 0.50793618
v 0.25506613 0.12606686 0.50793618
v 0.25506613 0.12606686 0.50793618
v 0.23781405 0.12060421 0.51203305
v 0.23781405 0.12060421 0.51203305
v 0.23781405 0.12060421 0.51203305
v 0.23781405 0.12060421 0.51203305
v 0.23781405 0.12060421 0.51203305
v 0.20640865 0.10967884 0.51829213
v 0.20640865 0.10967884 0.51829213
v 0.20640865 0.10967884 0.51829213
v 0.20640865 0.10967884 0.51829213
v 0.18898909 0.12772223 0.53854877
v 0.18898909 0.12772223 0.53854877
v 0.18898909 0.12772223 0.53854877
v 0.18898909 0.12772223 0.53854877
v 0.18898909 0.12772223 0.53854877
v 0.18898909 0.12772223 0.53854877
v 0.18898909 0.12772223 0.53854877
v 0.18898909 0.12772223 0.53854877
v 0.18898909 0.12772223 0.53854877
v 0.18898909 0.12772223 0.53854877
v 0.18898909 0.12772223 0.53854877
v 0.17684567 0.11199633 0.53109479
v 0.17684567 0.11199633 0.53109479
v 0.17684567 0.11199633 0.53109479
v 0.17684567 0.11199633 0.53109479
v 0.17684567 0.11199633 0.53109479
v -0.41299006 0.15685652 0.41308254
v -0.41299006 0.15685652 0.41308254
v -0.41299006 0.15685652 0.41308254
v -0.41299006 0.15685652 0.41308254
v -0.41299006 0.15685652 0.41308254
v -0.41299006 0.15685652 0.41308254
v -0.41299006 0.15685652 0.41308254
v -0.41299006 0.15685652 0.41308254
v -0.41299006 0.15685652 0.41308254
v -0.41366002 0.17456883 0.41376537
v -0.41366002 0.17456883 0.41376537
v -0.41366002 0.17456883 0.41376537
v -0.41366002 0.17456883 0.41376537
v -0.41366002 0.17456883 0.41376537
v -0.41366002 0.17456883 0.41376537
v -0.41366002 0.17456883 0.41376537
v -0.41366002 0.17456883 0.41376537
v -0.41366002 0.17456883 0.41376537
v -0.41366002 0.17456883 0.41376537
v -0.41366002 0.17456883 0.41376537
v -0.43225205 0.17705183 0.39316726
v -0.43225205 0.17705183 0.39316726
v -0.43225205 0.17705183 0.39316726
v -0.40955639 1.22058833 0.40949780
v -0.40955639 1.22058833 0.40949780
v -0.40955639 1.22058833 0.40949780
v -0.40955639 1.22058833 0.40949780
v -0.40955639 1.22058833 0.40949780
v -0.40955639 1.22058833 0.40949780
v -0.40955639 1.22058833 0.40949780
v -0.40955639 1.22058833 0.40949780
v -0.40955639 1.22058833 0.40949780
v -0.40955639 1.22058833 0.40949780
v -0.42379352 1.22058833 0.39362246
v -0.42379352 1.22058833 0.39362246
v -0.42379352 1.22058833 0.39362246
v -0.42379352 1.22058833 0.39362246
v -0.43962187 1.22058833 0.37564182
v -0.43962187 1.22058833 0.37564182
v -0.43962187 1.22058833 0.37564182
v -0.43962187 1.22058833 0.37564182
v -0.43962187 1.22058833 0.37564182
v -0.45285401 1.25237119 0.35959581
v -0.45285401 1.25237119 0.35959581
v -0.45285401 1.25237119 0.35959581
v -0.45285401 1.25237119 0.35959581
v -0.45285401 1.25237119 0.35959581
v -0.45101157 1.53775465 0.35726285
v -0.45101157 1.53775465 0.35726285
v -0.45101157 1.53775465 0.35726285
v -0.45101157 1.53775465 0.35726285
v -0.45101157 1.53775465 0.35726285
v -0.45101157 1.53775465 0.35726285
v -0.45101157 1.53775465 0.35726285
v -0.45101157 1.53775465 0.35726285
v -0.45101157 1.53775465 0.35726285
v -0.46683988 1.53775465 0.33746138
v -0.46683988 1.53775465 0.33746138
v -0.46683988 1.53775465 0.33746138
v -0.46683988 1.53775465 0.33746138
v -0.46683988 1.53775465 0.33746138
v -0.47873208 1.53775465 0.32158604
v -0.47873208 1.53775465 0.32158604
v -0.47873208 1.53775465 0.32158604
v -0.47873208 1.53775465 0.32158604
v -0.47873208 1.53775465 0.32158604
v -0.47873208 1.53775465 0.32158604
v -0.49087554 1.53775465 0.30110177
v -0.49087554 1.53775465 0.30110177
v -0.49087554 1.53775465 0.30110177
v -0.49087554 1.53775465 0.30110177
v -0.49087554 1.53775465 0.30110177
v -0.40662524 0.10107102 0.37427619
v -0.40662524 0.10107102 0.37427619
v -0.40662524 0.10107102 0.37427619
v -0.40662524 0.10107102 0.37427619
v -0.40662524 0.10107102 0.37427619
v -0.40662524 0.10107102 0.37427619
v -0.40821642 0.07309545 0.33615267
v -0.40821642 0.07309545 0.33615267
v -0.40821642 0.07309545 0.33615267
v -0.40067914 0.07309545 0.34491539
v -0.40067914 0.07309545 0.34491539
v -0.40067914 0.07309545 0.34491539
v -0.40067914 0.07309545 0.34491539
v -0.39423054 0.08054456 0.36238393
v -0.39423054 0.08054456 0.36238393
v -0.39423054 0.08054456 0.36238393
v -0.39423054 0.08054456 0.36238393
v -0.38543701 0.09064224 0.38559946
v -0.38543701 0.09064224 0.38559946
v -0.38543701 0.09064224 0.38559946
v -0.38543701 0.09064224 0.38559946
v -0.38543701 0.09064224 0.38559946
v -0.38543701 0.09064224 0.38559946
v -0.38543701 0.09064224 0.38559946
v -0.38543701 0.09064224 0.38559946
v -0.38543701 0.09064224 0.38559946
v -0.39598924 0.11149973 0.39606920
v -0.39598924 0.11149973 0.39606920
v -0.39598924 0.11149973 0.39606920
v -0.39598924 0.11149973 0.39606920
v -0.39598924 0.11149973 0.39606920
v -0.38535330 0.12192850 0.41661039
v -0.38535330 0.12192850 0.41661039
v -0.38535330 0.12192850 0.41661039
v -0.38535330 0.12192850 0.41661039
v -0.38535330 0.12192850 0.41661039
v -0.38535330 0.12192850 0.41661039
v -0.38535330 0.12192850 0.41661039
v -0.38535330 0.12192850 0.41661039
v -0.40645775 0.13566795 0.40636829
v -0.40645775 0.13566795 0.40636829
v -0.40645775 0.13566795 0.40636829
v -0.40645775 0.13566795 0.40636829
v -0.40645775 0.13566795 0.40636829
v -0.40645775 0.13566795 0.40636829
v -0.42144859 0.14493795 0.39601231
v -0.42144859 0.14493795 0.39601231
v -0.42144859 0.14493795 0.39601231
v -0.48961928 1.56953752 0.30110177
v -0.48961928 1.56953752 0.30110177
v -0.48961928 1.56953752 0.30110177
v -0.48961928 1.56953752 0.30110177
v -0.48961928 1.56953752 0.30110177
v -0.50285143 1.56953752 0.27765864
v -0.50285143 1.56953752 0.27765864
v -0.50285143 1.56953752 0.27765864
v -0.50285143 1.56953752 0.27765864
v -0.47680584 1.58940184 0.31885481
v -0.47680584 1.58940184 0.31885481
v -0.47680584 1.58940184 0.31885481
v -0.47680584 1.58940184 0.31885481
v -0.47680584 1.58940184 0.31885481
v -0.47680584 1.58940184 0.31885481
v -0.47680584 1.58940184 0.31885481
v -0.47680584 1.58940184 0.31885481
v -0.47680584 1.58940184 0.31885481
v -0.47680584 1.58940184 0.31885481
v -0.47680584 1.58940184 0.31885481
v -0.48291951 1.60049272 0.30189836
v -0.48291951 1.60049272 0.30189836
v -0.48291951 1.60049272 0.30189836
v -0.48291951 1.60049272 0.30189836
v -0.48291951 1.60049272 0.30189836
v -0.50059026 1.60281014 0.26918042
v -0.50059026 1.60281014 0.26918042
v -0.50059026 1.60281014 0.26918042
v -0.50628513 1.61439764 0.25199637
v -0.50628513 1.61439764 0.25199637
v -0.50628513 1.61439764 0.25199637
v -0.50628513 1.61439764 0.25199637
v -0.50628513 1.61439764 0.25199637
v -0.50628513 1.61439764 0.25199637
v -0.50628513 1.61439764 0.25199637
v -0.47923452 1.62317109 0.29199764
v -0.47923452 1.62317109 0.29199764
v -0.47923452 1.62317109 0.29199764
v -0.47923452 1.62317109 0.29199764
v -0.47923452 1.62317109 0.29199764
v -0.47923452 1.62317109 0.29199764
v -0.48518068 1.63343418 0.26935112
v -0.48518068 1.63343418 0.26935112
v -0.48518068 1.63343418 0.26935112
v -0.48518068 1.63343418 0.26935112
v -0.50067401 1.63426197 0.23999031
v -0.50067401 1.63426197 0.23999031
v -0.50067401 1.63426197 0.23999031
v -0.50067401 1.63426197 0.23999031
v -0.50067401 1.63426197 0.23999031
v -0.50511259 1.64568388 0.21666099
v -0.50511259 1.64568388 0.21666099
v -0.50511259 1.64568388 0.21666099
v -0.50511259 1.64568388 0.21666099
v -0.50511259 1.64568388 0.21666099
v -0.50511259 1.64568388 0.21666099
v -0.50511259 1.64568388 0.21666099
v -0.44607043 1.76420736 0.17176625
v -0.44607043 1.76420736 0.17176625
v -0.44607043 1.76420736 0.17176625
v -0.44607043 1.76420736 0.17176625
v 0.14250909 1.76420736 0.45524606
v 0.14250909 1.76420736 0.45524606
v 0.14250909 1.76420736 0.45524606
v 0.14250909 1.76420736 0.45524606
v 0.14250909 1.76420736 0.45524606
v 0.14250909 1.76420736 0.45524606
v 0.19384648 1.65114653 0.50884658
v 0.19384648 1.65114653 0.50884658
v 0.19384648 1.65114653 0.50884658
v 0.19384648 1.65114653 0.50884658
v 0.19384648 1.65114653 0.50884658
v 0.19384648 1.65114653 0.50884658
v 0.17257454 1.63045454 0.52864808
v 0.17257454 1.63045454 0.52864808
v 0.17257454 1.63045454 0.52864808
v 0.17257454 1.63045454 0.52864808
v 0.16076611 1.61837053 0.53962994
v 0.16076611 1.61837053 0.53962994
v 0.16076611 1.61837053 0.53962994
v 0.16076611 1.61837053 0.53962994
v 0.16076611 1.61837053 0.53962994
v 0.16076611 1.61837053 0.53962994
v 0.16076611 1.61837053 0.53962994
v 0.16076611 1.61837053 0.53962994
v 0.16076611 1.61837053 0.53962994
v 0.16076611 1.61837053 0.53962994
v 0.17257454 1.59933388 0.54207671
v 0.17257454 1.59933388 0.54207671
v 0.17257454 1.59933388 0.54207671
v 0.17257454 1.59933388 0.54207671
v 0.19192027 1.58741534 0.53962994
v 0.19192027 1.58741534 0.53962994
v 0.19192027 1.58741534 0.53962994
v 0.19192027 1.58741534 0.53962994
v 0.19192027 1.58741534 0.53962994
v 0.19192027 1.58741534 0.53962994
v 0.19192027 1.58741534 0.53962994
v 0.19192027 1.58741534 0.53962994
v 0.19192027 1.58741534 0.53962994
v 0.19192027 1.58741534 0.53962994
v 0.19192027 1.58741534 0.53962994
v 0.23898652 1.60165143 0.51447976
v 0.23898652 1.60165143 0.51447976
v 0.23898652 1.60165143 0.51447976
v 0.23898652 1.60165143 0.51447976
v 0.25757855 1.59122264 0.50913113
v 0.25757855 1.59122264 0.50913113
v 0.25757855 1.59122264 0.50913113
v 0.25757855 1.59122264 0.50913113
v 0.25757855 1.59122264 0.50913113
v 0.25757855 1.59122264 0.50913113
v 0.25757855 1.59122264 0.50913113
v 0.26863325 1.60148585 0.50031149
v 0.26863325 1.60148585 0.50031149
v 0.26863325 1.60148585 0.50031149
v 0.26863325 1.60148585 0.50031149
v -0.01585802 0.07408871 0.52824974
v -0.01585802 0.07408871 0.52824974
v -0.01585802 0.07408871 0.52824974
v -0.01585802 0.07408871 0.52824974
v -0.01585802 0.07408871 0.52824974
v -0.01585802 0.07408871 0.52824974
v -0.01585802 0.07408871 0.52824974
v 0.01588241 0.08998013 0.54298705
v 0.01588241 0.08998013 0.54298705
v 0.01588241 0.08998013 0.54298705
v 0.01588241 0.08998013 0.54298705
v 0.01588241 0.08998013 0.54298705
v 0.02894706 0.09858796 0.54890478
v 0.02894706 0.09858796 0.54890478
v 0.02894706 0.09858796 0.54890478
v 0.02894706 0.09858796 0.54890478
v 0.01588241 0.11100313 0.55789512
v 0.01588241 0.11100313 0.55789512
v 0.01588241 0.11100313 0.55789512
v 0.01588241 0.11100313 0.55789512
v 0.01588241 0.11100313 0.55789512
v 0.01588241 0.11100313 0.55789512
v -0.01795171 0.07309545 0.52716869
v -0.01795171 0.07309545 0.52716869
v -0.01795171 0.07309545 0.52716869
v -0.01795171 0.07309545 0.52716869
v 0.16780092 0.12308721 0.54179215
v 0.16780092 0.12308721 0.54179215
v 0.16780092 0.12308721 0.54179215
v 0.16780092 0.12308721 0.54179215
v 0.16780092 0.12308721 0.54179215
v 0.16780092 0.12308721 0.54179215
v 0.14276031 0.11845224 0.54497862
v 0.14276031 0.11845224 0.54497862
v 0.14276031 0.11845224 0.54497862
v 0.14276031 0.11845224 0.54497862
v 0.14276031 0.11845224 0.54497862
v 0.10842372 0.10984442 0.54679948
v 0.10842372 0.10984442 0.54679948
v 0.10842372 0.10984442 0.54679948
v 0.10842372 0.10984442 0.54679948
v 0.10842372 0.10984442 0.54679948
v 0.07927949 0.11116870 0.55362755
v 0.07927949 0.11116870 0.55362755
v 0.07927949 0.11116870 0.55362755
v 0.07927949 0.11116870 0.55362755
v 0.07927949 0.11116870 0.55362755
v 0.07927949 0.11116870 0.55362755
v 0.07927949 0.11116870 0.55362755
v 0.04762281 0.11116870 0.55721229
v 0.04762281 0.11116870 0.55721229
v 0.04762281 0.11116870 0.55721229
v 0.04762281 0.11116870 0.55721229
v 0.04762281 0.11116870 0.55721229
v 0.26863325 0.14377917 0.51021218
v 0.26863325 0.14377917 0.51021218
v 0.26863325 0.14377917 0.51021218
v 0.23479913 0.14593115 0.52722555
v 0.23479913 0.14593115 0.52722555
v 0.23479913 0.14593115 0.52722555
v 0.23479913 0.14593115 0.52722555
v 0.23479913 0.14593115 0.52722555
v 0.23479913 0.14593115 0.52722555
v 0.20615740 0.13533686 0.53502101
v 0.20615740 0.13533686 0.53502101
v 0.20615740 0.13533686 0.53502101
v 0.20615740 0.13533686 0.53502101
v 0.22223696 0.15834631 0.53906095
v 0.22223696 0.15834631 0.53906095
v 0.22223696 0.15834631 0.53906095
v 0.22223696 0.15834631 0.53906095
v 0.22223696 0.15834631 0.53906095
v 0.22223696 0.15834631 0.53906095
v 0.22223696 0.15834631 0.53906095
v 0.22223696 0.15834631 0.53906095
v 0.22223696 0.15834631 0.53906095
v 0.22223696 0.15834631 0.53906095
v 0.22223696 0.15834631 0.53906095
v 0.20615740 0.15122829 0.54230434
v 0.20615740 0.15122829 0.54230434
v 0.20615740 0.15122829 0.54230434
v 0.20615740 0.15122829 0.54230434
v 0.20615740 0.15122829 0.54230434
v 0.17684567 0.14013740 0.54776675
v 0.17684567 0.14013740 0.54776675
v 0.17684567 0.14013740 0.54776675
v 0.17684567 0.14013740 0.54776675
v 0.14276031 0.14295149 0.55800891
v 0.14276031 0.14295149 0.55800891
v 0.14276031 0.14295149 0.55800891
v 0.14276031 0.14295149 0.55800891
v 0.14276031 0.14295149 0.55800891
v 0.14276031 0.14295149 0.55800891
v -0.37999341 0.16827849 0.44358137
v -0.37999341 0.16827849 0.44358137
v -0.37999341 0.16827849 0.44358137
v -0.37999341 0.16827849 0.44358137
v -0.37999341 0.16827849 0.44358137
v -0.37999341 0.16827849 0.44358137
v -0.37999341 0.16827849 0.44358137
v -0.37999341 0.16827849 0.44358137
v -0.37999341 0.16827849 0.44358137
v -0.39598924 0.14493795 0.42156079
v -0.39598924 0.14493795 0.42156079
v -0.39598924 0.14493795 0.42156079
v -0.39598924 0.14493795 0.42156079
v -0.37429854 0.14278598 0.43902934
v -0.37429854 0.14278598 0.43902934
v -0.37429854 0.14278598 0.43902934
v -0.37429854 0.14278598 0.43902934
v -0.37429854 0.14278598 0.43902934
v -0.37429854 0.14278598 0.43902934
v -0.37429854 0.14278598 0.43902934
v -0.39305809 0.17705183 0.43231502
v -0.39305809 0.17705183 0.43231502
v -0.39305809 0.17705183 0.43231502
v -0.38041216 0.18946700 0.44392279
v -0.38041216 0.18946700 0.44392279
v -0.38041216 0.18946700 0.44392279
v -0.38041216 0.18946700 0.44392279
v -0.38041216 0.18946700 0.44392279
v -0.38041216 0.18946700 0.44392279
v -0.38041216 0.19095685 0.44392279
v -0.38041216 0.19095685 0.44392279
v -0.38041216 0.19095685 0.44392279
v -0.38041216 0.19095685 0.44392279
v -0.38041216 0.19095685 0.44392279
v -0.38041216 0.19095685 0.44392279
v -0.38041216 0.19095685 0.44392279
v -0.38041216 0.19095685 0.44392279
v -0.39364433 1.22058833 0.42417821
v -0.39364433 1.22058833 0.42417821
v -0.39364433 1.22058833 0.42417821
v -0.39364433 1.22058833 0.42417821
v -0.39364433 1.22058833 0.42417821
v -0.39364433 1.22058833 0.42417821
v -0.39155060 1.50597179 0.42224360
v -0.39155060 1.50597179 0.42224360
v -0.39155060 1.50597179 0.42224360
v -0.39155060 1.50597179 0.42224360
v -0.39155060 1.50597179 0.42224360
v -0.40930516 1.25237119 0.40927020
v -0.40930516 1.25237119 0.40927020
v -0.40930516 1.25237119 0.40927020
v -0.40930516 1.25237119 0.40927020
v -0.42195109 1.50597179 0.39140335
v -0.42195109 1.50597179 0.39140335
v -0.42195109 1.50597179 0.39140335
v -0.42195109 1.50597179 0.39140335
v -0.42195109 1.50597179 0.39140335
v -0.42362601 1.25237119 0.39339486
v -0.42362601 1.25237119 0.39339486
v -0.42362601 1.25237119 0.39339486
v -0.42362601 1.25237119 0.39339486
v -0.43945438 1.25237119 0.37541422
v -0.43945438 1.25237119 0.37541422
v -0.43945438 1.25237119 0.37541422
v -0.43945438 1.25237119 0.37541422
v -0.43945438 1.25237119 0.37541422
v -0.43945438 1.25237119 0.37541422
v -0.43777940 1.50597179 0.37336579
v -0.43777940 1.50597179 0.37336579
v -0.43777940 1.50597179 0.37336579
v -0.43777940 1.50597179 0.37336579
v -0.43752816 1.53775465 0.37313819
v -0.43752816 1.53775465 0.37313819
v -0.43752816 1.53775465 0.37313819
v -0.43752816 1.53775465 0.37313819
v -0.43752816 1.53775465 0.37313819
v -0.43677443 1.56953752 0.37222776
v -0.43677443 1.56953752 0.37222776
v -0.43677443 1.56953752 0.37222776
v -0.43677443 1.56953752 0.37222776
v -0.43677443 1.56953752 0.37222776
v -0.45017406 1.56953752 0.35635245
v -0.45017406 1.56953752 0.35635245
v -0.45017406 1.56953752 0.35635245
v -0.45017406 1.56953752 0.35635245
v -0.45017406 1.56953752 0.35635245
v -0.46608615 1.56953752 0.33649409
v -0.46608615 1.56953752 0.33649409
v -0.46608615 1.56953752 0.33649409
v -0.46608615 1.56953752 0.33649409
v -0.46608615 1.56953752 0.33649409
v -0.47806209 1.56953752 0.32061875
v -0.47806209 1.56953752 0.32061875
v -0.47806209 1.56953752 0.32061875
v -0.47806209 1.56953752 0.32061875
v -0.47806209 1.56953752 0.32061875
v -0.47806209 1.56953752 0.32061875
v -0.37932345 0.07309545 0.36847234
v -0.37932345 0.07309545 0.36847234
v -0.37932345 0.07309545 0.36847234
v -0.37932345 0.07309545 0.36847234
v -0.36860374 0.07309545 0.37928349
v -0.36860374 0.07309545 0.37928349
v -0.36860374 0.07309545 0.37928349
v -0.36860374 0.07309545 0.37928349
v -0.36240637 0.08054456 0.39447600
v -0.36240637 0.08054456 0.39447600
v -0.36240637 0.08054456 0.39447600
v -0.36240637 0.08054456 0.39447600
v -0.36240637 0.08054456 0.39447600
v -0.35319415 0.09163544 0.41581380
v -0.35319415 0.09163544 0.41581380
v -0.35319415 0.09163544 0.41581380
v -0.35319415 0.09163544 0.41581380
v -0.35319415 0.09163544 0.41581380
v -0.35319415 0.09163544 0.41581380
v -0.35319415 0.09163544 0.41581380
v -0.35319415 0.09163544 0.41581380
v -0.35319415 0.09163544 0.41581380
v -0.37429854 0.10073993 0.40676656
v -0.37429854 0.10073993 0.40676656
v -0.37429854 0.10073993 0.40676656
v -0.37429854 0.10073993 0.40676656
v -0.37429854 0.10073993 0.40676656
v -0.35151917 0.12441149 0.44602811
v -0.35151917 0.12441149 0.44602811
v -0.35151917 0.12441149 0.44602811
v -0.35151917 0.12441149 0.44602811
v -0.35151917 0.12441149 0.44602811
v -0.35151917 0.12441149 0.44602811
v -0.35151917 0.12441149 0.44602811
v -0.35151917 0.12441149 0.44602811
v -0.36290887 0.11265850 0.42679563
v -0.36290887 0.11265850 0.42679563
v -0.36290887 0.11265850 0.42679563
v -0.36290887 0.11265850 0.42679563
v -0.36290887 0.11265850 0.42679563
v -0.44766164 1.59552658 0.35327983
v -0.44766164 1.59552658 0.35327983
v -0.44766164 1.59552658 0.35327983
v -0.44766164 1.59552658 0.35327983
v -0.44766164 1.59552658 0.35327983
v -0.44766164 1.59552658 0.35327983
v -0.44766164 1.59552658 0.35327983
v -0.44766164 1.59552658 0.35327983
v -0.46030757 1.60314119 0.33376285
v -0.46030757 1.60314119 0.33376285
v -0.46030757 1.60314119 0.33376285
v -0.46030757 1.60314119 0.33376285
v -0.47303724 1.61059034 0.31305096
v -0.47303724 1.61059034 0.31305096
v -0.47303724 1.61059034 0.31305096
v -0.47303724 1.61059034 0.31305096
v -0.47303724 1.61059034 0.31305096
v -0.47303724 1.61059034 0.31305096
v -0.47303724 1.61059034 0.31305096
v -0.47303724 1.61059034 0.31305096
v -0.46616992 1.63343418 0.30189836
v -0.46616992 1.63343418 0.30189836
v -0.46616992 1.63343418 0.30189836
v -0.46616992 1.63343418 0.30189836
v -0.46616992 1.63343418 0.30189836
v -0.46616992 1.63343418 0.30189836
v -0.47236723 1.64435959 0.27987778
v -0.47236723 1.64435959 0.27987778
v -0.47236723 1.64435959 0.27987778
v -0.47236723 1.64435959 0.27987778
v -0.47236723 1.64435959 0.27987778
v -0.47236723 1.64435959 0.27987778
v -0.47236723 1.64435959 0.27987778
v -0.43133083 1.76420736 0.20528083
v -0.43133083 1.76420736 0.20528083
v -0.43133083 1.76420736 0.20528083
v -0.43133083 1.76420736 0.20528083
v -0.43133083 1.76420736 0.20528083
v -0.44121307 1.76420736 0.18320329
v -0.44121307 1.76420736 0.18320329
v -0.44121307 1.76420736 0.18320329
v 0.10867497 1.76420736 0.46435016
v 0.10867497 1.76420736 0.46435016
v 0.10867497 1.76420736 0.46435016
v 0.10867497 1.76420736 0.46435016
v 0.10867497 1.76420736 0.46435016
v 0.10867497 1.76420736 0.46435016
v 0.14276031 1.63806927 0.53263110
v 0.14276031 1.63806927 0.53263110
v 0.14276031 1.63806927 0.53263110
v 0.14276031 1.63806927 0.53263110
v 0.14276031 1.63806927 0.53263110
v 0.17441699 1.65644372 0.51226062
v 0.17441699 1.65644372 0.51226062
v 0.17441699 1.65644372 0.51226062
v 0.17441699 1.65644372 0.51226062
v 0.14276031 1.62234330 0.54184908
v 0.14276031 1.62234330 0.54184908
v 0.14276031 1.62234330 0.54184908
v 0.14276031 1.62234330 0.54184908
v 0.14276031 1.62234330 0.54184908
v 0.14276031 1.62234330 0.54184908
v 0.11101989 1.60132027 0.55664331
v 0.11101989 1.60132027 0.55664331
v 0.11101989 1.60132027 0.55664331
v 0.11101989 1.60132027 0.55664331
v 0.11101989 1.60132027 0.55664331
v 0.14276031 1.60132027 0.54941684
v 0.14276031 1.60132027 0.54941684
v 0.14276031 1.60132027 0.54941684
v 0.14276031 1.60132027 0.54941684
v 0.14276031 1.60132027 0.54941684
v 0.14276031 1.60132027 0.54941684
v 0.14276031 1.56953752 0.55533451
v 0.14276031 1.56953752 0.55533451
v 0.14276031 1.56953752 0.55533451
v 0.14276031 1.56953752 0.55533451
v 0.14276031 1.56953752 0.55533451
v 0.14276031 1.56953752 0.55533451
v 0.17441699 1.56953752 0.54685634
v 0.17441699 1.56953752 0.54685634
v 0.17441699 1.56953752 0.54685634
v 0.17441699 1.56953752 0.54685634
v 0.19418147 1.56953752 0.54054034
v 0.19418147 1.56953752 0.54054034
v 0.19418147 1.56953752 0.54054034
v 0.19418147 1.56953752 0.54054034
v 0.19418147 1.56953752 0.54054034
v 0.21000978 1.56953752 0.53399670
v 0.21000978 1.56953752 0.53399670
v 0.21000978 1.56953752 0.53399670
v 0.21000978 1.56953752 0.53399670
v 0.23781405 1.56953752 0.52147859
v 0.23781405 1.56953752 0.52147859
v 0.23781405 1.56953752 0.52147859
v 0.23781405 1.56953752 0.52147859
v 0.23781405 1.56953752 0.52147859
v 0.23781405 1.56953752 0.52147859
v 0.26076096 1.56953752 0.51061052
v 0.26076096 1.56953752 0.51061052
v 0.26076096 1.56953752 0.51061052
v 0.26076096 1.56953752 0.51061052
v 0.26076096 1.56953752 0.51061052
v 0.26076096 1.56953752 0.51061052
v 0.26863325 1.56953752 0.50685507
v 0.26863325 1.56953752 0.50685507
v 0.26863325 1.56953752 0.50685507
v 0.26863325 1.56953752 0.50685507
v -0.04759843 0.07458531 0.52785146
v -0.04759843 0.07458531 0.52785146
v -0.04759843 0.07458531 0.52785146
v -0.04759843 0.07458531 0.52785146
v -0.04759843 0.07458531 0.52785146
v -0.04759843 0.07458531 0.52785146
v -0.01585802 0.08998013 0.54298705
v -0.01585802 0.08998013 0.54298705
v -0.01585802 0.08998013 0.54298705
v -0.01585802 0.08998013 0.54298705
v -0.01585802 0.08998013 0.54298705
v -0.04759843 0.09047673 0.54270262
v -0.04759843 0.09047673 0.54270262
v -0.04759843 0.09047673 0.54270262
v -0.04759843 0.09047673 0.54270262
v -0.04759843 0.09047673 0.54270262
v 0.02894706 0.11100313 0.55761057
v 0.02894706 0.11100313 0.55761057
v 0.02894706 0.11100313 0.55761057
v 0.02894706 0.11100313 0.55761057
v 0.01588241 0.12888101 0.56973046
v 0.01588241 0.12888101 0.56973046
v 0.01588241 0.12888101 0.56973046
v 0.01588241 0.12888101 0.56973046
v 0.01588241 0.12888101 0.56973046
v 0.01588241 0.12888101 0.56973046
v 0.01588241 0.12888101 0.56973046
v 0.01588241 0.12888101 0.56973046
v 0.01588241 0.12888101 0.56973046
v -0.01585802 0.11100313 0.55789512
v -0.01585802 0.11100313 0.55789512
v -0.01585802 0.11100313 0.55789512
v -0.01585802 0.11100313 0.55789512
v -0.01585802 0.11100313 0.55789512
v -0.04759843 0.07309545 0.52631515
v -0.04759843 0.07309545 0.52631515
v -0.04759843 0.07309545 0.52631515
v 0.07927949 0.13351598 0.56762511
v 0.07927949 0.13351598 0.56762511
v 0.07927949 0.13351598 0.56762511
v 0.07927949 0.13351598 0.56762511
v 0.07927949 0.13351598 0.56762511
v 0.07927949 0.13351598 0.56762511
v 0.07927949 0.13351598 0.56762511
v 0.07927949 0.13351598 0.56762511
v 0.07927949 0.13351598 0.56762511
v 0.07927949 0.13351598 0.56762511
v 0.04762281 0.12970863 0.56933212
v 0.04762281 0.12970863 0.56933212
v 0.04762281 0.12970863 0.56933212
v 0.04762281 0.12970863 0.56933212
v 0.04762281 0.12970863 0.56933212
v 0.04762281 0.12970863 0.56933212
v 0.04762281 0.12970863 0.56933212
v 0.26863325 0.14593115 0.51123643
v 0.26863325 0.14593115 0.51123643
v 0.26863325 0.14593115 0.51123643
v 0.26863325 0.14593115 0.51123643
v 0.26863325 0.17374115 0.51760930
v 0.26863325 0.17374115 0.51760930
v 0.26863325 0.17374115 0.51760930
v 0.26863325 0.17374115 0.51760930
v 0.26863325 0.17456883 0.51778007
v 0.26863325 0.17456883 0.51778007
v 0.26863325 0.17456883 0.51778007
v 0.26863325 0.17456883 0.51778007
v 0.26863325 0.17456883 0.51778007
v 0.26863325 0.17456883 0.51778007
v 0.23873530 0.17456883 0.53194827
v 0.23873530 0.17456883 0.53194827
v 0.23873530 0.17456883 0.53194827
v 0.23873530 0.17456883 0.53194827
v 0.23873530 0.17456883 0.53194827
v 0.22290696 0.17456883 0.53940237
v 0.22290696 0.17456883 0.53940237
v 0.22290696 0.17456883 0.53940237
v 0.22290696 0.17456883 0.53940237
v 0.20615740 0.17456883 0.54617351
v 0.20615740 0.17456883 0.54617351
v 0.20615740 0.17456883 0.54617351
v 0.20615740 0.17456883 0.54617351
v 0.20615740 0.17456883 0.54617351
v 0.17441699 0.17456883 0.55709851
v 0.17441699 0.17456883 0.55709851
v 0.17441699 0.17456883 0.55709851
v 0.17441699 0.17456883 0.55709851
v 0.17441699 0.17456883 0.55709851
v 0.17441699 0.17456883 0.55709851
v 0.10264511 0.15453903 0.57234788
v 0.10264511 0.15453903 0.57234788
v 0.10264511 0.15453903 0.57234788
v 0.10264511 0.15453903 0.57234788
v 0.10264511 0.15453903 0.57234788
v 0.10264511 0.15453903 0.57234788
v 0.10264511 0.15453903 0.57234788
v 0.10264511 0.15453903 0.57234788
v 0.10264511 0.15453903 0.57234788
v 0.10264511 0.15453903 0.57234788
v 0.10264511 0.15453903 0.57234788
v 0.11235986 0.14361367 0.56529218
v 0.11235986 0.14361367 0.56529218
v 0.11235986 0.14361367 0.56529218
v -0.32396615 0.14874524 0.48073760
v -0.32396615 0.14874524 0.48073760
v -0.32396615 0.14874524 0.48073760
v -0.32396615 0.14874524 0.48073760
v -0.32396615 0.14874524 0.48073760
v -0.32396615 0.14874524 0.48073760
v -0.32396615 0.14874524 0.48073760
v -0.32396615 0.14874524 0.48073760
v -0.32773480 0.17456883 0.48358265
v -0.32773480 0.17456883 0.48358265
v -0.32773480 0.17456883 0.48358265
v -0.32773480 0.17456883 0.48358265
v -0.32773480 0.17456883 0.48358265
v -0.32773480 0.17456883 0.48358265
v -0.34364685 0.17456883 0.47169039
v -0.34364685 0.17456883 0.47169039
v -0.34364685 0.17456883 0.47169039
v -0.34364685 0.17456883 0.47169039
v -0.34364685 0.17456883 0.47169039
v -0.34364685 0.17456883 0.47169039
v -0.34364685 0.17456883 0.47169039
v -0.36743125 0.17705183 0.45353904
v -0.36743125 0.17705183 0.45353904
v -0.36743125 0.17705183 0.45353904
v -0.35847023 0.14278598 0.45143369
v -0.35847023 0.14278598 0.45143369
v -0.35847023 0.14278598 0.45143369
v -0.35847023 0.14278598 0.45143369
v -0.35847023 0.14278598 0.45143369
v -0.32321244 1.22058833 0.48028240
v -0.32321244 1.22058833 0.48028240
v -0.32321244 1.22058833 0.48028240
v -0.32321244 1.22058833 0.48028240
v -0.32321244 1.22058833 0.48028240
v -0.32321244 1.22058833 0.48028240
v -0.32321244 1.22058833 0.48028240
v -0.33904076 1.22058833 0.46821943
v -0.33904076 1.22058833 0.46821943
v -0.33904076 1.22058833 0.46821943
v -0.33904076 1.22058833 0.46821943
v -0.33904076 1.22058833 0.46821943
v -0.35964271 1.22058833 0.45228720
v -0.35964271 1.22058833 0.45228720
v -0.35964271 1.22058833 0.45228720
v -0.35964271 1.22058833 0.45228720
v -0.37555480 1.22058833 0.43993974
v -0.37555480 1.22058833 0.43993974
v -0.37555480 1.22058833 0.43993974
v -0.37555480 1.22058833 0.43993974
v -0.37555480 1.22058833 0.43993974
v -0.37521979 1.25237119 0.43982595
v -0.37521979 1.25237119 0.43982595
v -0.37521979 1.25237119 0.43982595
v -0.37521979 1.25237119 0.43982595
v -0.37521979 1.25237119 0.43982595
v -0.39129937 1.53775465 0.42201599
v -0.39129937 1.53775465 0.42201599
v -0.39129937 1.53775465 0.42201599
v -0.39129937 1.53775465 0.42201599
v -0.39129937 1.53775465 0.42201599
v -0.39129937 1.53775465 0.42201599
v -0.39129937 1.53775465 0.42201599
v -0.40712771 1.53775465 0.40705106
v -0.40712771 1.53775465 0.40705106
v -0.40712771 1.53775465 0.40705106
v -0.40712771 1.53775465 0.40705106
v -0.40712771 1.53775465 0.40705106
v -0.40712771 1.53775465 0.40705106
v -0.42169985 1.53775465 0.39117575
v -0.42169985 1.53775465 0.39117575
v -0.42169985 1.53775465 0.39117575
v -0.42169985 1.53775465 0.39117575
v -0.42169985 1.53775465 0.39117575
v -0.42169985 1.53775465 0.39117575
v -0.42094609 1.56953752 0.39032221
v -0.42094609 1.56953752 0.39032221
v -0.42094609 1.56953752 0.39032221
v -0.42094609 1.56953752 0.39032221
v -0.42094609 1.56953752 0.39032221
v -0.42094609 1.56953752 0.39032221
v -0.42094609 1.56953752 0.39032221
v -0.35763276 0.07309545 0.38941181
v -0.35763276 0.07309545 0.38941181
v -0.35763276 0.07309545 0.38941181
v -0.34389812 0.07309545 0.40136099
v -0.34389812 0.07309545 0.40136099
v -0.34389812 0.07309545 0.40136099
v -0.34389812 0.07309545 0.40136099
v -0.31852251 0.09395299 0.44506079
v -0.31852251 0.09395299 0.44506079
v -0.31852251 0.09395299 0.44506079
v -0.31852251 0.09395299 0.44506079
v -0.31852251 0.09395299 0.44506079
v -0.31852251 0.09395299 0.44506079
v -0.31852251 0.09395299 0.44506079
v -0.31852251 0.09395299 0.44506079
v -0.31852251 0.09395299 0.44506079
v -0.31852251 0.09395299 0.44506079
v -0.31852251 0.09395299 0.44506079
v -0.33962700 0.10322299 0.43686709
v -0.33962700 0.10322299 0.43686709
v -0.33962700 0.10322299 0.43686709
v -0.33962700 0.10322299 0.43686709
v -0.33225718 0.07309545 0.41092032
v -0.33225718 0.07309545 0.41092032
v -0.33225718 0.07309545 0.41092032
v -0.33225718 0.07309545 0.41092032
v -0.33058223 0.08600727 0.42702323
v -0.33058223 0.08600727 0.42702323
v -0.33058223 0.08600727 0.42702323
v -0.33058223 0.08600727 0.42702323
v -0.33058223 0.11265850 0.45194581
v -0.33058223 0.11265850 0.45194581
v -0.33058223 0.11265850 0.45194581
v -0.31634510 0.12755673 0.47521824
v -0.31634510 0.12755673 0.47521824
v -0.31634510 0.12755673 0.47521824
v -0.31634510 0.12755673 0.47521824
v -0.31634510 0.12755673 0.47521824
v -0.31634510 0.12755673 0.47521824
v -0.31634510 0.12755673 0.47521824
v -0.31634510 0.12755673 0.47521824
v -0.31634510 0.12755673 0.47521824
v -0.31634510 0.12755673 0.47521824
v -0.31634510 0.12755673 0.47521824
v -0.41717744 1.60115480 0.38616848
v -0.41717744 1.60115480 0.38616848
v -0.41717744 1.60115480 0.38616848
v -0.41717744 1.60115480 0.38616848
v -0.41717744 1.60115480 0.38616848
v -0.41717744 1.60115480 0.38616848
v -0.43509948 1.60429990 0.36420476
v -0.43509948 1.60429990 0.36420476
v -0.43509948 1.60429990 0.36420476
v -0.43509948 1.60429990 0.36420476
v -0.44364175 1.61654961 0.34855705
v -0.44364175 1.61654961 0.34855705
v -0.44364175 1.61654961 0.34855705
v -0.44364175 1.61654961 0.34855705
v -0.44364175 1.61654961 0.34855705
v -0.44364175 1.61654961 0.34855705
v -0.44364175 1.61654961 0.34855705
v -0.44364175 1.61654961 0.34855705
v -0.45034158 1.63293767 0.32545531
v -0.45034158 1.63293767 0.32545531
v -0.45034158 1.63293767 0.32545531
v -0.45034158 1.63293767 0.32545531
v -0.45034158 1.63293767 0.32545531
v -0.44439548 1.64965677 0.31777373
v -0.44439548 1.64965677 0.31777373
v -0.44439548 1.64965677 0.31777373
v -0.44439548 1.64965677 0.31777373
v -0.44439548 1.64965677 0.31777373
v -0.44439548 1.64965677 0.31777373
v -0.44439548 1.64965677 0.31777373
v -0.44992283 1.65710580 0.30110177
v -0.44992283 1.65710580 0.30110177
v -0.44992283 1.65710580 0.30110177
v -0.44992283 1.65710580 0.30110177
v -0.44992283 1.65710580 0.30110177
v -0.41449752 1.76420736 0.23600724
v -0.41449752 1.76420736 0.23600724
v -0.41449752 1.76420736 0.23600724
v -0.41449752 1.76420736 0.23600724
v 0.07927949 1.76420736 0.47021097
v 0.07927949 1.76420736 0.47021097
v 0.07927949 1.76420736 0.47021097
v 0.07115596 1.65131211 0.54048347
v 0.07115596 1.65131211 0.54048347
v 0.07115596 1.65131211 0.54048347
v 0.07115596 1.65131211 0.54048347
v 0.07115596 1.65131211 0.54048347
v 0.07115596 1.65131211 0.54048347
v 0.07115596 1.65131211 0.54048347
v 0.09226041 1.64783585 0.53837812
v 0.09226041 1.64783585 0.53837812
v 0.09226041 1.64783585 0.53837812
v 0.09226041 1.64783585 0.53837812
v 0.09226041 1.64783585 0.53837812
v 0.11101989 1.64435959 0.53627276
v 0.11101989 1.64435959 0.53627276
v 0.11101989 1.64435959 0.53627276
v 0.11101989 1.64435959 0.53627276
v 0.11101989 1.64435959 0.53627276
v 0.11101989 1.62863374 0.54537690
v 0.11101989 1.62863374 0.54537690
v 0.11101989 1.62863374 0.54537690
v 0.11101989 1.62863374 0.54537690
v 0.11101989 1.62863374 0.54537690
v 0.07651581 1.59834075 0.56460935
v 0.07651581 1.59834075 0.56460935
v 0.07651581 1.59834075 0.56460935
v 0.07651581 1.59834075 0.56460935
v 0.07651581 1.59834075 0.56460935
v 0.07651581 1.59834075 0.56460935
v 0.06403739 1.58576000 0.57081157
v 0.06403739 1.58576000 0.57081157
v 0.06403739 1.58576000 0.57081157
v 0.06403739 1.58576000 0.57081157
v 0.06403739 1.58576000 0.57081157
v 0.06403739 1.58576000 0.57081157
v 0.06403739 1.58576000 0.57081157
v 0.06403739 1.58576000 0.57081157
v 0.06403739 1.58576000 0.57081157
v 0.06403739 1.58576000 0.57081157
v 0.11101989 1.56953752 0.56267476
v 0.11101989 1.56953752 0.56267476
v 0.11101989 1.56953752 0.56267476
v 0.11101989 1.56953752 0.56267476
v 0.11101989 1.56953752 0.56267476
v 0.11101989 1.56953752 0.56267476
v 0.14276031 1.53775465 0.55670017
v 0.14276031 1.53775465 0.55670017
v 0.14276031 1.53775465 0.55670017
v 0.14276031 1.53775465 0.55670017
v 0.14276031 1.53775465 0.55670017
v 0.14276031 1.53775465 0.55670017
v 0.17441699 1.53775465 0.54822195
v 0.17441699 1.53775465 0.54822195
v 0.17441699 1.53775465 0.54822195
v 0.17441699 1.53775465 0.54822195
v 0.17441699 1.53775465 0.54822195
v 0.19585641 1.53775465 0.54122317
v 0.19585641 1.53775465 0.54122317
v 0.19585641 1.53775465 0.54122317
v 0.19585641 1.53775465 0.54122317
v 0.19585641 1.53775465 0.54122317
v 0.19585641 1.53775465 0.54122317
v 0.19585641 1.53775465 0.54122317
v 0.19585641 1.53775465 0.54122317
v 0.21168475 1.53775465 0.53467953
v 0.21168475 1.53775465 0.53467953
v 0.21168475 1.53775465 0.53467953
v 0.21168475 1.53775465 0.53467953
v 0.21168475 1.53775465 0.53467953
v 0.21168475 1.53775465 0.53467953
v 0.23781405 1.53775465 0.52290106
v 0.23781405 1.53775465 0.52290106
v 0.23781405 1.53775465 0.52290106
v 0.23781405 1.53775465 0.52290106
v 0.23781405 1.53775465 0.52290106
v 0.23781405 1.53775465 0.52290106
v 0.26218468 1.53775465 0.51135021
v 0.26218468 1.53775465 0.51135021
v 0.26218468 1.53775465 0.51135021
v 0.26218468 1.53775465 0.51135021
v 0.26218468 1.53775465 0.51135021
v 0.26218468 1.53775465 0.51135021
v 0.26863325 1.55182517 0.50765169
v 0.26863325 1.55182517 0.50765169
v 0.26863325 1.55182517 0.50765169
v 0.26863325 1.55182517 0.50765169
v -0.07925509 0.07690279 0.52603066
v -0.07925509 0.07690279 0.52603066
v -0.07925509 0.07690279 0.52603066
v -0.07925509 0.07690279 0.52603066
v -0.07925509 0.07690279 0.52603066
v -0.07925509 0.07690279 0.52603066
v -0.05086459 0.07309545 0.52597374
v -0.05086459 0.07309545 0.52597374
v -0.05086459 0.07309545 0.52597374
v -0.05086459 0.07309545 0.52597374
v -0.04759843 0.11100313 0.55726922
v -0.04759843 0.11100313 0.55726922
v -0.04759843 0.11100313 0.55726922
v -0.04759843 0.11100313 0.55726922
v -0.04759843 0.11100313 0.55726922
v -0.04759843 0.11100313 0.55726922
v -0.04759843 0.11100313 0.55726922
v -0.07925509 0.09279422 0.54088175
v -0.07925509 0.09279422 0.54088175
v -0.07925509 0.09279422 0.54088175
v -0.07925509 0.09279422 0.54088175
v -0.07925509 0.09279422 0.54088175
v -0.07925509 0.09279422 0.54088175
v -0.01585802 0.12888101 0.56973046
v -0.01585802 0.12888101 0.56973046
v -0.01585802 0.12888101 0.56973046
v -0.01585802 0.12888101 0.56973046
v -0.01585802 0.12888101 0.56973046
v 0.02894706 0.13566795 0.57240480
v 0.02894706 0.13566795 0.57240480
v 0.02894706 0.14510347 0.57655859
v 0.02894706 0.14510347 0.57655859
v 0.02894706 0.14510347 0.57655859
v 0.02894706 0.14510347 0.57655859
v 0.02894706 0.14510347 0.57655859
v 0.02894706 0.14510347 0.57655859
v 0.01588241 0.14477238 0.57667232
v 0.01588241 0.14477238 0.57667232
v 0.01588241 0.14477238 0.57667232
v 0.01588241 0.14477238 0.57667232
v -0.01585802 0.14477238 0.57672930
v -0.01585802 0.14477238 0.57672930
v -0.01585802 0.14477238 0.57672930
v -0.01585802 0.14477238 0.57672930
v -0.01585802 0.14477238 0.57672930
v 0.07927949 0.14940740 0.57456702
v 0.07927949 0.14940740 0.57456702
v 0.07927949 0.14940740 0.57456702
v 0.07927949 0.14940740 0.57456702
v 0.07927949 0.14940740 0.57456702
v 0.04762281 0.14560007 0.57627404
v 0.04762281 0.14560007 0.57627404
v 0.04762281 0.14560007 0.57627404
v 0.04762281 0.14560007 0.57627404
v 0.04762281 0.14560007 0.57627404
v 0.04762281 0.14560007 0.57627404
v 0.26863325 0.20635168 0.51760930
v 0.26863325 0.20635168 0.51760930
v 0.26863325 0.20635168 0.51760930
v 0.23865154 0.20635168 0.53189141
v 0.23865154 0.20635168 0.53189141
v 0.23865154 0.20635168 0.53189141
v 0.23865154 0.20635168 0.53189141
v 0.23865154 0.20635168 0.53189141
v 0.23865154 0.20635168 0.53189141
v 0.22282320 0.20635168 0.53934544
v 0.22282320 0.20635168 0.53934544
v 0.22282320 0.20635168 0.53934544
v 0.22282320 0.20635168 0.53934544
v 0.22282320 0.20635168 0.53934544
v 0.22282320 0.20635168 0.53934544
v 0.22282320 0.20635168 0.53934544
v 0.22282320 0.20635168 0.53934544
v 0.20615740 0.20635168 0.54605973
v 0.20615740 0.20635168 0.54605973
v 0.20615740 0.20635168 0.54605973
v 0.20615740 0.20635168 0.54605973
v 0.14276031 0.17456883 0.56540602
v 0.14276031 0.17456883 0.56540602
v 0.14276031 0.17456883 0.56540602
v 0.14276031 0.17456883 0.56540602
v 0.14276031 0.17456883 0.56540602
v 0.14276031 0.17456883 0.56540602
v 0.14276031 0.17456883 0.56540602
v 0.17441699 0.20635168 0.55698466
v 0.17441699 0.20635168 0.55698466
v 0.17441699 0.20635168 0.55698466
v 0.17441699 0.20635168 0.55698466
v 0.17441699 0.20635168 0.55698466
v 0.17441699 0.20635168 0.55698466
v 0.12316334 0.17456883 0.56990117
v 0.12316334 0.17456883 0.56990117
v 0.12316334 0.17456883 0.56990117
v 0.12316334 0.17456883 0.56990117
v 0.10733500 0.17456883 0.57342899
v 0.10733500 0.17456883 0.57342899
v 0.10733500 0.17456883 0.57342899
v 0.10733500 0.17456883 0.57342899
v 0.07927949 0.17456883 0.57889146
v 0.07927949 0.17456883 0.57889146
v 0.07927949 0.17456883 0.57889146
v 0.07927949 0.17456883 0.57889146
v 0.07927949 0.17456883 0.57889146
v 0.07927949 0.17456883 0.57889146
v -0.28653088 0.15702203 0.50799310
v -0.28653088 0.15702203 0.50799310
v -0.28653088 0.15702203 0.50799310
v -0.28653088 0.15702203 0.50799310
v -0.28653088 0.15702203 0.50799310
v -0.28653088 0.15702203 0.50799310
v -0.28653088 0.15702203 0.50799310
v -0.28653088 0.15702203 0.50799310
v -0.28653088 0.15702203 0.50799310
v -0.28653088 0.15702203 0.50799310
v -0.33384839 0.13997190 0.46867463
v -0.33384839 0.13997190 0.46867463
v -0.33384839 0.13997190 0.46867463
v -0.30143800 0.14228937 0.49183324
v -0.30143800 0.14228937 0.49183324
v -0.30143800 0.14228937 0.49183324
v -0.30143800 0.14228937 0.49183324
v -0.30344796 0.17456883 0.49945796
v -0.30344796 0.17456883 0.49945796
v -0.30344796 0.17456883 0.49945796
v -0.30344796 0.17456883 0.49945796
v -0.30344796 0.17456883 0.49945796
v -0.30344796 0.17456883 0.49945796
v -0.30344796 0.17456883 0.49945796
v -0.32756731 0.20618610 0.48352578
v -0.32756731 0.20618610 0.48352578
v -0.32756731 0.20618610 0.48352578
v -0.32756731 0.20618610 0.48352578
v -0.30110300 1.22058833 0.49450761
v -0.30110300 1.22058833 0.49450761
v -0.30110300 1.22058833 0.49450761
v -0.30110300 1.22058833 0.49450761
v -0.30110300 1.22058833 0.49450761
v -0.32053250 1.53775465 0.47834775
v -0.32053250 1.53775465 0.47834775
v -0.32053250 1.53775465 0.47834775
v -0.32053250 1.53775465 0.47834775
v -0.32053250 1.53775465 0.47834775
v -0.32053250 1.53775465 0.47834775
v -0.32053250 1.53775465 0.47834775
v -0.32053250 1.53775465 0.47834775
v -0.32053250 1.53775465 0.47834775
v -0.35939148 1.25237119 0.45217341
v -0.35939148 1.25237119 0.45217341
v -0.35939148 1.25237119 0.45217341
v -0.35939148 1.25237119 0.45217341
v -0.35939148 1.25237119 0.45217341
v -0.35939148 1.25237119 0.45217341
v -0.35939148 1.25237119 0.45217341
v -0.37496856 1.28415406 0.43959835
v -0.37496856 1.28415406 0.43959835
v -0.37496856 1.28415406 0.43959835
v -0.37496856 1.28415406 0.43959835
v -0.37496856 1.28415406 0.43959835
v -0.37496856 1.28415406 0.43959835
v -0.37270737 1.53775465 0.43789130
v -0.37270737 1.53775465 0.43789130
v -0.37270737 1.53775465 0.43789130
v -0.37270737 1.53775465 0.43789130
v -0.37270737 1.53775465 0.43789130
v -0.37270737 1.53775465 0.43789130
v -0.37270737 1.53775465 0.43789130
v -0.39054564 1.56953752 0.42133319
v -0.39054564 1.56953752 0.42133319
v -0.39054564 1.56953752 0.42133319
v -0.39054564 1.56953752 0.42133319
v -0.39054564 1.56953752 0.42133319
v -0.39054564 1.56953752 0.42133319
v -0.40629023 1.56953752 0.40614066
v -0.40629023 1.56953752 0.40614066
v -0.40629023 1.56953752 0.40614066
v -0.40629023 1.56953752 0.40614066
v -0.40629023 1.56953752 0.40614066
v -0.40629023 1.56953752 0.40614066
v -0.28158975 0.09759476 0.47362500
v -0.28158975 0.09759476 0.47362500
v -0.28158975 0.09759476 0.47362500
v -0.28158975 0.09759476 0.47362500
v -0.28158975 0.09759476 0.47362500
v -0.28158975 0.09759476 0.47362500
v -0.28158975 0.09759476 0.47362500
v -0.28158975 0.09759476 0.47362500
v -0.28158975 0.09759476 0.47362500
v -0.28158975 0.09759476 0.47362500
v -0.28158975 0.09759476 0.47362500
v -0.30395043 0.10934776 0.46856084
v -0.30395043 0.10934776 0.46856084
v -0.30395043 0.10934776 0.46856084
v -0.30880782 0.07309545 0.42890096
v -0.30880782 0.07309545 0.42890096
v -0.30880782 0.07309545 0.42890096
v -0.30880782 0.07309545 0.42890096
v -0.30369920 0.07309545 0.43271333
v -0.30369920 0.07309545 0.43271333
v -0.30369920 0.07309545 0.43271333
v -0.30369920 0.07309545 0.43271333
v -0.30110300 0.08799367 0.45126298
v -0.30110300 0.08799367 0.45126298
v -0.30110300 0.08799367 0.45126298
v -0.30110300 0.08799367 0.45126298
v -0.29524067 0.11878332 0.48176181
v -0.29524067 0.11878332 0.48176181
v -0.29524067 0.11878332 0.48176181
v -0.29524067 0.11878332 0.48176181
v -0.29524067 0.11878332 0.48176181
v -0.27606240 0.13583347 0.50287199
v -0.27606240 0.13583347 0.50287199
v -0.27606240 0.13583347 0.50287199
v -0.27606240 0.13583347 0.50287199
v -0.27606240 0.13583347 0.50287199
v -0.27606240 0.13583347 0.50287199
v -0.27606240 0.13583347 0.50287199
v -0.40235409 1.60115480 0.40204379
v -0.40235409 1.60115480 0.40204379
v -0.40235409 1.60115480 0.40204379
v -0.40235409 1.60115480 0.40204379
v -0.40235409 1.60115480 0.40204379
v -0.41349256 1.61919820 0.38201472
v -0.41349256 1.61919820 0.38201472
v -0.41349256 1.61919820 0.38201472
v -0.41349256 1.61919820 0.38201472
v -0.41349256 1.61919820 0.38201472
v -0.41349256 1.61919820 0.38201472
v -0.41349256 1.61919820 0.38201472
v -0.41349256 1.61919820 0.38201472
v -0.42069483 1.63111675 0.36323744
v -0.42069483 1.63111675 0.36323744
v -0.42069483 1.63111675 0.36323744
v -0.42069483 1.63111675 0.36323744
v -0.42069483 1.63111675 0.36323744
v -0.43769565 1.63293767 0.34121683
v -0.43769565 1.63293767 0.34121683
v -0.43769565 1.63293767 0.34121683
v -0.43769565 1.63293767 0.34121683
v -0.43769565 1.63293767 0.34121683
v -0.41466501 1.65197420 0.35168660
v -0.41466501 1.65197420 0.35168660
v -0.41466501 1.65197420 0.35168660
v -0.41466501 1.65197420 0.35168660
v -0.41466501 1.65197420 0.35168660
v -0.41466501 1.65197420 0.35168660
v -0.38108215 1.76420736 0.28613687
v -0.38108215 1.76420736 0.28613687
v -0.38108215 1.76420736 0.28613687
v -0.38108215 1.76420736 0.28613687
v -0.39439803 1.76420736 0.26787168
v -0.39439803 1.76420736 0.26787168
v -0.39439803 1.76420736 0.26787168
v -0.39439803 1.76420736 0.26787168
v 0.04762281 1.76420736 0.47487685
v 0.04762281 1.76420736 0.47487685
v 0.04762281 1.76420736 0.47487685
v 0.04762281 1.76420736 0.47487685
v 0.04762281 1.65280187 0.54145080
v 0.04762281 1.65280187 0.54145080
v 0.04762281 1.65280187 0.54145080
v 0.04762281 1.65280187 0.54145080
v 0.04762281 1.65280187 0.54145080
v 0.04762281 1.65280187 0.54145080
v 0.04762281 1.65280187 0.54145080
v 0.04762281 1.63277209 0.55288780
v 0.04762281 1.63277209 0.55288780
v 0.04762281 1.63277209 0.55288780
v 0.04762281 1.63277209 0.55288780
v 0.04762281 1.63277209 0.55288780
v 0.04762281 1.63277209 0.55288780
v 0.08078695 1.63542068 0.54759604
v 0.08078695 1.63542068 0.54759604
v 0.08078695 1.63542068 0.54759604
v 0.08078695 1.63542068 0.54759604
v 0.08078695 1.63542068 0.54759604
v 0.08078695 1.63542068 0.54759604
v 0.04762281 1.60297573 0.56625950
v 0.04762281 1.60297573 0.56625950
v 0.04762281 1.60297573 0.56625950
v 0.04762281 1.60297573 0.56625950
v 0.04762281 1.60297573 0.56625950
v 0.04762281 1.60297573 0.56625950
v 0.04762281 1.60297573 0.56625950
v 0.04762281 1.60297573 0.56625950
v 0.04762281 1.58691871 0.57115299
v 0.04762281 1.58691871 0.57115299
v 0.04762281 1.58691871 0.57115299
v 0.04762281 1.58691871 0.57115299
v 0.04762281 1.58691871 0.57115299
v 0.04762281 1.56953752 0.57268935
v 0.04762281 1.56953752 0.57268935
v 0.04762281 1.56953752 0.57268935
v 0.04762281 1.56953752 0.57268935
v 0.04762281 1.56953752 0.57268935
v 0.04762281 1.56953752 0.57268935
v 0.04762281 1.56953752 0.57268935
v 0.06730355 1.56953752 0.57138056
v 0.06730355 1.56953752 0.57138056
v 0.06730355 1.56953752 0.57138056
v 0.06730355 1.56953752 0.57138056
v 0.06730355 1.56953752 0.57138056
v 0.06730355 1.56953752 0.57138056
v 0.08313188 1.56953752 0.56847858
v 0.08313188 1.56953752 0.56847858
v 0.08313188 1.56953752 0.56847858
v 0.08313188 1.56953752 0.56847858
v 0.08664930 1.53775465 0.56916142
v 0.08664930 1.53775465 0.56916142
v 0.08664930 1.53775465 0.56916142
v 0.08664930 1.53775465 0.56916142
v 0.08664930 1.53775465 0.56916142
v 0.08664930 1.53775465 0.56916142
v 0.08664930 1.53775465 0.56916142
v 0.11101989 1.53775465 0.56398344
v 0.11101989 1.53775465 0.56398344
v 0.11101989 1.53775465 0.56398344
v 0.11101989 1.53775465 0.56398344
v 0.11101989 1.53775465 0.56398344
v 0.11101989 1.53775465 0.56398344
v 0.11101989 1.53775465 0.56398344
v 0.14276031 1.44257164 0.55778128
v 0.14276031 1.44257164 0.55778128
v 0.14276031 1.44257164 0.55778128
v 0.14276031 1.44257164 0.55778128
v 0.14276031 1.44257164 0.55778128
v 0.14276031 1.44257164 0.55778128
v 0.17441699 1.50613737 0.54862028
v 0.17441699 1.50613737 0.54862028
v 0.17441699 1.50613737 0.54862028
v 0.17441699 1.50613737 0.54862028
v 0.17441699 1.50613737 0.54862028
v 0.17441699 1.25253677 0.55146527
v 0.17441699 1.25253677 0.55146527
v 0.17441699 1.25253677 0.55146527
v 0.17441699 1.25253677 0.55146527
v 0.17441699 1.25253677 0.55146527
v 0.17441699 1.25253677 0.55146527
v 0.17441699 1.25253677 0.55146527
v 0.17441699 1.25253677 0.55146527
v 0.19719636 1.44257164 0.54179215
v 0.19719636 1.44257164 0.54179215
v 0.19719636 1.44257164 0.54179215
v 0.19719636 1.44257164 0.54179215
v 0.21629089 1.22075391 0.53655732
v 0.21629089 1.22075391 0.53655732
v 0.21629089 1.22075391 0.53655732
v 0.21629089 1.22075391 0.53655732
v 0.21629089 1.22075391 0.53655732
v 0.21629089 1.22075391 0.53655732
v 0.21629089 1.22075391 0.53655732
v 0.21629089 1.22075391 0.53655732
v 0.21629089 1.22075391 0.53655732
v 0.21629089 1.22075391 0.53655732
v 0.21578839 1.25253677 0.53638661
v 0.21578839 1.25253677 0.53638661
v 0.21578839 1.25253677 0.53638661
v 0.23781405 1.25253677 0.52637208
v 0.23781405 1.25253677 0.52637208
v 0.23781405 1.25253677 0.52637208
v 0.23781405 1.25253677 0.52637208
v 0.23781405 1.25253677 0.52637208
v 0.23781405 1.25253677 0.52637208
v 0.26863325 1.53775465 0.50827760
v 0.26863325 1.53775465 0.50827760
v 0.26863325 1.53775465 0.50827760
v 0.26863325 1.22572005 0.51203305
v 0.26863325 1.22572005 0.51203305
v 0.26863325 1.22572005 0.51203305
v 0.26863325 1.22572005 0.51203305
v -0.11392668 0.07309545 0.51527643
v -0.11392668 0.07309545 0.51527643
v -0.11392668 0.07309545 0.51527643
v -0.11392668 0.07309545 0.51527643
v -0.11392668 0.07309545 0.51527643
v -0.11392668 0.07309545 0.51527643
v -0.08478244 0.07309545 0.52125096
v -0.08478244 0.07309545 0.52125096
v -0.08478244 0.07309545 0.52125096
v -0.07925509 0.07309545 0.52216142
v -0.07925509 0.07309545 0.52216142
v -0.07925509 0.07309545 0.52216142
v -0.04759843 0.12954313 0.56933212
v -0.04759843 0.12954313 0.56933212
v -0.04759843 0.12954313 0.56933212
v -0.04759843 0.12954313 0.56933212
v -0.04759843 0.12954313 0.56933212
v -0.04759843 0.12954313 0.56933212
v -0.07925509 0.11100313 0.55368441
v -0.07925509 0.11100313 0.55368441
v -0.07925509 0.11100313 0.55368441
v -0.07925509 0.11100313 0.55368441
v -0.07925509 0.11100313 0.55368441
v -0.07925509 0.11100313 0.55368441
v -0.07925509 0.11100313 0.55368441
v -0.09608840 0.09494619 0.53923160
v -0.09608840 0.09494619 0.53923160
v -0.09608840 0.09494619 0.53923160
v -0.09608840 0.09494619 0.53923160
v -0.09608840 0.09494619 0.53923160
v -0.09608840 0.09494619 0.53923160
v -0.09608840 0.09494619 0.53923160
v 0.02894706 0.17456883 0.58264697
v 0.02894706 0.17456883 0.58264697
v 0.02894706 0.17456883 0.58264697
v 0.02894706 0.17456883 0.58264697
v 0.02894706 0.17456883 0.58264697
v 0.01588241 0.17456883 0.58287454
v 0.01588241 0.17456883 0.58287454
v 0.01588241 0.17456883 0.58287454
v 0.01588241 0.17456883 0.58287454
v 0.01588241 0.17456883 0.58287454
v 0.01588241 0.17456883 0.58287454
v -0.01585802 0.17456883 0.58293146
v -0.01585802 0.17456883 0.58293146
v -0.01585802 0.17456883 0.58293146
v -0.01585802 0.17456883 0.58293146
v -0.01585802 0.17456883 0.58293146
v -0.01585802 0.17456883 0.58293146
v -0.01585802 0.17456883 0.58293146
v -0.04759843 0.14543454 0.57633102
v -0.04759843 0.14543454 0.57633102
v -0.04759843 0.14543454 0.57633102
v -0.04759843 0.14543454 0.57633102
v -0.04759843 0.14543454 0.57633102
v 0.04762281 0.17456883 0.58224863
v 0.04762281 0.17456883 0.58224863
v 0.04762281 0.17456883 0.58224863
v 0.04762281 0.17456883 0.58224863
v 0.04762281 0.17456883 0.58224863
v 0.04762281 0.17456883 0.58224863
v 0.04762281 0.17456883 0.58224863
v 0.26863325 1.22075391 0.51208997
v 0.26863325 1.22075391 0.51208997
v 0.26863325 1.22075391 0.51208997
v 0.26863325 1.22075391 0.51208997
v 0.26863325 1.22075391 0.51208997
v 0.23781405 1.22075391 0.52671349
v 0.23781405 1.22075391 0.52671349
v 0.23781405 1.22075391 0.52671349
v 0.23781405 1.22075391 0.52671349
v 0.23781405 1.22075391 0.52671349
v 0.20037879 1.22075391 0.54304391
v 0.20037879 1.22075391 0.54304391
v 0.20037879 1.22075391 0.54304391
v 0.20037879 1.22075391 0.54304391
v 0.20037879 1.22075391 0.54304391
v 0.20037879 1.22075391 0.54304391
v 0.20037879 1.22075391 0.54304391
v 0.10716750 0.20635168 0.57342899
v 0.10716750 0.20635168 0.57342899
v 0.10716750 0.20635168 0.57342899
v 0.10716750 0.20635168 0.57342899
v 0.10716750 0.20635168 0.57342899
v 0.10716750 0.20635168 0.57342899
v 0.14276031 1.22075391 0.56011420
v 0.14276031 1.22075391 0.56011420
v 0.14276031 1.22075391 0.56011420
v 0.14276031 1.22075391 0.56011420
v 0.14276031 1.22075391 0.56011420
v 0.09611280 1.22075391 0.57092535
v 0.09611280 1.22075391 0.57092535
v 0.09611280 1.22075391 0.57092535
v 0.09611280 1.22075391 0.57092535
v 0.09611280 1.22075391 0.57092535
v 0.09611280 1.22075391 0.57092535
v 0.09611280 1.22075391 0.57092535
v 0.09611280 1.22075391 0.57092535
v 0.09611280 1.22075391 0.57092535
v 0.17441699 1.22075391 0.55174983
v 0.17441699 1.22075391 0.55174983
v 0.17441699 1.22075391 0.55174983
v 0.17441699 1.22075391 0.55174983
v 0.07927949 0.20635168 0.57883459
v 0.07927949 0.20635168 0.57883459
v 0.07927949 0.20635168 0.57883459
v 0.07927949 0.20635168 0.57883459
v 0.07927949 0.20635168 0.57883459
v 0.07927949 0.20635168 0.57883459
v -0.22212884 0.15834631 0.53911787
v -0.22212884 0.15834631 0.53911787
v -0.22212884 0.15834631 0.53911787
v -0.22212884 0.15834631 0.53911787
v -0.22212884 0.15834631 0.53911787
v -0.22212884 0.15834631 0.53911787
v -0.22212884 0.15834631 0.53911787
v -0.22212884 0.15834631 0.53911787
v -0.26944634 0.17456883 0.51732486
v -0.26944634 0.17456883 0.51732486
v -0.26944634 0.17456883 0.51732486
v -0.26944634 0.17456883 0.51732486
v -0.26944634 0.17456883 0.51732486
v -0.26944634 0.17456883 0.51732486
v -0.28761962 0.17456883 0.50856209
v -0.28761962 0.17456883 0.50856209
v -0.28761962 0.17456883 0.50856209
v -0.28761962 0.17456883 0.50856209
v -0.28761962 0.17456883 0.50856209
v -0.28761962 0.17456883 0.50856209
v -0.26710141 0.14493795 0.51152098
v -0.26710141 0.14493795 0.51152098
v -0.26710141 0.14493795 0.51152098
v -0.23477475 0.14576563 0.52722555
v -0.23477475 0.14576563 0.52722555
v -0.23477475 0.14576563 0.52722555
v -0.23477475 0.14576563 0.52722555
v -0.23477475 0.14576563 0.52722555
v -0.23477475 0.14576563 0.52722555
v -0.28184101 1.22058833 0.50560325
v -0.28184101 1.22058833 0.50560325
v -0.28184101 1.22058833 0.50560325
v -0.28184101 1.22058833 0.50560325
v -0.28184101 1.22058833 0.50560325
v -0.28184101 1.22058833 0.50560325
v -0.30110300 1.53775465 0.49063835
v -0.30110300 1.53775465 0.49063835
v -0.30110300 1.53775465 0.49063835
v -0.30110300 1.53775465 0.49063835
v -0.30110300 1.53775465 0.49063835
v -0.30110300 1.53775465 0.49063835
v -0.30110300 1.53775465 0.49063835
v -0.31952751 1.56953752 0.47755116
v -0.31952751 1.56953752 0.47755116
v -0.31952751 1.56953752 0.47755116
v -0.31952751 1.56953752 0.47755116
v -0.31952751 1.56953752 0.47755116
v -0.35595781 1.56953752 0.44949907
v -0.35595781 1.56953752 0.44949907
v -0.35595781 1.56953752 0.44949907
v -0.35595781 1.56953752 0.44949907
v -0.35595781 1.56953752 0.44949907
v -0.35595781 1.56953752 0.44949907
v -0.35595781 1.56953752 0.44949907
v -0.33636081 1.53775465 0.46611410
v -0.33636081 1.53775465 0.46611410
v -0.33636081 1.53775465 0.46611410
v -0.33636081 1.53775465 0.46611410
v -0.35721403 1.50597179 0.45046639
v -0.35721403 1.50597179 0.45046639
v -0.35721403 1.50597179 0.45046639
v -0.35721403 1.50597179 0.45046639
v -0.35721403 1.50597179 0.45046639
v -0.35721403 1.50597179 0.45046639
v -0.35687903 1.53775465 0.45023876
v -0.35687903 1.53775465 0.45023876
v -0.35687903 1.53775465 0.45023876
v -0.35687903 1.53775465 0.45023876
v -0.37178612 1.56953752 0.43709469
v -0.37178612 1.56953752 0.43709469
v -0.37178612 1.56953752 0.43709469
v -0.37178612 1.56953752 0.43709469
v -0.37178612 1.56953752 0.43709469
v -0.37178612 1.56953752 0.43709469
v -0.38652575 1.60115480 0.41769153
v -0.38652575 1.60115480 0.41769153
v -0.38652575 1.60115480 0.41769153
v -0.38652575 1.60115480 0.41769153
v -0.38652575 1.60115480 0.41769153
v -0.38652575 1.60115480 0.41769153
v -0.38652575 1.60115480 0.41769153
v -0.27447119 0.07309545 0.45205960
v -0.27447119 0.07309545 0.45205960
v -0.27447119 0.07309545 0.45205960
v -0.27447119 0.07309545 0.45205960
v -0.27447119 0.07309545 0.45205960
v -0.27036756 0.07855816 0.46019641
v -0.27036756 0.07855816 0.46019641
v -0.27036756 0.07855816 0.46019641
v -0.27036756 0.07855816 0.46019641
v -0.26048532 0.09146994 0.47891676
v -0.26048532 0.09146994 0.47891676
v -0.26048532 0.09146994 0.47891676
v -0.26048532 0.09146994 0.47891676
v -0.26048532 0.09146994 0.47891676
v -0.26048532 0.09146994 0.47891676
v -0.26048532 0.09146994 0.47891676
v -0.21710396 0.09809136 0.50503427
v -0.21710396 0.09809136 0.50503427
v -0.21710396 0.09809136 0.50503427
v -0.21710396 0.09809136 0.50503427
v -0.21710396 0.09809136 0.50503427
v -0.21710396 0.09809136 0.50503427
v -0.23778965 0.10471278 0.50014079
v -0.23778965 0.10471278 0.50014079
v -0.23778965 0.10471278 0.50014079
v -0.23778965 0.10471278 0.50014079
v -0.26835763 0.11183082 0.49086595
v -0.26835763 0.11183082 0.49086595
v -0.26835763 0.11183082 0.49086595
v -0.26835763 0.11183082 0.49086595
v -0.26835763 0.11183082 0.49086595
v -0.25495794 0.12606686 0.50787932
v -0.25495794 0.12606686 0.50787932
v -0.25495794 0.12606686 0.50787932
v -0.25495794 0.12606686 0.50787932
v -0.25495794 0.12606686 0.50787932
v -0.25495794 0.12606686 0.50787932
v -0.25495794 0.12606686 0.50787932
v -0.38225463 1.61969483 0.41387916
v -0.38225463 1.61969483 0.41387916
v -0.38225463 1.61969483 0.41387916
v -0.38225463 1.61969483 0.41387916
v -0.38225463 1.61969483 0.41387916
v -0.38225463 1.61969483 0.41387916
v -0.38225463 1.61969483 0.41387916
v -0.38225463 1.61969483 0.41387916
v -0.38225463 1.61969483 0.41387916
v -0.38225463 1.61969483 0.41387916
v -0.39381179 1.62979245 0.39379317
v -0.39381179 1.62979245 0.39379317
v -0.39381179 1.62979245 0.39379317
v -0.39381179 1.62979245 0.39379317
v -0.40536898 1.64038670 0.37285367
v -0.40536898 1.64038670 0.37285367
v -0.40536898 1.64038670 0.37285367
v -0.40536898 1.64038670 0.37285367
v -0.40536898 1.64038670 0.37285367
v -0.40536898 1.64038670 0.37285367
v -0.40536898 1.64038670 0.37285367
v -0.36642626 1.76420736 0.30326399
v -0.36642626 1.76420736 0.30326399
v -0.36642626 1.76420736 0.30326399
v -0.36642626 1.76420736 0.30326399
v 0.01588241 1.76420736 0.47607172
v 0.01588241 1.76420736 0.47607172
v 0.01588241 1.76420736 0.47607172
v 0.01588241 1.76420736 0.47607172
v 0.01588241 1.65313303 0.54173523
v 0.01588241 1.65313303 0.54173523
v 0.01588241 1.65313303 0.54173523
v 0.01588241 1.65313303 0.54173523
v 0.01588241 1.63293767 0.55345684
v 0.01588241 1.63293767 0.55345684
v 0.01588241 1.63293767 0.55345684
v 0.01588241 1.63293767 0.55345684
v 0.01588241 1.63293767 0.55345684
v 0.02894706 1.63293767 0.55322921
v 0.02894706 1.63293767 0.55322921
v 0.02894706 1.63293767 0.55322921
v 0.02894706 1.63293767 0.55322921
v 0.02894706 1.63293767 0.55322921
v 0.02894706 1.61605299 0.56091082
v 0.02894706 1.61605299 0.56091082
v 0.02894706 1.61605299 0.56091082
v 0.02894706 1.61605299 0.56091082
v 0.01588241 1.60413444 0.56660092
v 0.01588241 1.60413444 0.56660092
v 0.01588241 1.60413444 0.56660092
v 0.01588241 1.60413444 0.56660092
v 0.01588241 1.60413444 0.56660092
v 0.01588241 1.60413444 0.56660092
v 0.01588241 1.60413444 0.56660092
v 0.02894706 1.58774638 0.57138056
v 0.02894706 1.58774638 0.57138056
v 0.02894706 1.58774638 0.57138056
v 0.02894706 1.58774638 0.57138056
v 0.02894706 1.58774638 0.57138056
v 0.02894706 1.57682109 0.57246172
v 0.02894706 1.57682109 0.57246172
v 0.02894706 1.57682109 0.57246172
v 0.02894706 1.57682109 0.57246172
v 0.02894706 1.57682109 0.57246172
v 0.01588241 1.56953752 0.57337213
v 0.01588241 1.56953752 0.57337213
v 0.01588241 1.56953752 0.57337213
v 0.01588241 1.56953752 0.57337213
v 0.01588241 1.56953752 0.57337213
v 0.01588241 1.56953752 0.57337213
v 0.02894706 1.55099750 0.57382733
v 0.02894706 1.55099750 0.57382733
v 0.02894706 1.55099750 0.57382733
v 0.02894706 1.55099750 0.57382733
v 0.04762281 1.53775465 0.57394111
v 0.04762281 1.53775465 0.57394111
v 0.04762281 1.53775465 0.57394111
v 0.04762281 1.53775465 0.57394111
v 0.04762281 1.53775465 0.57394111
v 0.04762281 1.53775465 0.57394111
v 0.04762281 1.53775465 0.57394111
v 0.04762281 1.53775465 0.57394111
v 0.07073721 1.53775465 0.57200652
v 0.07073721 1.53775465 0.57200652
v 0.07073721 1.53775465 0.57200652
v 0.07073721 1.53775465 0.57200652
v 0.07073721 1.53775465 0.57200652
v 0.07484085 1.41095436 0.57280308
v 0.07484085 1.41095436 0.57280308
v 0.07484085 1.41095436 0.57280308
v 0.07484085 1.41095436 0.57280308
v 0.07484085 1.41095436 0.57280308
v 0.07484085 1.41095436 0.57280308
v 0.07484085 1.41095436 0.57280308
v 0.08765426 1.50613737 0.56933212
v 0.08765426 1.50613737 0.56933212
v 0.08765426 1.50613737 0.56933212
v 0.08765426 1.50613737 0.56933212
v 0.09066919 1.41095436 0.56984425
v 0.09066919 1.41095436 0.56984425
v 0.09066919 1.41095436 0.56984425
v 0.09066919 1.41095436 0.56984425
v 0.09552655 1.24310124 0.57081157
v 0.09552655 1.24310124 0.57081157
v 0.09552655 1.24310124 0.57081157
v 0.09552655 1.24310124 0.57081157
v 0.09552655 1.24310124 0.57081157
v 0.09552655 1.24310124 0.57081157
v 0.11101989 1.44257164 0.56506455
v 0.11101989 1.44257164 0.56506455
v 0.11101989 1.44257164 0.56506455
v 0.11101989 1.44257164 0.56506455
v 0.14276031 1.25253677 0.55982971
v 0.14276031 1.25253677 0.55982971
v 0.14276031 1.25253677 0.55982971
v 0.14276031 1.25253677 0.55982971
v 0.19996005 1.25253677 0.54287326
v 0.19996005 1.25253677 0.54287326
v 0.19996005 1.25253677 0.54287326
v 0.19996005 1.25253677 0.54287326
v -0.14273593 0.08286211 0.51795071
v -0.14273593 0.08286211 0.51795071
v -0.14273593 0.08286211 0.51795071
v -0.14273593 0.08286211 0.51795071
v -0.14273593 0.08286211 0.51795071
v -0.14273593 0.08286211 0.51795071
v -0.14273593 0.07309545 0.50884658
v -0.14273593 0.07309545 0.50884658
v -0.14273593 0.07309545 0.50884658
v -0.14273593 0.07309545 0.50884658
v -0.07925509 0.14907631 0.57462388
v -0.07925509 0.14907631 0.57462388
v -0.07925509 0.14907631 0.57462388
v -0.07925509 0.14907631 0.57462388
v -0.07925509 0.14907631 0.57462388
v -0.07925509 0.14907631 0.57462388
v -0.07925509 0.13335046 0.56768203
v -0.07925509 0.13335046 0.56768203
v -0.07925509 0.13335046 0.56768203
v -0.07925509 0.13335046 0.56768203
v -0.07925509 0.13335046 0.56768203
v -0.07925509 0.13335046 0.56768203
v -0.07925509 0.13335046 0.56768203
v -0.14273593 0.11828673 0.54503548
v -0.14273593 0.11828673 0.54503548
v -0.14273593 0.11828673 0.54503548
v -0.14273593 0.11828673 0.54503548
v -0.14273593 0.11828673 0.54503548
v -0.14273593 0.11828673 0.54503548
v -0.10839932 0.10984442 0.54685634
v -0.10839932 0.10984442 0.54685634
v -0.10839932 0.10984442 0.54685634
v -0.11727659 0.09825687 0.53667110
v -0.11727659 0.09825687 0.53667110
v -0.11727659 0.09825687 0.53667110
v 0.02894706 0.18748060 0.58259004
v 0.02894706 0.18748060 0.58259004
v 0.02894706 0.18748060 0.58259004
v 0.02894706 0.18748060 0.58259004
v 0.02894706 0.18748060 0.58259004
v 0.02894706 0.18748060 0.58259004
v 0.01588241 1.22058833 0.57792413
v 0.01588241 1.22058833 0.57792413
v 0.01588241 1.22058833 0.57792413
v 0.01588241 1.22058833 0.57792413
v 0.01588241 1.22058833 0.57792413
v 0.01588241 1.22058833 0.57792413
v -0.01585802 1.22058833 0.57792413
v -0.01585802 1.22058833 0.57792413
v -0.01585802 1.22058833 0.57792413
v -0.01585802 1.22058833 0.57792413
v -0.04759843 1.22058833 0.57741207
v -0.04759843 1.22058833 0.57741207
v -0.04759843 1.22058833 0.57741207
v -0.04759843 1.22058833 0.57741207
v -0.04759843 1.22058833 0.57741207
v -0.04759843 1.22058833 0.57741207
v -0.04759843 1.22058833 0.57741207
v -0.04759843 0.17456883 0.58224863
v -0.04759843 0.17456883 0.58224863
v -0.04759843 0.17456883 0.58224863
v -0.04759843 0.17456883 0.58224863
v -0.04759843 0.17456883 0.58224863
v -0.04759843 0.17456883 0.58224863
v 0.04762281 1.22075391 0.57735515
v 0.04762281 1.22075391 0.57735515
v 0.04762281 1.22075391 0.57735515
v 0.04762281 1.22075391 0.57735515
v 0.04762281 1.22075391 0.57735515
v 0.04762281 1.22075391 0.57735515
v 0.04762281 1.22075391 0.57735515
v 0.04762281 1.22075391 0.57735515
v 0.07927949 1.22075391 0.57399803
v 0.07927949 1.22075391 0.57399803
v 0.07927949 1.22075391 0.57399803
v 0.07927949 1.22075391 0.57399803
v 0.07927949 1.22075391 0.57399803
v 0.07927949 1.22075391 0.57399803
v -0.20604926 0.13517135 0.53507787
v -0.20604926 0.13517135 0.53507787
v -0.20604926 0.13517135 0.53507787
v -0.20604926 0.13517135 0.53507787
v -0.20604926 0.13517135 0.53507787
v -0.20604926 0.15106277 0.54236120
v -0.20604926 0.15106277 0.54236120
v -0.20604926 0.15106277 0.54236120
v -0.20604926 0.15106277 0.54236120
v -0.20604926 0.15106277 0.54236120
v -0.20604926 0.15106277 0.54236120
v -0.17430884 0.17456883 0.55715537
v -0.17430884 0.17456883 0.55715537
v -0.17430884 0.17456883 0.55715537
v -0.17430884 0.17456883 0.55715537
v -0.17430884 0.17456883 0.55715537
v -0.17430884 0.17456883 0.55715537
v -0.17430884 0.17456883 0.55715537
v -0.20604926 0.17456883 0.54617351
v -0.20604926 0.17456883 0.54617351
v -0.20604926 0.17456883 0.54617351
v -0.20604926 0.17456883 0.54617351
v -0.22279881 0.17456883 0.53945923
v -0.22279881 0.17456883 0.53945923
v -0.22279881 0.17456883 0.53945923
v -0.22279881 0.17456883 0.53945923
v -0.22279881 0.17456883 0.53945923
v -0.22271506 0.20618610 0.53940237
v -0.22271506 0.20618610 0.53940237
v -0.22271506 0.20618610 0.53940237
v -0.22271506 0.20618610 0.53940237
v -0.22271506 0.20618610 0.53940237
v -0.23854339 0.20618610 0.53189141
v -0.23854339 0.20618610 0.53189141
v -0.23854339 0.20618610 0.53189141
v -0.26944634 0.20618610 0.51715410
v -0.26944634 0.20618610 0.51715410
v -0.26944634 0.20618610 0.51715410
v -0.26944634 0.20618610 0.51715410
v -0.26601267 1.22058833 0.51328486
v -0.26601267 1.22058833 0.51328486
v -0.26601267 1.22058833 0.51328486
v -0.26601267 1.22058833 0.51328486
v -0.26601267 1.22058833 0.51328486
v -0.26601267 1.22058833 0.51328486
v -0.27874234 1.47435451 0.50412387
v -0.27874234 1.47435451 0.50412387
v -0.27874234 1.47435451 0.50412387
v -0.27874234 1.47435451 0.50412387
v -0.27874234 1.47435451 0.50412387
v -0.27798861 1.53775465 0.50372559
v -0.27798861 1.53775465 0.50372559
v -0.27798861 1.53775465 0.50372559
v -0.27798861 1.53775465 0.50372559
v -0.27798861 1.53775465 0.50372559
v -0.30110300 1.56953752 0.48915893
v -0.30110300 1.56953752 0.48915893
v -0.30110300 1.56953752 0.48915893
v -0.30110300 1.56953752 0.48915893
v -0.30110300 1.56953752 0.48915893
v -0.31810379 1.58791196 0.47647005
v -0.31810379 1.58791196 0.47647005
v -0.31810379 1.58791196 0.47647005
v -0.31810379 1.58791196 0.47647005
v -0.31810379 1.58791196 0.47647005
v -0.31810379 1.58791196 0.47647005
v -0.31810379 1.58791196 0.47647005
v -0.31810379 1.58791196 0.47647005
v -0.31810379 1.58791196 0.47647005
v -0.31810379 1.58791196 0.47647005
v -0.35294288 1.59436786 0.44716612
v -0.35294288 1.59436786 0.44716612
v -0.35294288 1.59436786 0.44716612
v -0.35294288 1.59436786 0.44716612
v -0.35294288 1.59436786 0.44716612
v -0.36391383 1.60363781 0.43527386
v -0.36391383 1.60363781 0.43527386
v -0.36391383 1.60363781 0.43527386
v -0.36391383 1.60363781 0.43527386
v -0.25035185 0.07309545 0.46508989
v -0.25035185 0.07309545 0.46508989
v -0.25035185 0.07309545 0.46508989
v -0.25035185 0.07309545 0.46508989
v -0.19591577 0.09213211 0.50981390
v -0.19591577 0.09213211 0.50981390
v -0.19591577 0.09213211 0.50981390
v -0.19591577 0.09213211 0.50981390
v -0.19591577 0.09213211 0.50981390
v -0.19591577 0.09213211 0.50981390
v -0.19591577 0.09213211 0.50981390
v -0.19591577 0.09213211 0.50981390
v -0.19591577 0.09213211 0.50981390
v -0.23778965 0.07309545 0.47157657
v -0.23778965 0.07309545 0.47157657
v -0.23778965 0.07309545 0.47157657
v -0.23778965 0.07309545 0.47157657
v -0.23778965 0.08567619 0.48426545
v -0.23778965 0.08567619 0.48426545
v -0.23778965 0.08567619 0.48426545
v -0.23778965 0.08567619 0.48426545
v -0.20630050 0.10967884 0.51829213
v -0.20630050 0.10967884 0.51829213
v -0.20630050 0.10967884 0.51829213
v -0.20630050 0.10967884 0.51829213
v -0.23778965 0.12060421 0.51208997
v -0.23778965 0.12060421 0.51208997
v -0.23778965 0.12060421 0.51208997
v -0.23778965 0.12060421 0.51208997
v -0.23778965 0.12060421 0.51208997
v -0.23778965 0.12060421 0.51208997
v -0.18888095 0.12772223 0.53860575
v -0.18888095 0.12772223 0.53860575
v -0.18888095 0.12772223 0.53860575
v -0.18888095 0.12772223 0.53860575
v -0.18888095 0.12772223 0.53860575
v -0.18888095 0.12772223 0.53860575
v -0.18888095 0.12772223 0.53860575
v -0.18888095 0.12772223 0.53860575
v -0.18888095 0.12772223 0.53860575
v -0.18888095 0.12772223 0.53860575
v -0.36316010 1.63128221 0.42065036
v -0.36316010 1.63128221 0.42065036
v -0.36316010 1.63128221 0.42065036
v -0.36316010 1.63128221 0.42065036
v -0.36316010 1.63128221 0.42065036
v -0.36316010 1.63128221 0.42065036
v -0.35168669 1.65180874 0.41450506
v -0.35168669 1.65180874 0.41450506
v -0.35168669 1.65180874 0.41450506
v -0.35168669 1.65180874 0.41450506
v -0.35168669 1.65180874 0.41450506
v -0.35168669 1.65180874 0.41450506
v -0.35168669 1.65180874 0.41450506
v -0.37279111 1.64088333 0.40545785
v -0.37279111 1.64088333 0.40545785
v -0.37279111 1.64088333 0.40545785
v -0.37279111 1.64088333 0.40545785
v -0.38418081 1.65313303 0.38440454
v -0.38418081 1.65313303 0.38440454
v -0.38418081 1.65313303 0.38440454
v -0.38418081 1.65313303 0.38440454
v -0.38418081 1.65313303 0.38440454
v -0.38418081 1.65313303 0.38440454
v -0.38418081 1.65313303 0.38440454
v -0.34800178 1.61555636 0.44329688
v -0.34800178 1.61555636 0.44329688
v -0.34800178 1.61555636 0.44329688
v -0.34800178 1.61555636 0.44329688
v -0.34800178 1.61555636 0.44329688
v -0.34800178 1.61555636 0.44329688
v -0.34800178 1.61555636 0.44329688
v -0.34800178 1.61555636 0.44329688
v -0.35143542 1.76420736 0.32016352
v -0.35143542 1.76420736 0.32016352
v -0.35143542 1.76420736 0.32016352
v -0.35143542 1.76420736 0.32016352
v -0.01585802 1.76420736 0.47607172
v -0.01585802 1.76420736 0.47607172
v -0.01585802 1.76420736 0.47607172
v -0.01585802 1.76420736 0.47607172
v -0.01585802 1.65313303 0.54173523
v -0.01585802 1.65313303 0.54173523
v -0.01585802 1.65313303 0.54173523
v -0.01585802 1.65313303 0.54173523
v -0.01585802 1.63293767 0.55345684
v -0.01585802 1.63293767 0.55345684
v -0.01585802 1.63293767 0.55345684
v -0.01585802 1.63293767 0.55345684
v -0.01585802 1.63293767 0.55345684
v -0.01585802 1.60413444 0.56660092
v -0.01585802 1.60413444 0.56660092
v -0.01585802 1.60413444 0.56660092
v -0.01585802 1.60413444 0.56660092
v -0.01585802 1.60413444 0.56660092
v 0.01588241 1.58807755 0.57155132
v 0.01588241 1.58807755 0.57155132
v 0.01588241 1.58807755 0.57155132
v 0.01588241 1.58807755 0.57155132
v 0.01588241 1.58807755 0.57155132
v -0.01585802 1.56953752 0.57337213
v -0.01585802 1.56953752 0.57337213
v -0.01585802 1.56953752 0.57337213
v -0.01585802 1.56953752 0.57337213
v -0.01585802 1.56953752 0.57337213
v 0.01588241 1.53775465 0.57462388
v 0.01588241 1.53775465 0.57462388
v 0.01588241 1.53775465 0.57462388
v 0.01588241 1.53775465 0.57462388
v 0.01588241 1.53775465 0.57462388
v 0.01588241 1.37933707 0.57695687
v 0.01588241 1.37933707 0.57695687
v 0.01588241 1.37933707 0.57695687
v 0.01588241 1.37933707 0.57695687
v 0.01588241 1.37933707 0.57695687
v 0.01588241 1.37933707 0.57695687
v 0.02894706 1.37933707 0.57661545
v 0.02894706 1.37933707 0.57661545
v 0.02894706 1.37933707 0.57661545
v 0.02894706 1.37933707 0.57661545
v 0.04762281 1.37933707 0.57604647
v 0.04762281 1.37933707 0.57604647
v 0.04762281 1.37933707 0.57604647
v 0.04762281 1.37933707 0.57604647
v 0.04762281 1.37933707 0.57604647
v 0.04762281 1.37933707 0.57604647
v 0.04762281 1.37933707 0.57604647
v -0.17430884 0.08766259 0.51362628
v -0.17430884 0.08766259 0.51362628
v -0.17430884 0.08766259 0.51362628
v -0.17430884 0.08766259 0.51362628
v -0.17430884 0.08766259 0.51362628
v -0.17430884 0.08766259 0.51362628
v -0.14273593 0.10256082 0.53382605
v -0.14273593 0.10256082 0.53382605
v -0.14273593 0.10256082 0.53382605
v -0.14273593 0.10256082 0.53382605
v -0.14273593 0.10256082 0.53382605
v -0.14273593 0.10256082 0.53382605
v -0.17430884 0.07309545 0.49940109
v -0.17430884 0.07309545 0.49940109
v -0.17430884 0.07309545 0.49940109
v -0.17430884 0.07309545 0.49940109
v -0.07925509 0.17456883 0.57894838
v -0.07925509 0.17456883 0.57894838
v -0.07925509 0.17456883 0.57894838
v -0.07925509 0.17456883 0.57894838
v -0.07925509 0.17456883 0.57894838
v -0.10270447 0.15437347 0.57246172
v -0.10270447 0.15437347 0.57246172
v -0.10270447 0.15437347 0.57246172
v -0.10270447 0.15437347 0.57246172
v -0.10270447 0.15437347 0.57246172
v -0.10270447 0.15437347 0.57246172
v -0.10270447 0.15437347 0.57246172
v -0.10270447 0.15437347 0.57246172
v -0.10270447 0.15437347 0.57246172
v -0.10270447 0.15437347 0.57246172
v -0.10270447 0.15437347 0.57246172
v -0.11233547 0.14328258 0.56534910
v -0.11233547 0.14328258 0.56534910
v -0.11233547 0.14328258 0.56534910
v -0.11233547 0.14328258 0.56534910
v -0.16777651 0.12292170 0.54179215
v -0.16777651 0.12292170 0.54179215
v -0.16777651 0.12292170 0.54179215
v -0.16777651 0.12292170 0.54179215
v -0.16777651 0.12292170 0.54179215
v -0.16777651 0.12292170 0.54179215
v -0.16777651 0.12292170 0.54179215
v 0.02894706 1.22075391 0.57769656
v 0.02894706 1.22075391 0.57769656
v 0.02894706 1.22075391 0.57769656
v 0.02894706 1.22075391 0.57769656
v 0.01588241 1.34738863 0.57724136
v 0.01588241 1.34738863 0.57724136
v 0.01588241 1.34738863 0.57724136
v 0.01588241 1.34738863 0.57724136
v 0.01588241 1.34738863 0.57724136
v 0.01588241 1.34738863 0.57724136
v -0.01585802 1.34738863 0.57724136
v -0.01585802 1.34738863 0.57724136
v -0.01585802 1.34738863 0.57724136
v -0.01585802 1.34738863 0.57724136
v -0.01585802 1.34738863 0.57724136
v -0.07925509 1.22058833 0.57399803
v -0.07925509 1.22058833 0.57399803
v -0.07925509 1.22058833 0.57399803
v -0.07925509 1.22058833 0.57399803
v -0.07925509 1.22058833 0.57399803
v -0.07925509 1.22058833 0.57399803
v -0.07925509 0.20618610 0.57883459
v -0.07925509 0.20618610 0.57883459
v -0.07925509 0.20618610 0.57883459
v -0.07925509 0.20618610 0.57883459
v -0.07925509 0.20618610 0.57883459
v -0.07925509 0.20618610 0.57883459
v -0.07925509 0.20618610 0.57883459
v -0.04759843 1.37933707 0.57604647
v -0.04759843 1.37933707 0.57604647
v -0.04759843 1.37933707 0.57604647
v -0.04759843 1.37933707 0.57604647
v -0.04759843 1.37933707 0.57604647
v -0.04759843 1.37933707 0.57604647
v -0.04759843 1.37933707 0.57604647
v 0.02894706 1.36046600 0.57678622
v 0.02894706 1.36046600 0.57678622
v 0.02894706 1.36046600 0.57678622
v 0.02894706 1.36046600 0.57678622
v 0.02894706 1.36046600 0.57678622
v -0.17673753 0.14013740 0.54776675
v -0.17673753 0.14013740 0.54776675
v -0.17673753 0.14013740 0.54776675
v -0.17673753 0.14013740 0.54776675
v -0.14273593 0.17456883 0.56540602
v -0.14273593 0.17456883 0.56540602
v -0.14273593 0.17456883 0.56540602
v -0.14273593 0.17456883 0.56540602
v -0.14273593 0.17456883 0.56540602
v -0.14273593 0.17456883 0.56540602
v -0.17430884 0.20618610 0.55704165
v -0.17430884 0.20618610 0.55704165
v -0.17430884 0.20618610 0.55704165
v -0.17430884 0.20618610 0.55704165
v -0.17430884 0.20618610 0.55704165
v -0.17430884 0.20618610 0.55704165
v -0.20604926 0.20618610 0.54611665
v -0.20604926 0.20618610 0.54611665
v -0.20604926 0.20618610 0.54611665
v -0.20604926 0.20618610 0.54611665
v -0.20604926 0.20618610 0.54611665
v -0.20604926 0.20618610 0.54611665
v -0.20604926 0.20618610 0.54611665
v -0.21618274 1.22058833 0.53661424
v -0.21618274 1.22058833 0.53661424
v -0.21618274 1.22058833 0.53661424
v -0.21618274 1.22058833 0.53661424
v -0.21618274 1.22058833 0.53661424
v -0.21618274 1.22058833 0.53661424
v -0.21618274 1.22058833 0.53661424
v -0.21618274 1.22058833 0.53661424
v -0.21618274 1.22058833 0.53661424
v -0.23778965 1.22058833 0.52677035
v -0.23778965 1.22058833 0.52677035
v -0.23778965 1.22058833 0.52677035
v -0.23778965 1.22058833 0.52677035
v -0.23778965 1.22058833 0.52677035
v -0.23778965 1.22058833 0.52677035
v -0.23778965 1.22058833 0.52677035
v -0.26207653 1.53775465 0.51140714
v -0.26207653 1.53775465 0.51140714
v -0.26207653 1.53775465 0.51140714
v -0.26207653 1.53775465 0.51140714
v -0.26207653 1.53775465 0.51140714
v -0.26207653 1.53775465 0.51140714
v -0.26207653 1.53775465 0.51140714
v -0.27648115 1.56953752 0.50304276
v -0.27648115 1.56953752 0.50304276
v -0.27648115 1.56953752 0.50304276
v -0.27648115 1.56953752 0.50304276
v -0.27648115 1.56953752 0.50304276
v -0.27648115 1.56953752 0.50304276
v -0.25747040 1.59122264 0.50913113
v -0.25747040 1.59122264 0.50913113
v -0.25747040 1.59122264 0.50913113
v -0.25747040 1.59122264 0.50913113
v -0.25747040 1.59122264 0.50913113
v -0.25747040 1.59122264 0.50913113
v -0.25747040 1.59122264 0.50913113
v -0.25747040 1.59122264 0.50913113
v -0.25747040 1.59122264 0.50913113
v -0.30152175 1.59949946 0.48278603
v -0.30152175 1.59949946 0.48278603
v -0.30152175 1.59949946 0.48278603
v -0.30152175 1.59949946 0.48278603
v -0.30152175 1.59949946 0.48278603
v -0.31240895 1.60893500 0.47237319
v -0.31240895 1.60893500 0.47237319
v -0.31240895 1.60893500 0.47237319
v -0.31240895 1.60893500 0.47237319
v -0.17673753 0.11183082 0.53115171
v -0.17673753 0.11183082 0.53115171
v -0.17673753 0.11183082 0.53115171
v -0.17673753 0.11183082 0.53115171
v -0.17673753 0.11183082 0.53115171
v -0.21107413 0.07309545 0.48420858
v -0.21107413 0.07309545 0.48420858
v -0.21107413 0.07309545 0.48420858
v -0.21107413 0.07309545 0.48420858
v -0.14273593 0.14278598 0.55800891
v -0.14273593 0.14278598 0.55800891
v -0.14273593 0.14278598 0.55800891
v -0.14273593 0.14278598 0.55800891
v -0.14273593 0.14278598 0.55800891
v -0.32681358 1.62764049 0.45126298
v -0.32681358 1.62764049 0.45126298
v -0.32681358 1.62764049 0.45126298
v -0.32681358 1.62764049 0.45126298
v -0.32681358 1.62764049 0.45126298
v -0.32681358 1.62764049 0.45126298
v -0.33552334 1.63608277 0.43857414
v -0.33552334 1.63608277 0.43857414
v -0.33552334 1.63608277 0.43857414
v -0.31684759 1.64882910 0.44380897
v -0.31684759 1.64882910 0.44380897
v -0.31684759 1.64882910 0.44380897
v -0.31684759 1.64882910 0.44380897
v -0.31684759 1.64882910 0.44380897
v -0.31684759 1.64882910 0.44380897
v -0.31684759 1.64882910 0.44380897
v -0.26743639 1.76420736 0.39436218
v -0.26743639 1.76420736 0.39436218
v -0.26743639 1.76420736 0.39436218
v -0.26743639 1.76420736 0.39436218
v -0.26743639 1.76420736 0.39436218
v -0.26743639 1.76420736 0.39436218
v -0.30319670 1.76420736 0.36619630
v -0.30319670 1.76420736 0.36619630
v -0.30319670 1.76420736 0.36619630
v -0.32044876 1.76420736 0.35191420
v -0.32044876 1.76420736 0.35191420
v -0.32044876 1.76420736 0.35191420
v -0.32044876 1.76420736 0.35191420
v -0.32044876 1.76420736 0.35191420
v -0.33636081 1.76420736 0.33615267
v -0.33636081 1.76420736 0.33615267
v -0.33636081 1.76420736 0.33615267
v -0.29130450 1.62317109 0.47937196
v -0.29130450 1.62317109 0.47937196
v -0.29130450 1.62317109 0.47937196
v -0.29130450 1.62317109 0.47937196
v -0.29130450 1.62317109 0.47937196
v -0.29130450 1.62317109 0.47937196
v -0.29130450 1.62317109 0.47937196
v -0.29130450 1.62317109 0.47937196
v -0.29130450 1.62317109 0.47937196
v -0.29130450 1.62317109 0.47937196
v -0.02741521 1.76420736 0.47567344
v -0.02741521 1.76420736 0.47567344
v -0.02741521 1.76420736 0.47567344
v -0.04759843 1.65280187 0.54150766
v -0.04759843 1.65280187 0.54150766
v -0.04759843 1.65280187 0.54150766
v -0.04759843 1.65280187 0.54150766
v -0.04759843 1.65280187 0.54150766
v -0.04759843 1.65280187 0.54150766
v -0.04759843 1.65280187 0.54150766
v -0.04759843 1.63293767 0.55288780
v -0.04759843 1.63293767 0.55288780
v -0.04759843 1.63293767 0.55288780
v -0.04759843 1.63293767 0.55288780
v -0.04759843 1.63293767 0.55288780
v -0.04759843 1.63293767 0.55288780
v -0.04759843 1.60281014 0.56625950
v -0.04759843 1.60281014 0.56625950
v -0.04759843 1.60281014 0.56625950
v -0.04759843 1.60281014 0.56625950
v -0.04759843 1.60281014 0.56625950
v -0.04759843 1.60281014 0.56625950
v -0.04759843 1.60281014 0.56625950
v -0.01585802 1.58807755 0.57155132
v -0.01585802 1.58807755 0.57155132
v -0.01585802 1.58807755 0.57155132
v -0.01585802 1.58807755 0.57155132
v -0.01585802 1.58807755 0.57155132
v -0.04759843 1.56953752 0.57268935
v -0.04759843 1.56953752 0.57268935
v -0.04759843 1.56953752 0.57268935
v -0.04759843 1.56953752 0.57268935
v -0.04759843 1.56953752 0.57268935
v -0.01585802 1.53775465 0.57462388
v -0.01585802 1.53775465 0.57462388
v -0.01585802 1.53775465 0.57462388
v -0.01585802 1.53775465 0.57462388
v -0.04759843 1.58691871 0.57115299
v -0.04759843 1.58691871 0.57115299
v -0.04759843 1.58691871 0.57115299
v -0.04759843 1.58691871 0.57115299
v -0.04759843 1.58691871 0.57115299
v -0.01585802 1.37933707 0.57695687
v -0.01585802 1.37933707 0.57695687
v -0.01585802 1.37933707 0.57695687
v -0.01585802 1.37933707 0.57695687
v -0.01585802 1.37933707 0.57695687
v -0.10731060 0.17456883 0.57348591
v -0.10731060 0.17456883 0.57348591
v -0.10731060 0.17456883 0.57348591
v -0.10731060 0.17456883 0.57348591
v -0.10731060 0.17456883 0.57348591
v -0.12313894 0.17456883 0.56990117
v -0.12313894 0.17456883 0.56990117
v -0.12313894 0.17456883 0.56990117
v -0.12313894 0.17456883 0.56990117
v -0.12313894 0.17456883 0.56990117
v -0.12313894 0.17456883 0.56990117
v -0.09600465 1.22058833 0.57092535
v -0.09600465 1.22058833 0.57092535
v -0.09600465 1.22058833 0.57092535
v -0.09600465 1.22058833 0.57092535
v -0.09600465 1.22058833 0.57092535
v -0.09600465 1.22058833 0.57092535
v -0.07171779 1.50597179 0.57223415
v -0.07171779 1.50597179 0.57223415
v -0.07171779 1.50597179 0.57223415
v -0.07171779 1.50597179 0.57223415
v -0.07171779 1.50597179 0.57223415
v -0.09558591 1.24277020 0.57081157
v -0.09558591 1.24277020 0.57081157
v -0.09558591 1.24277020 0.57081157
v -0.09558591 1.24277020 0.57081157
v -0.09558591 1.24277020 0.57081157
v -0.09558591 1.24277020 0.57081157
v -0.09558591 1.24277020 0.57081157
v -0.10697562 0.20618610 0.57342899
v -0.10697562 0.20618610 0.57342899
v -0.10697562 0.20618610 0.57342899
v -0.10697562 0.20618610 0.57342899
v -0.04759843 1.53775465 0.57394111
v -0.04759843 1.53775465 0.57394111
v -0.04759843 1.53775465 0.57394111
v -0.04759843 1.53775465 0.57394111
v -0.04759843 1.53775465 0.57394111
v -0.04759843 1.53775465 0.57394111
v -0.07062907 1.53775465 0.57200652
v -0.07062907 1.53775465 0.57200652
v -0.07062907 1.53775465 0.57200652
v -0.07062907 1.53775465 0.57200652
v -0.07062907 1.53775465 0.57200652
v -0.11191674 1.22058833 0.56728369
v -0.11191674 1.22058833 0.56728369
v -0.11191674 1.22058833 0.56728369
v -0.11191674 1.22058833 0.56728369
v -0.11191674 1.22058833 0.56728369
v -0.11191674 1.22058833 0.56728369
v -0.11191674 1.22058833 0.56728369
v -0.14273593 1.22058833 0.56017113
v -0.14273593 1.22058833 0.56017113
v -0.14273593 1.22058833 0.56017113
v -0.14273593 1.22058833 0.56017113
v -0.14273593 1.22058833 0.56017113
v -0.17430884 1.22058833 0.55180675
v -0.17430884 1.22058833 0.55180675
v -0.17430884 1.22058833 0.55180675
v -0.17430884 1.22058833 0.55180675
v -0.17430884 1.22058833 0.55180675
v -0.17430884 1.22058833 0.55180675
v -0.17430884 1.22058833 0.55180675
v -0.17430884 1.22058833 0.55180675
v -0.20027065 1.22058833 0.54298705
v -0.20027065 1.22058833 0.54298705
v -0.20027065 1.22058833 0.54298705
v -0.20027065 1.22058833 0.54298705
v -0.20027065 1.22058833 0.54298705
v -0.19985192 1.25237119 0.54293019
v -0.19985192 1.25237119 0.54293019
v -0.19985192 1.25237119 0.54293019
v -0.19985192 1.25237119 0.54293019
v -0.19616702 1.50597179 0.54145080
v -0.19616702 1.50597179 0.54145080
v -0.19616702 1.50597179 0.54145080
v -0.19616702 1.50597179 0.54145080
v -0.19616702 1.50597179 0.54145080
v -0.19616702 1.50597179 0.54145080
v -0.19616702 1.50597179 0.54145080
v -0.21568026 1.25237119 0.53644347
v -0.21568026 1.25237119 0.53644347
v -0.21568026 1.25237119 0.53644347
v -0.21157661 1.53775465 0.53473645
v -0.21157661 1.53775465 0.53473645
v -0.21157661 1.53775465 0.53473645
v -0.21157661 1.53775465 0.53473645
v -0.21157661 1.53775465 0.53473645
v -0.21157661 1.53775465 0.53473645
v -0.21157661 1.53775465 0.53473645
v -0.21157661 1.53775465 0.53473645
v -0.23778965 1.53775465 0.52295798
v -0.23778965 1.53775465 0.52295798
v -0.23778965 1.53775465 0.52295798
v -0.23778965 1.53775465 0.52295798
v -0.23778965 1.53775465 0.52295798
v -0.23778965 1.53775465 0.52295798
v -0.26065281 1.56953752 0.51066744
v -0.26065281 1.56953752 0.51066744
v -0.26065281 1.56953752 0.51066744
v -0.26065281 1.56953752 0.51066744
v -0.26065281 1.56953752 0.51066744
v -0.23778965 1.56953752 0.52147859
v -0.23778965 1.56953752 0.52147859
v -0.23778965 1.56953752 0.52147859
v -0.23778965 1.56953752 0.52147859
v -0.23778965 1.56953752 0.52147859
v -0.23778965 1.56953752 0.52147859
v -0.19172838 1.58741534 0.53962994
v -0.19172838 1.58741534 0.53962994
v -0.19172838 1.58741534 0.53962994
v -0.19172838 1.58741534 0.53962994
v -0.19172838 1.58741534 0.53962994
v -0.19172838 1.58741534 0.53962994
v -0.19172838 1.58741534 0.53962994
v -0.19172838 1.58741534 0.53962994
v -0.19172838 1.58741534 0.53962994
v -0.19172838 1.58741534 0.53962994
v -0.19172838 1.58741534 0.53962994
v -0.23879464 1.60148585 0.51453668
v -0.23879464 1.60148585 0.51453668
v -0.23879464 1.60148585 0.51453668
v -0.23879464 1.60148585 0.51453668
v -0.25010061 1.61224568 0.50560325
v -0.25010061 1.61224568 0.50560325
v -0.25010061 1.61224568 0.50560325
v -0.25010061 1.61224568 0.50560325
v -0.25010061 1.61224568 0.50560325
v -0.25010061 1.61224568 0.50560325
v -0.26860884 1.60148585 0.50025457
v -0.26860884 1.60148585 0.50025457
v -0.26860884 1.60148585 0.50025457
v -0.26860884 1.60148585 0.50025457
v -0.30403417 1.63591731 0.46178964
v -0.30403417 1.63591731 0.46178964
v -0.30403417 1.63591731 0.46178964
v -0.30403417 1.63591731 0.46178964
v -0.30403417 1.63591731 0.46178964
v -0.29574314 1.65859568 0.45120609
v -0.29574314 1.65859568 0.45120609
v -0.29574314 1.65859568 0.45120609
v -0.29574314 1.65859568 0.45120609
v -0.24641567 1.76420736 0.40813217
v -0.24641567 1.76420736 0.40813217
v -0.24641567 1.76420736 0.40813217
v -0.27924484 1.64435959 0.47237319
v -0.27924484 1.64435959 0.47237319
v -0.27924484 1.64435959 0.47237319
v -0.27924484 1.64435959 0.47237319
v -0.27924484 1.64435959 0.47237319
v -0.27924484 1.64435959 0.47237319
v -0.27924484 1.64435959 0.47237319
v -0.27924484 1.64435959 0.47237319
v -0.22899616 1.62283993 0.51066744
v -0.22899616 1.62283993 0.51066744
v -0.22899616 1.62283993 0.51066744
v -0.22899616 1.62283993 0.51066744
v -0.22899616 1.62283993 0.51066744
v -0.22899616 1.62283993 0.51066744
v -0.22899616 1.62283993 0.51066744
v -0.22899616 1.62283993 0.51066744
v -0.26894385 1.63343418 0.48449305
v -0.26894385 1.63343418 0.48449305
v -0.26894385 1.63343418 0.48449305
v -0.26894385 1.63343418 0.48449305
v -0.26894385 1.63343418 0.48449305
v -0.04759843 1.76420736 0.47487685
v -0.04759843 1.76420736 0.47487685
v -0.04759843 1.76420736 0.47487685
v -0.04759843 1.76420736 0.47487685
v -0.07104781 1.65131211 0.54054034
v -0.07104781 1.65131211 0.54054034
v -0.07104781 1.65131211 0.54054034
v -0.07104781 1.65131211 0.54054034
v -0.07104781 1.65131211 0.54054034
v -0.07104781 1.65131211 0.54054034
v -0.07104781 1.65131211 0.54054034
v -0.08067881 1.63558626 0.54765296
v -0.08067881 1.63558626 0.54765296
v -0.08067881 1.63558626 0.54765296
v -0.08067881 1.63558626 0.54765296
v -0.08067881 1.63558626 0.54765296
v -0.08067881 1.63558626 0.54765296
v -0.07640766 1.59834075 0.56455249
v -0.07640766 1.59834075 0.56455249
v -0.07640766 1.59834075 0.56455249
v -0.07640766 1.59834075 0.56455249
v -0.07640766 1.59834075 0.56455249
v -0.07640766 1.59834075 0.56455249
v -0.06401299 1.58576000 0.57081157
v -0.06401299 1.58576000 0.57081157
v -0.06401299 1.58576000 0.57081157
v -0.06401299 1.58576000 0.57081157
v -0.06401299 1.58576000 0.57081157
v -0.06401299 1.58576000 0.57081157
v -0.06401299 1.58576000 0.57081157
v -0.06401299 1.58576000 0.57081157
v -0.06401299 1.58576000 0.57081157
v -0.06401299 1.58576000 0.57081157
v -0.06719541 1.56953752 0.57138056
v -0.06719541 1.56953752 0.57138056
v -0.06719541 1.56953752 0.57138056
v -0.06719541 1.56953752 0.57138056
v -0.06719541 1.56953752 0.57138056
v -0.06719541 1.56953752 0.57138056
v -0.08762987 1.50597179 0.56933212
v -0.08762987 1.50597179 0.56933212
v -0.08762987 1.50597179 0.56933212
v -0.08762987 1.50597179 0.56933212
v -0.11099550 1.53775465 0.56398344
v -0.11099550 1.53775465 0.56398344
v -0.11099550 1.53775465 0.56398344
v -0.11099550 1.53775465 0.56398344
v -0.11099550 1.53775465 0.56398344
v -0.11099550 1.53775465 0.56398344
v -0.14273593 1.50597179 0.55709851
v -0.14273593 1.50597179 0.55709851
v -0.14273593 1.50597179 0.55709851
v -0.14273593 1.50597179 0.55709851
v -0.14273593 1.50597179 0.55709851
v -0.14273593 1.50597179 0.55709851
v -0.14273593 1.47435451 0.55743986
v -0.14273593 1.47435451 0.55743986
v -0.14273593 1.47435451 0.55743986
v -0.14273593 1.47435451 0.55743986
v -0.08654115 1.53775465 0.56910455
v -0.08654115 1.53775465 0.56910455
v -0.08654115 1.53775465 0.56910455
v -0.08654115 1.53775465 0.56910455
v -0.08654115 1.53775465 0.56910455
v -0.08654115 1.53775465 0.56910455
v -0.14273593 1.25237119 0.55982971
v -0.14273593 1.25237119 0.55982971
v -0.14273593 1.25237119 0.55982971
v -0.17430884 1.47435451 0.54901856
v -0.17430884 1.47435451 0.54901856
v -0.17430884 1.47435451 0.54901856
v -0.17430884 1.47435451 0.54901856
v -0.17430884 1.47435451 0.54901856
v -0.19574828 1.53775465 0.54122317
v -0.19574828 1.53775465 0.54122317
v -0.19574828 1.53775465 0.54122317
v -0.19574828 1.53775465 0.54122317
v -0.19574828 1.53775465 0.54122317
v -0.19407332 1.56953752 0.54054034
v -0.19407332 1.56953752 0.54054034
v -0.19407332 1.56953752 0.54054034
v -0.19407332 1.56953752 0.54054034
v -0.19407332 1.56953752 0.54054034
v -0.19407332 1.56953752 0.54054034
v -0.20990165 1.56953752 0.53393984
v -0.20990165 1.56953752 0.53393984
v -0.20990165 1.56953752 0.53393984
v -0.20990165 1.56953752 0.53393984
v -0.17430884 1.56953752 0.54685634
v -0.17430884 1.56953752 0.54685634
v -0.17430884 1.56953752 0.54685634
v -0.17430884 1.56953752 0.54685634
v -0.14273593 1.56953752 0.55539149
v -0.14273593 1.56953752 0.55539149
v -0.14273593 1.56953752 0.55539149
v -0.14273593 1.56953752 0.55539149
v -0.14273593 1.56953752 0.55539149
v -0.14273593 1.56953752 0.55539149
v -0.14273593 1.56953752 0.55539149
v -0.14273593 1.60115480 0.54947376
v -0.14273593 1.60115480 0.54947376
v -0.14273593 1.60115480 0.54947376
v -0.14273593 1.60115480 0.54947376
v -0.14273593 1.60115480 0.54947376
v -0.14273593 1.60115480 0.54947376
v -0.17255014 1.59916842 0.54213357
v -0.17255014 1.59916842 0.54213357
v -0.17255014 1.59916842 0.54213357
v -0.17255014 1.59916842 0.54213357
v -0.18184614 1.60860395 0.53621590
v -0.18184614 1.60860395 0.53621590
v -0.18184614 1.60860395 0.53621590
v -0.18184614 1.60860395 0.53621590
v -0.18184614 1.60860395 0.53621590
v -0.18184614 1.60860395 0.53621590
v -0.20378806 1.59916842 0.53075337
v -0.20378806 1.59916842 0.53075337
v -0.20378806 1.59916842 0.53075337
v -0.20378806 1.59916842 0.53075337
v -0.20378806 1.59916842 0.53075337
v -0.23016861 1.76420736 0.41740701
v -0.23016861 1.76420736 0.41740701
v -0.23016861 1.76420736 0.41740701
v -0.23016861 1.76420736 0.41740701
v -0.25814039 1.65197420 0.47789255
v -0.25814039 1.65197420 0.47789255
v -0.25814039 1.65197420 0.47789255
v -0.25814039 1.65197420 0.47789255
v -0.25814039 1.65197420 0.47789255
v -0.25814039 1.65197420 0.47789255
v -0.20504428 1.63326871 0.51499188
v -0.20504428 1.63326871 0.51499188
v -0.20504428 1.63326871 0.51499188
v -0.20504428 1.63326871 0.51499188
v -0.20504428 1.63326871 0.51499188
v -0.20504428 1.63326871 0.51499188
v -0.21492653 1.64402854 0.50412387
v -0.21492653 1.64402854 0.50412387
v -0.21492653 1.64402854 0.50412387
v -0.21492653 1.64402854 0.50412387
v -0.21492653 1.64402854 0.50412387
v -0.21492653 1.64402854 0.50412387
v -0.21492653 1.64402854 0.50412387
v -0.21492653 1.64402854 0.50412387
v -0.23879464 1.63326871 0.49940109
v -0.23879464 1.63326871 0.49940109
v -0.23879464 1.63326871 0.49940109
v -0.23879464 1.63326871 0.49940109
v -0.07925509 1.76420736 0.47021097
v -0.07925509 1.76420736 0.47021097
v -0.07925509 1.76420736 0.47021097
v -0.09223600 1.64783585 0.53843504
v -0.09223600 1.64783585 0.53843504
v -0.09223600 1.64783585 0.53843504
v -0.09223600 1.64783585 0.53843504
v -0.09223600 1.64783585 0.53843504
v -0.09223600 1.64783585 0.53843504
v -0.10186699 1.76420736 0.46577269
v -0.10186699 1.76420736 0.46577269
v -0.10186699 1.76420736 0.46577269
v -0.10186699 1.76420736 0.46577269
v -0.11099550 1.62863374 0.54537690
v -0.11099550 1.62863374 0.54537690
v -0.11099550 1.62863374 0.54537690
v -0.11099550 1.62863374 0.54537690
v -0.11099550 1.62863374 0.54537690
v -0.14273593 1.62234330 0.54184908
v -0.14273593 1.62234330 0.54184908
v -0.14273593 1.62234330 0.54184908
v -0.14273593 1.62234330 0.54184908
v -0.14273593 1.62234330 0.54184908
v -0.14273593 1.62234330 0.54184908
v -0.11099550 1.60115480 0.55664331
v -0.11099550 1.60115480 0.55664331
v -0.11099550 1.60115480 0.55664331
v -0.11099550 1.60115480 0.55664331
v -0.11099550 1.60115480 0.55664331
v -0.11099550 1.56953752 0.56267476
v -0.11099550 1.56953752 0.56267476
v -0.11099550 1.56953752 0.56267476
v -0.11099550 1.56953752 0.56267476
v -0.11099550 1.56953752 0.56267476
v -0.08310749 1.56953752 0.56842172
v -0.08310749 1.56953752 0.56842172
v -0.08310749 1.56953752 0.56842172
v -0.08310749 1.56953752 0.56842172
v -0.14273593 1.53775465 0.55670017
v -0.14273593 1.53775465 0.55670017
v -0.14273593 1.53775465 0.55670017
v -0.14273593 1.53775465 0.55670017
v -0.17430884 1.53775465 0.54822195
v -0.17430884 1.53775465 0.54822195
v -0.17430884 1.53775465 0.54822195
v -0.17430884 1.53775465 0.54822195
v -0.17430884 1.53775465 0.54822195
v -0.17430884 1.53775465 0.54822195
v -0.16065796 1.61820495 0.53968680
v -0.16065796 1.61820495 0.53968680
v -0.16065796 1.61820495 0.53968680
v -0.16065796 1.61820495 0.53968680
v -0.16065796 1.61820495 0.53968680
v -0.16065796 1.61820495 0.53968680
v -0.16065796 1.61820495 0.53968680
v -0.16065796 1.61820495 0.53968680
v -0.20437430 1.76420736 0.43020970
v -0.20437430 1.76420736 0.43020970
v -0.20437430 1.76420736 0.43020970
v -0.20437430 1.76420736 0.43020970
v -0.17255014 1.63062012 0.52870494
v -0.17255014 1.63062012 0.52870494
v -0.17255014 1.63062012 0.52870494
v -0.17255014 1.63062012 0.52870494
v -0.17255014 1.63062012 0.52870494
v -0.17255014 1.63062012 0.52870494
v -0.19373833 1.65098107 0.50884658
v -0.19373833 1.65098107 0.50884658
v -0.19373833 1.65098107 0.50884658
v -0.19373833 1.65098107 0.50884658
v -0.19373833 1.65098107 0.50884658
v -0.16518033 1.76420736 0.44750753
v -0.16518033 1.76420736 0.44750753
v -0.16518033 1.76420736 0.44750753
v -0.16518033 1.76420736 0.44750753
v -0.16518033 1.76420736 0.44750753
v -0.19717200 1.76420736 0.43345305
v -0.19717200 1.76420736 0.43345305
v -0.19717200 1.76420736 0.43345305
v -0.11099550 1.64452517 0.53632969
v -0.11099550 1.64452517 0.53632969
v -0.11099550 1.64452517 0.53632969
v -0.11099550 1.64452517 0.53632969
v -0.11099550 1.64452517 0.53632969
v -0.10856682 1.76420736 0.46435016
v -0.10856682 1.76420736 0.46435016
v -0.10856682 1.76420736 0.46435016
v -0.10856682 1.76420736 0.46435016
v -0.10856682 1.76420736 0.46435016
v -0.14273593 1.63823473 0.53268802
v -0.14273593 1.63823473 0.53268802
v -0.14273593 1.63823473 0.53268802
v -0.14273593 1.63823473 0.53268802
v -0.14273593 1.63823473 0.53268802
v -0.14273593 1.63823473 0.53268802
v -0.14273593 1.63823473 0.53268802
v -0.14248468 1.76420736 0.45524606
v -0.14248468 1.76420736 0.45524606
v -0.14248468 1.76420736 0.45524606
v -0.14248468 1.76420736 0.45524606
v -0.14248468 1.76420736 0.45524606
v -0.17430884 1.65627813 0.51231760
v -0.17430884 1.65627813 0.51231760
v -0.17430884 1.65627813 0.51231760
v -0.17430884 1.65627813 0.51231760
v -0.13838103 1.76420736 0.45638406
v -0.13838103 1.76420736 0.45638406
v -0.13838103 1.76420736 0.45638406
f 2 5 16
f 2 16 64
f 2 64 146
f 2 146 140
f 2 140 240
f 2 240 395
f 2 395 636
f 4 637 976
f 2 975 1344
f 2 1344 1483
f 2 1483 1841
f 2 1841 2139
f 2 2139 1887
f 2 1887 1520
f 2 1520 1846
f 2 1846 1487
f 2 1487 1131
f 2 1131 789
f 2 789 786
f 2 786 496
f 2 496 317
f 2 317 187
f 2 187 106
f 2 106 40
f 2 40 11
f 1 10 44
f 1 44 121
f 1 121 214
f 1 214 354
f 1 354 545
f 1 545 857
f 1 857 853
f 1 853 1210
f 1 1210 1219
f 1 1219 1596
f 1 1596 1592
f 1 1592 1618
f 1 1618 1236
f 1 1236 880
f 1 880 565
f 1 565 367
f 1 367 222
f 1 222 124
f 1 124 47
f 1 47 13
f 3 15 52
f 3 52 128
f 3 128 230
f 3 230 387
f 3 387 604
f 3 604 941
f 3 941 964
f 3 964 1341
f 3 1341 1348
f 3 1348 987
f 3 987 983
f 3 983 980
f 3 980 641
f 3 641 406
f 3 406 252
f 3 252 249
f 3 249 149
f 3 149 85
f 3 85 81
f 3 81 73
f 3 73 22
f 3 22 6
f 7 25 27
f 8 29 34
f 9 35 17
f 12 43 118
f 12 118 45
f 14 49 51
f 20 55 57
f 21 58 65
f 18 37 67
f 19 68 53
f 23 75 77
f 24 79 26
f 28 80 32
f 30 78 83
f 31 84 86
f 33 87 89
f 36 92 94
f 38 96 98
f 39 100 70
f 41 110 112
f 42 113 117
f 46 120 210
f 46 210 122
f 48 125 218
f 48 218 357
f 48 357 554
f 48 554 872
f 48 872 1223
f 48 1223 1605
f 48 1605 1934
f 48 1934 1929
f 48 1929 2195
f 48 2195 2217
f 48 2217 2213
f 48 2213 2484
f 48 2484 2703
f 48 2703 2699
f 48 2699 2843
f 48 2843 2840
f 48 2840 2837
f 48 2837 2833
f 48 2833 2875
f 48 2875 2871
f 48 2871 2868
f 48 2868 2864
f 48 2864 2878
f 48 2878 2850
f 48 2850 2847
f 48 2847 2745
f 48 2745 2742
f 48 2742 2739
f 48 2739 2558
f 48 2558 2555
f 48 2555 2542
f 48 2542 2273
f 48 2273 2270
f 48 2270 1999
f 48 1999 1995
f 48 1995 1676
f 48 1676 1673
f 48 1673 1659
f 48 1659 1656
f 48 1656 1277
f 48 1277 917
f 48 917 914
f 48 914 591
f 48 591 378
f 48 378 226
f 48 226 127
f 48 127 50
f 54 69 56
f 62 133 136
f 63 138 142
f 61 141 148
f 59 147 66
f 60 71 130
f 72 101 131
f 74 82 76
f 88 150 152
f 88 152 90
f 91 154 159
f 93 160 95
f 97 162 99
f 104 170 180
f 102 178 132
f 103 164 183
f 105 184 171
f 107 189 192
f 108 193 197
f 109 198 111
f 114 199 202
f 116 203 209
f 115 208 119
f 123 212 215
f 126 224 221
f 129 227 231
f 134 234 137
f 135 179 235
f 139 236 143
f 144 237 244
f 145 246 241
f 151 250 153
f 155 251 253
f 156 255 257
f 158 259 263
f 157 262 161
f 166 267 186
f 163 265 275
f 165 278 280
f 167 284 286
f 168 288 290
f 169 291 269
f 173 185 295
f 175 297 268
f 176 270 298
f 177 299 304
f 174 302 315
f 172 314 182
f 181 312 239
f 186 267 296
f 188 320 191
f 194 325 327
f 196 329 334
f 195 332 200
f 190 319 324
f 201 333 204
f 206 337 339
f 207 340 348
f 205 345 211
f 213 346 216
f 217 347 355
f 220 223 364
f 219 363 361
f 225 368 372
f 225 372 366
f 229 379 384
f 228 383 233
f 232 382 388
f 238 311 245
f 242 248 401
f 243 403 396
f 247 313 400
f 254 409 411
f 256 412 258
f 260 415 264
f 261 413 416
f 266 420 276
f 272 424 301
f 271 293 428
f 274 431 436
f 273 435 426
f 277 421 446
f 279 452 281
f 282 453 455
f 283 458 460
f 285 462 287
f 289 463 292
f 292 463 465
f 294 471 429
f 300 423 305
f 308 425 475
f 310 477 482
f 309 480 489
f 307 487 493
f 306 492 405
f 303 402 316
f 318 499 323
f 322 507 509
f 326 510 328
f 321 498 506
f 330 511 514
f 331 515 335
f 336 516 338
f 344 518 523
f 343 522 532
f 342 531 538
f 341 536 349
f 350 537 530
f 352 533 539
f 353 540 547
f 351 546 356
f 358 549 555
f 360 362 560
f 359 559 553
f 365 371 561
f 370 566 570
f 369 569 377
f 376 568 576
f 375 574 583
f 374 582 590
f 373 588 564
f 381 592 596
f 380 595 386
f 385 594 389
f 394 598 608
f 393 607 614
f 392 612 618
f 391 617 625
f 390 622 606
f 397 404 491
f 398 495 630
f 399 632 638
f 407 642 644
f 408 647 410
f 414 649 417
f 418 650 655
f 419 656 658
f 422 660 447
f 427 438 476
f 432 662 437
f 430 473 666
f 433 668 670
f 434 672 663
f 441 679 687
f 440 686 479
f 439 664 690
f 442 694 696
f 443 699 701
f 444 704 706
f 445 708 682
f 448 661 717
f 449 719 721
f 450 725 727
f 451 728 731
f 454 732 456
f 457 733 736
f 459 737 461
f 464 739 466
f 474 742 667
f 467 740 748
f 468 750 753
f 469 756 759
f 470 760 767
f 472 768 741
f 478 684 483
f 486 685 772
f 485 771 784
f 484 782 634
f 481 631 490
f 488 629 494
f 497 788 503
f 502 787 792
f 500 791 796
f 501 797 799
f 504 801 803
f 505 804 508
f 512 808 810
f 513 811 517
f 519 816 820
f 520 821 824
f 521 825 524
f 525 827 830
f 526 833 835
f 528 836 840
f 529 841 848
f 527 847 535
f 534 844 542
f 544 845 855
f 543 854 859
f 541 858 548
f 550 862 557
f 552 558 868
f 551 867 865
f 556 861 874
f 563 587 877
f 562 875 870
f 567 881 571
f 573 882 885
f 572 884 578
f 575 893 586
f 580 886 901
f 579 899 906
f 577 903 895
f 585 892 913
f 584 912 879
f 581 878 589
f 593 915 597
f 601 916 918
f 603 919 922
f 602 921 934
f 600 931 938
f 599 937 611
f 605 621 943
f 610 936 947
f 609 944 615
f 616 945 627
f 613 626 619
f 628 946 950
f 624 949 958
f 623 957 966
f 620 965 942
f 635 783 971
f 633 969 639
f 640 970 977
f 643 981 645
f 646 982 984
f 648 985 651
f 652 986 988
f 653 990 992
f 654 994 713
f 657 715 659
f 665 676 691
f 669 743 671
f 677 996 692
f 673 744 769
f 674 770 762
f 675 764 1004
f 678 1006 997
f 681 1011 1020
f 680 1017 688
f 683 709 1012
f 689 1018 776
f 693 1002 1021
f 695 1023 697
f 698 1025 1027
f 700 1030 702
f 703 1031 1033
f 705 1035 707
f 710 1038 1013
f 711 1036 1043
f 712 1044 1039
f 714 995 1054
f 716 1056 1058
f 718 1060 720
f 722 1061 1063
f 723 1067 1070
f 724 1071 726
f 729 745 734
f 730 1072 746
f 735 747 738
f 749 1073 1076
f 749 1076 1077
f 752 1078 1084
f 751 1083 754
f 755 1086 758
f 757 1085 1079
f 761 1082 1088
f 763 1092 1094
f 766 1095 1101
f 765 1100 1005
f 779 1104 1113
f 778 1111 1118
f 775 1116 1125
f 774 1121 973
f 773 972 785
f 777 1019 1010
f 780 1014 1126
f 781 1127 1108
f 790 1136 794
f 793 1135 1138
f 795 1139 798
f 800 1140 1144
f 802 1145 805
f 806 1146 1153
f 807 1155 1158
f 809 1161 812
f 813 1162 1164
f 814 1166 1170
f 815 1172 817
f 818 1174 1176
f 819 1178 1551
f 819 1551 1179
f 822 1183 1185
f 823 1186 826
f 828 1190 1192
f 829 1194 831
f 832 1195 834
f 837 1197 1199
f 838 1201 1203
f 839 1205 842
f 843 1207 849
f 846 1211 856
f 850 1208 1213
f 852 1215 1221
f 851 1220 1212
f 860 1224 873
f 864 866 1231
f 863 1229 1227
f 871 876 910
f 869 908 1233
f 883 1237 889
f 890 1238 1243
f 888 1241 1251
f 887 1250 902
f 898 904 1256
f 897 1255 1264
f 896 1263 1272
f 894 1271 1276
f 891 1274 911
f 900 1249 907
f 905 1248 1260
f 909 1273 1234
f 920 1278 925
f 926 1279 1281
f 928 1284 1286
f 930 1291 1295
f 929 1294 1301
f 927 1300 1308
f 924 1306 1316
f 923 1315 935
f 933 1313 953
f 932 952 940
f 939 951 948
f 956 1314 1305
f 955 1304 1318
f 954 1317 960
f 963 1319 1322
f 962 1321 1330
f 961 1327 1339
f 959 1337 968
f 967 1335 1342
f 974 1122 978
f 979 1123 1345
f 991 1053 993
f 989 1351 1052
f 1003 1353 1022
f 998 1008 1358
f 999 1361 1364
f 1000 1365 1369
f 1001 1370 1352
f 1007 1102 1373
f 1009 1374 1359
f 1015 1040 1380
f 1016 1382 1128
f 1024 1357 1388
f 1026 1389 1028
f 1029 1390 1392
f 1032 1396 1034
f 1037 1397 1045
f 1041 1049 1399
f 1042 1401 1381
f 1046 1398 1404
f 1047 1407 1408
f 1048 1409 1413
f 1050 1414 1400
f 1051 1350 1338
f 1055 1340 1328
f 1057 1329 1059
f 1062 1332 1064
f 1065 1334 1419
f 1066 1420 1068
f 1069 1421 1425
f 1074 1428 1430
f 1075 1431 1080
f 1073 1077 1076
f 1081 1434 1087
f 1089 1435 1437
f 1090 1439 1441
f 1091 1442 1093
f 1096 1444 1446
f 1099 1447 1452
f 1098 1451 1376
f 1097 1375 1103
f 1109 1129 1456
f 1110 1457 1466
f 1107 1462 1474
f 1106 1471 1481
f 1105 1479 1114
f 1112 1476 1119
f 1120 1477 1485
f 1117 1484 1347
f 1115 1346 1124
f 1130 1383 1458
f 1132 1489 1493
f 1133 1494 1141
f 1134 1142 1137
f 1143 1495 1152
f 1151 1500 1502
f 1154 1508 1510
f 1157 1511 1516
f 1156 1515 1159
f 1149 1490 1525
f 1147 1524 1530
f 1148 1531 1534
f 1150 1535 1499
f 1160 1519 1168
f 1163 1169 1165
f 1171 1540 1543
f 1173 1545 1175
f 1167 1518 1538
f 1177 1547 1549
f 1181 1552 1911
f 1180 1909 1553
f 1182 1556 1559
f 1184 1560 1187
f 1188 1562 1564
f 1189 1566 1570
f 1191 1571 1193
f 1196 1573 1576
f 1198 1577 1200
f 1202 1578 1204
f 1206 1579 1581
f 1209 1584 1586
f 1209 1586 1214
f 1218 1588 1594
f 1217 1593 1598
f 1216 1597 1222
f 1226 1228 1601
f 1225 1600 1607
f 1230 1610 1604
f 1235 1275 1270
f 1232 1267 1615
f 1240 1620 1591
f 1239 1590 1246
f 1242 1621 1252
f 1245 1587 1585
f 1244 1583 1624
f 1254 1622 1626
f 1253 1625 1635
f 1247 1634 1259
f 1258 1633 1643
f 1257 1638 1266
f 1262 1648 1655
f 1261 1652 1269
f 1265 1637 1649
f 1268 1651 1616
f 1280 1657 1282
f 1283 1658 1660
f 1285 1661 1287
f 1292 1663 1297
f 1288 1662 1674
f 1289 1675 1677
f 1290 1678 1680
f 1293 1682 1665
f 1298 1664 1684
f 1299 1685 1692
f 1296 1690 1303
f 1302 1689 1309
f 1310 1694 1325
f 1307 1324 1320
f 1311 1691 1699
f 1312 1701 1696
f 1326 1695 1424
f 1323 1422 1331
f 1333 1423 1418
f 1336 1349 1343
f 1354 1372 1708
f 1355 1709 1713
f 1356 1714 1387
f 1360 1378 1362
f 1367 1706 1371
f 1363 1379 1719
f 1366 1722 1726
f 1368 1727 1707
f 1377 1454 1717
f 1384 1731 1460
f 1385 1402 1736
f 1386 1738 1733
f 1391 1715 1393
f 1394 1716 1710
f 1395 1711 1743
f 1398 1745 1404
f 1403 1415 1737
f 1405 1746 1750
f 1406 1753 1755
f 1407 1757 1408
f 1412 1758 1762
f 1411 1761 1769
f 1410 1768 1417
f 1416 1767 1739
f 1429 1774 1432
f 1426 1698 1782
f 1427 1784 1772
f 1433 1775 1436
f 1438 1778 1440
f 1443 1779 1445
f 1448 1780 1789
f 1449 1791 1796
f 1450 1797 1453
f 1455 1799 1718
f 1459 1801 1467
f 1461 1732 1802
f 1469 1805 1808
f 1470 1809 1815
f 1468 1812 1822
f 1465 1820 1828
f 1464 1827 1835
f 1463 1834 1475
f 1473 1832 1839
f 1472 1837 1482
f 1480 1836 1843
f 1478 1842 1486
f 1488 1848 1492
f 1491 1847 1526
f 1501 1817 1503
f 1498 1533 1857
f 1497 1852 1863
f 1496 1862 1814
f 1504 1819 1865
f 1505 1866 1869
f 1506 1871 1873
f 1507 1875 1509
f 1512 1879 1883
f 1513 1884 1536
f 1514 1537 1517
f 1521 1889 1853
f 1522 1854 1890
f 1523 1891 1527
f 1528 1892 1855
f 1529 1856 1532
f 1539 1886 1895
f 1541 1897 1899
f 1542 1901 1544
f 1546 1903 1548
f 1550 1905 1907
f 1554 1910 1914
f 1555 1917 1557
f 1558 1918 1921
f 1561 1923 1925
f 1563 1927 1565
f 1568 1574 1572
f 1567 1928 1629
f 1569 1630 1575
f 1580 1631 1623
f 1580 1623 1582
f 1589 1619 1595
f 1602 1931 1936
f 1599 1935 1606
f 1603 1608 1932
f 1617 1653 1939
f 1614 1937 1944
f 1613 1942 1951
f 1612 1946 1957
f 1611 1956 1962
f 1609 1961 1933
f 1628 1926 1972
f 1627 1971 1636
f 1632 1966 1642
f 1641 1963 1974
f 1640 1973 1986
f 1639 1985 1650
f 1645 1983 1994
f 1644 1993 1943
f 1646 1945 1938
f 1647 1940 1654
f 1666 1683 1997
f 1668 1998 2000
f 1669 2001 2003
f 1670 2008 2010
f 1672 2012 2018
f 1671 2017 2025
f 1667 2022 1688
f 1679 1996 1681
f 1687 2021 1703
f 1686 1700 1693
f 1697 1702 1781
f 1705 2023 2029
f 1704 2027 1783
f 1712 1728 1744
f 1720 1800 2035
f 1721 2036 1725
f 1723 2034 1794
f 1724 1795 2040
f 1729 2042 2053
f 1730 2054 1747
f 1734 2058 1803
f 1735 1740 2060
f 1742 1770 2065
f 1741 2064 2061
f 1748 2070 1751
f 1749 2055 2071
f 1752 2073 2075
f 1754 2077 1756
f 1759 2081 1763
f 1760 2078 2082
f 1765 2066 1771
f 1764 2084 2086
f 1766 2089 2067
f 1773 1785 2028
f 1776 2031 2095
f 1777 2097 1786
f 1787 2098 2104
f 1788 2107 2110
f 1790 2112 2116
f 1792 2118 2038
f 1793 2033 1798
f 1806 2119 1810
f 1804 2059 2129
f 1807 2131 2121
f 1811 2120 1816
f 1813 1861 1823
f 1818 2124 1864
f 1821 1859 1831
f 1825 1840 1833
f 1830 1858 2137
f 1829 2135 2141
f 1826 2140 1845
f 1824 1844 1838
f 1851 1888 2143
f 1849 2142 2136
f 1850 2138 1860
f 1868 2125 1874
f 1867 1872 1870
f 1876 2128 2145
f 1877 2146 2149
f 1878 2152 1880
f 1881 2153 2157
f 1882 2158 2160
f 1885 2164 1893
f 1894 2165 2168
f 1896 2171 2173
f 1898 2175 1900
f 1902 2177 2179
f 1904 2181 1906
f 1908 2182 1912
f 1913 2183 2187
f 1915 2189 2192
f 1916 2194 1920
f 1919 2193 1969
f 1922 1970 1924
f 1930 1960 2198
f 1941 1991 1950
f 1947 2203 1958
f 1949 1990 2211
f 1948 2209 2205
f 1953 2216 2218
f 1954 2219 2196
f 1955 2197 1959
f 1952 2202 2215
f 1968 2190 2224
f 1967 2220 2235
f 1965 2232 2241
f 1964 2239 1976
f 1975 2237 1988
f 1980 2245 2248
f 1981 2249 2256
f 1978 2253 2259
f 1977 2258 2207
f 1979 2208 2210
f 1982 2212 1992
f 1989 2238 2262
f 1987 2260 2268
f 1984 2264 2246
f 2002 2271 2004
f 2005 2272 2274
f 2006 2275 2277
f 2007 2278 2009
f 2011 2281 2284
f 2016 2288 2293
f 2015 2292 2299
f 2014 2297 2103
f 2013 2102 2020
f 2019 2101 2026
f 2024 2099 2030
f 2032 2100 2096
f 2052 2303 2312
f 2050 2310 2317
f 2049 2314 2322
f 2047 2320 2328
f 2043 2324 2056
f 2037 2117 2333
f 2039 2334 2337
f 2041 2338 2341
f 2044 2343 2346
f 2045 2348 2352
f 2046 2353 2356
f 2048 2357 2361
f 2051 2362 2302
f 2057 2325 2072
f 2062 2068 2364
f 2063 2365 2130
f 2069 2090 2366
f 2074 2326 2076
f 2079 2372 2083
f 2080 2327 2373
f 2085 2376 2087
f 2093 2379 2384
f 2092 2383 2367
f 2088 2377 2387
f 2091 2389 2391
f 2094 2393 2380
f 2108 2113 2111
f 2105 2298 2399
f 2106 2400 2402
f 2109 2407 2114
f 2115 2408 2330
f 2123 2412 2414
f 2126 2417 2420
f 2127 2422 2144
f 2122 2132 2410
f 2133 2370 2425
f 2134 2427 2411
f 2147 2424 2433
f 2148 2434 2150
f 2151 2435 2154
f 2155 2436 2440
f 2156 2441 2444
f 2159 2445 2161
f 2162 2447 2450
f 2163 2451 2166
f 2167 2452 2456
f 2169 2457 2459
f 2170 2462 2464
f 2172 2467 2174
f 2176 2469 2184
f 2178 2186 2180
f 2185 2470 2223
f 2188 2225 2191
f 2206 2257 2251
f 2204 2250 2478
f 2201 2474 2483
f 2199 2481 2486
f 2200 2487 2214
f 2221 2490 2236
f 2222 2468 2491
f 2226 2495 2499
f 2227 2500 2267
f 2229 2269 2261
f 2231 2263 2240
f 2234 2488 2503
f 2233 2501 2509
f 2230 2507 2521
f 2228 2516 2496
f 2244 2525 2254
f 2245 2255 2248
f 2247 2265 2532
f 2242 2530 2540
f 2243 2541 2523
f 2252 2524 2479
f 2266 2497 2534
f 2276 2543 2279
f 2280 2544 2282
f 2290 2546 2552
f 2289 2550 2295
f 2283 2545 2556
f 2285 2557 2559
f 2286 2561 2563
f 2287 2567 2569
f 2291 2570 2547
f 2296 2551 2405
f 2294 2404 2301
f 2300 2403 2401
f 2306 2363 2579
f 2307 2582 2584
f 2309 2586 2591
f 2308 2589 2597
f 2305 2596 2398
f 2304 2395 2313
f 2311 2394 2319
f 2318 2392 2390
f 2316 2388 2378
f 2315 2375 2323
f 2321 2374 2329
f 2331 2409 2603
f 2332 2607 2335
f 2336 2608 2339
f 2345 2350 2347
f 2340 2610 2615
f 2342 2618 2624
f 2344 2625 2349
f 2351 2626 2354
f 2355 2627 2358
f 2359 2628 2633
f 2360 2636 2578
f 2368 2385 2642
f 2369 2644 2648
f 2371 2649 2426
f 2381 2396 2640
f 2382 2643 2386
f 2397 2595 2641
f 2406 2553 2601
f 2413 2428 2415
f 2416 2429 2652
f 2418 2657 2659
f 2419 2661 2421
f 2423 2664 2431
f 2430 2650 2653
f 2432 2665 2438
f 2437 2663 2668
f 2439 2671 2442
f 2443 2673 2675
f 2446 2677 2448
f 2449 2678 2454
f 2453 2676 2683
f 2455 2684 2508
f 2458 2510 2460
f 2461 2511 2502
f 2463 2504 2465
f 2466 2505 2489
f 2476 2536 2692
f 2475 2691 2698
f 2471 2697 2701
f 2472 2702 2705
f 2473 2706 2482
f 2477 2522 2539
f 2480 2704 2485
f 2493 2711 2533
f 2494 2535 2498
f 2492 2514 2710
f 2506 2682 2520
f 2519 2679 2714
f 2518 2712 2720
f 2517 2716 2587
f 2515 2585 2583
f 2512 2581 2723
f 2513 2725 2709
f 2531 2707 2637
f 2529 2635 2729
f 2528 2728 2733
f 2526 2731 2737
f 2527 2738 2538
f 2537 2735 2694
f 2549 2573 2604
f 2548 2602 2554
f 2560 2740 2562
f 2564 2741 2743
f 2565 2744 2746
f 2566 2747 2568
f 2571 2749 2752
f 2572 2754 2756
f 2575 2759 2761
f 2577 2762 2614
f 2576 2613 2770
f 2574 2767 2605
f 2580 2638 2722
f 2588 2717 2592
f 2593 2772 2781
f 2590 2779 2600
f 2594 2718 2773
f 2599 2778 2784
f 2598 2783 2647
f 2609 2788 2611
f 2606 2768 2787
f 2612 2789 2769
f 2616 2766 2791
f 2617 2793 2619
f 2623 2797 2630
f 2620 2794 2799
f 2621 2801 2810
f 2622 2811 2795
f 2639 2708 2724
f 2629 2796 2812
f 2631 2815 2817
f 2632 2818 2822
f 2634 2824 2726
f 2646 2782 2655
f 2645 2654 2651
f 2656 2786 2774
f 2658 2775 2660
f 2662 2776 2666
f 2667 2777 2719
f 2669 2721 2713
f 2670 2715 2680
f 2672 2681 2674
f 2687 2830 2836
f 2685 2835 2838
f 2686 2839 2841
f 2688 2842 2844
f 2689 2845 2695
f 2693 2734 2823
f 2690 2819 2831
f 2696 2846 2700
f 2727 2826 2732
f 2730 2825 2736
f 2748 2849 2751
f 2750 2848 2851
f 2753 2853 2755
f 2760 2807 2763
f 2757 2854 2857
f 2758 2859 2803
f 2764 2808 2860
f 2765 2861 2790
f 2771 2785 2780
f 2792 2862 2798
f 2800 2863 2809
f 2802 2858 2866
f 2804 2867 2869
f 2805 2870 2872
f 2806 2873 2827
f 2813 2832 2820
f 2814 2821 2816
f 2828 2874 2876
f 2829 2877 2834
f 2852 2880 2856
f 2855 2879 2865
f 2881 2890 2893
f 2882 2896 2902
f 2883 2903 2908
f 2885 2910 2957
f 2884 2956 3040
f 2885 3041 3173
f 2889 3174 3170
f 2887 3169 3344
f 2885 3343 3358
f 2888 3359 3355
f 2885 3354 3531
f 2885 3531 3702
f 2885 3702 3699
f 2885 3699 3912
f 2885 3912 4155
f 2885 4155 4167
f 2885 4167 4433
f 2885 4433 4671
f 2885 4671 4614
f 2885 4614 4383
f 2885 4383 4106
f 2885 4106 3857
f 2885 3857 3648
f 2885 3648 3480
f 2885 3480 3475
f 2885 3475 3472
f 2885 3472 3469
f 2885 3469 3271
f 2885 3271 3267
f 2885 3267 3177
f 2886 3178 3046
f 2885 3045 2961
f 2885 2961 2914
f 2885 2914 2892
f 2891 2911 2894
f 2900 2915 2925
f 2899 2921 2905
f 2895 2913 2928
f 2897 2931 2933
f 2898 2935 2937
f 2901 2940 2917
f 2906 2922 2950
f 2904 2948 2909
f 2907 2945 2954
f 2912 2958 2927
f 2918 2943 2962
f 2919 2963 2971
f 2920 2972 2980
f 2916 2979 2926
f 2924 2977 2987
f 2923 2984 2952
f 2929 2960 2991
f 2930 2992 2995
f 2932 2997 2934
f 2936 2999 2938
f 2939 3002 3005
f 2941 3007 3011
f 2942 3012 3015
f 2944 3017 2964
f 2953 2985 3021
f 2951 3020 3027
f 2949 3026 3036
f 2947 3034 3039
f 2946 3037 2955
f 2959 3044 2990
f 2970 3050 3058
f 2969 3056 3068
f 2968 3067 3073
f 2967 3072 3078
f 2966 3077 2976
f 2965 3018 3047
f 2975 3076 3071
f 2974 3070 3080
f 2973 3079 2981
f 2982 3087 3092
f 2982 3092 3098
f 2978 3097 2988
f 2983 3081 3088
f 2986 3096 3023
f 2989 3043 3106
f 2993 3109 3111
f 2994 3112 2996
f 2998 3114 3121
f 3000 3122 3125
f 3001 3127 3129
f 3004 3133 3009
f 3003 3008 3006
f 3010 3134 3013
f 3019 3138 3048
f 3014 3135 3142
f 3016 3144 3136
f 3022 3095 3030
f 3025 3155 3035
f 3029 3094 3158
f 3028 3157 3165
f 3024 3163 3154
f 3033 3151 3168
f 3031 3167 3171
f 3032 3172 3038
f 3042 3176 3105
f 3054 3179 3062
f 3049 3139 3189
f 3051 3191 3193
f 3052 3195 3200
f 3053 3201 3204
f 3055 3205 3182
f 3059 3085 3075
f 3057 3074 3069
f 3066 3180 3208
f 3065 3207 3211
f 3064 3210 3217
f 3063 3216 3228
f 3061 3224 3236
f 3060 3234 3086
f 3084 3233 3243
f 3083 3238 3247
f 3082 3245 3091
f 3090 3244 3249
f 3089 3248 3093
f 3093 3248 3256
f 3092 3255 3098
f 3100 3257 3261
f 3099 3260 3362
f 3099 3362 3160
f 3102 3266 3269
f 3103 3270 3274
f 3104 3275 3281
f 3107 3282 3285
f 3108 3288 3116
f 3110 3120 3113
f 3101 3175 3265
f 3124 3293 3300
f 3123 3298 3126
f 3115 3287 3305
f 3117 3306 3311
f 3118 3312 3316
f 3119 3318 3291
f 3128 3299 3130
f 3131 3301 3319
f 3132 3322 3140
f 3137 3146 3187
f 3141 3323 3326
f 3143 3327 3329
f 3145 3332 3334
f 3147 3336 3188
f 3150 3342 3166
f 3153 3162 3349
f 3152 3346 3353
f 3149 3352 3357
f 3148 3356 3341
f 3159 3360 3371
f 3156 3368 3164
f 3161 3366 3348
f 3186 3376 3386
f 3184 3385 3213
f 3181 3212 3209
f 3183 3206 3391
f 3185 3392 3375
f 3192 3198 3194
f 3190 3339 3196
f 3197 3340 3399
f 3199 3400 3202
f 3203 3401 3388
f 3214 3387 3377
f 3215 3378 3221
f 3222 3379 3405
f 3220 3404 3411
f 3219 3409 3416
f 3218 3413 3231
f 3230 3412 3418
f 3229 3417 3422
f 3227 3421 3630
f 3227 3630 3429
f 3226 3426 3435
f 3225 3434 3441
f 3223 3440 3235
f 3232 3439 3242
f 3241 3438 3433
f 3240 3432 3445
f 3239 3443 3254
f 3237 3251 3246
f 3253 3442 3449
f 3252 3448 3456
f 3250 3454 3259
f 3258 3453 3458
f 3258 3458 3264
f 3263 3457 3463
f 3262 3462 3363
f 3268 3467 3272
f 3273 3468 3279
f 3283 3310 3303
f 3284 3304 3286
f 3278 3466 3471
f 3277 3470 3474
f 3276 3473 3476
f 3280 3478 3307
f 3297 3483 3325
f 3296 3324 3321
f 3295 3320 3302
f 3289 3317 3314
f 3290 3315 3490
f 3292 3492 3494
f 3294 3497 3482
f 3313 3500 3489
f 3308 3479 3506
f 3309 3508 3498
f 3328 3486 3330
f 3331 3488 3512
f 3333 3513 3335
f 3337 3516 3518
f 3338 3520 3395
f 3347 3364 3527
f 3345 3525 3351
f 3350 3523 3530
f 3361 3461 3372
f 3373 3464 3532
f 3374 3534 3541
f 3370 3538 3548
f 3369 3547 3554
f 3367 3552 3558
f 3365 3556 3528
f 3381 3393 3560
f 3382 3563 3565
f 3384 3567 3572
f 3383 3570 3580
f 3380 3577 3407
f 3389 3402 3586
f 3390 3589 3559
f 3394 3519 3596
f 3396 3597 3603
f 3397 3604 3609
f 3398 3611 3583
f 3406 3576 3614
f 3403 3613 3623
f 3403 3623 3410
f 3408 3619 3415
f 3414 3618 3420
f 3419 3617 3423
f 3424 3624 3837
f 3424 3837 3632
f 3425 3620 3625
f 3428 3629 3638
f 3427 3634 3437
f 3436 3633 3643
f 3430 3641 3451
f 3431 3452 3444
f 3450 3640 3537
f 3446 3533 3465
f 3446 3465 3459
f 3447 3460 3455
f 3477 3647 3505
f 3487 3653 3511
f 3481 3496 3658
f 3484 3661 3663
f 3485 3665 3650
f 3491 3501 3493
f 3495 3503 3657
f 3502 3669 3656
f 3499 3509 3666
f 3504 3646 3676
f 3507 3679 3681
f 3510 3683 3667
f 3515 3595 3517
f 3514 3655 3594
f 3526 3555 3689
f 3524 3686 3697
f 3521 3695 3700
f 3522 3701 3529
f 3536 3639 3706
f 3535 3705 3542
f 3540 3704 3713
f 3539 3710 3549
f 3550 3711 3718
f 3546 3714 3728
f 3545 3727 3735
f 3543 3732 3693
f 3544 3694 3553
f 3551 3691 3557
f 3562 3737 3740
f 3564 3743 3566
f 3561 3591 3736
f 3568 3745 3750
f 3569 3751 3573
f 3574 3755 3766
f 3571 3764 3581
f 3575 3752 3756
f 3579 3763 3774
f 3578 3770 3616
f 3582 3610 3605
f 3584 3608 3776
f 3585 3777 3781
f 3587 3783 3786
f 3588 3789 3792
f 3590 3794 3799
f 3592 3800 3738
f 3593 3654 3602
f 3607 3780 3775
f 3599 3652 3807
f 3598 3806 3815
f 3600 3816 3818
f 3601 3819 3821
f 3606 3825 3779
f 3615 3769 3831
f 3612 3830 3622
f 3621 3829 3627
f 3626 3828 3840
f 3631 3836 3846
f 3628 3843 3637
f 3636 3842 3853
f 3635 3849 3644
f 3642 3848 3708
f 3645 3855 3674
f 3649 3664 3861
f 3651 3863 3805
f 3660 3860 3662
f 3659 3671 3859
f 3670 3812 3858
f 3668 3684 3808
f 3672 3854 3865
f 3673 3866 3874
f 3675 3875 3877
f 3677 3878 3882
f 3678 3884 3680
f 3682 3886 3888
f 3685 3889 3809
f 3692 3730 3897
f 3690 3894 3903
f 3688 3901 3909
f 3687 3908 3698
f 3696 3907 3911
f 3707 3913 3722
f 3703 3719 3712
f 3709 3850 3915
f 3723 3914 3922
f 3721 3918 3927
f 3720 3925 3931
f 3717 3930 3942
f 3716 3936 3948
f 3715 3947 3729
f 3726 3952 3734
f 3725 3945 3959
f 3724 3958 3951
f 3733 3950 3957
f 3731 3955 3898
f 3739 3801 3741
f 3748 3960 3971
f 3747 3967 3975
f 3746 3973 3753
f 3742 3802 3977
f 3744 3981 3984
f 3749 3987 3961
f 3754 3974 3758
f 3760 3993 4005
f 3757 4000 3768
f 3759 3976 3968
f 3761 3969 3994
f 3767 3999 4009
f 3765 4008 4014
f 3762 4012 3773
f 3772 4011 4021
f 3771 4017 3832
f 3778 3824 4025
f 3782 4028 4030
f 3784 4031 4035
f 3785 4036 3787
f 3788 4038 3791
f 3797 4043 4047
f 3798 4048 3979
f 3796 3978 3803
f 3790 4037 4032
f 3793 4033 4051
f 3795 4054 4042
f 3804 3862 3813
f 3811 4057 4059
f 3814 4063 3817
f 3810 3891 4055
f 3820 4064 3822
f 3823 4067 4024
f 3835 4069 4073
f 3833 4072 4355
f 3833 4355 4081
f 3827 4078 4086
f 3826 4085 3839
f 3834 4018 4068
f 3838 4083 3847
f 3845 4082 4090
f 3844 4089 4101
f 3841 4099 3852
f 3851 4096 3917
f 3856 4103 3869
f 3868 4102 4110
f 3867 4109 4118
f 3864 4112 3870
f 3871 4113 4119
f 3872 4120 4126
f 3873 4127 3876
f 3879 4129 4132
f 3881 4134 4138
f 3880 4137 3883
f 3885 4139 3887
f 3890 4142 4144
f 3893 4145 4060
f 3892 4058 4056
f 3896 3953 4150
f 3895 4149 3904
f 3899 4153 3906
f 3902 4148 4161
f 3900 4160 4154
f 3905 4152 3910
f 3916 4095 3923
f 3924 4097 4172
f 3921 4168 4181
f 3920 4178 4187
f 3919 4185 3928
f 3926 4183 3933
f 3935 4184 4191
f 3934 4190 4198
f 3932 4197 4202
f 3929 4201 3941
f 3940 4200 4205
f 3939 4204 4210
f 3938 4209 4216
f 3937 4215 3949
f 3946 4214 4219
f 3944 4218 4164
f 3943 4163 3956
f 3954 4162 4151
f 3964 3989 4220
f 3966 4221 4226
f 3965 4225 4235
f 3963 4232 4240
f 3962 4238 3972
f 3970 4237 3998
f 3980 4050 3983
f 3982 4049 4044
f 3985 4046 4242
f 3986 4244 4248
f 3988 4249 4252
f 3992 4254 4261
f 3991 4260 4267
f 3990 4265 4222
f 3997 4236 4273
f 3996 4272 4281
f 3995 4279 4007
f 4006 4278 4284
f 4004 4282 4292
f 4003 4289 4301
f 4002 4299 4304
f 4001 4303 4016
f 3999 4015 4009
f 4013 4302 4298
f 4010 4297 4020
f 4019 4296 4071
f 4027 4309 4029
f 4022 4066 4315
f 4023 4316 4318
f 4026 4321 4307
f 4034 4310 4052
f 4039 4053 4312
f 4040 4313 4325
f 4041 4326 4328
f 4045 4331 4241
f 4061 4146 4334
f 4062 4337 4340
f 4065 4342 4314
f 4070 4295 4076
f 4075 4294 4350
f 4074 4349 4357
f 4080 4354 4361
f 4079 4360 4094
f 4077 4091 4084
f 4093 4358 4370
f 4092 4369 4176
f 4088 4175 4375
f 4087 4374 4100
f 4098 4373 4173
f 4104 4377 4111
f 4105 4380 4378
f 4108 4385 4114
f 4107 4376 4608
f 4107 4608 4669
f 4107 4669 4431
f 4107 4431 4665
f 4107 4665 4886
f 4107 4886 5076
f 4107 5076 5233
f 4107 5233 5244
f 4107 5244 5368
f 4107 5368 5364
f 4107 5364 5405
f 4107 5405 5396
f 4107 5396 5393
f 4107 5393 5290
f 4107 5290 5287
f 4107 5287 5284
f 4107 5284 5161
f 4107 5161 5158
f 4107 5158 5155
f 4107 5155 5151
f 4107 5151 5206
f 4107 5206 5039
f 4107 5039 5036
f 4107 5036 5033
f 4107 5033 4838
f 4107 4838 4615
f 4107 4615 4387
f 4107 4387 4384
f 4115 4386 4388
f 4116 4389 4391
f 4117 4392 4122
f 4121 4397 4128
f 4123 4393 4403
f 4125 4404 4409
f 4124 4408 4399
f 4131 4398 4417
f 4130 4416 4133
f 4135 4419 4424
f 4136 4425 4140
f 4141 4426 4143
f 4147 4427 4335
f 4156 4217 4212
f 4158 4213 4208
f 4165 4211 4206
f 4166 4207 4203
f 4159 4199 4196
f 4156 4195 4189
f 4156 4189 4464
f 4156 4464 4694
f 4156 4694 4910
f 4156 4910 5115
f 4157 5116 5267
f 4156 5266 5263
f 4156 5263 5259
f 4156 5259 5378
f 4156 5378 5408
f 4156 5408 5400
f 4165 5404 5330
f 4156 5326 5216
f 4156 5216 5059
f 4156 5059 4876
f 4156 4876 4666
f 4156 4666 4432
f 4177 4371 4437
f 4174 4434 4444
f 4171 4442 4451
f 4170 4450 4458
f 4169 4457 4182
f 4180 4455 4462
f 4179 4460 4188
f 4186 4459 4192
f 4193 4461 4446
f 4194 4448 4465
f 4223 4266 4228
f 4229 4467 4474
f 4227 4472 4484
f 4224 4482 4234
f 4230 4268 4468
f 4233 4481 4277
f 4231 4276 4239
f 4243 4333 4246
f 4247 4490 4251
f 4245 4332 4488
f 4250 4489 4494
f 4253 4495 4497
f 4258 4501 4504
f 4259 4505 4511
f 4257 4509 4517
f 4256 4514 4522
f 4255 4519 4263
f 4264 4520 4530
f 4262 4527 4270
f 4269 4525 4470
f 4275 4480 4536
f 4274 4534 4287
f 4271 4285 4280
f 4286 4533 4721
f 4286 4721 4542
f 4283 4539 4293
f 4291 4537 4546
f 4290 4544 4353
f 4288 4352 4300
f 4305 4320 4345
f 4306 4347 4549
f 4308 4551 4553
f 4311 4558 4322
f 4317 4343 4319
f 4323 4559 4561
f 4324 4562 4327
f 4329 4563 4565
f 4330 4569 4487
f 4336 4428 4338
f 4344 4576 4578
f 4346 4579 4548
f 4339 4430 4585
f 4341 4586 4570
f 4351 4543 4365
f 4348 4362 4356
f 4364 4589 4597
f 4363 4594 4440
f 4359 4438 4372
f 4366 4545 4598
f 4367 4599 4602
f 4368 4603 4591
f 4379 4381 4609
f 4382 4612 4610
f 4390 4616 4394
f 4396 4617 4620
f 4395 4619 4405
f 4402 4410 4627
f 4401 4626 4634
f 4400 4633 4418
f 4407 4622 4637
f 4406 4636 4412
f 4414 4638 4640
f 4415 4643 4647
f 4413 4646 4654
f 4411 4653 4632
f 4421 4629 4659
f 4422 4660 4583
f 4423 4584 4429
f 4420 4635 4628
f 4439 4673 4683
f 4436 4678 4689
f 4435 4688 4445
f 4441 4595 4674
f 4443 4685 4454
f 4447 4463 4456
f 4453 4684 4692
f 4452 4691 4696
f 4449 4695 4466
f 4469 4524 4476
f 4475 4700 4711
f 4473 4709 4719
f 4471 4718 4483
f 4477 4526 4702
f 4478 4715 4723
f 4479 4724 4535
f 4485 4568 4729
f 4486 4730 4493
f 4491 4728 4735
f 4492 4736 4739
f 4496 4740 4498
f 4499 4741 4743
f 4500 4749 4502
f 4503 4750 4752
f 4508 4753 4764
f 4507 4757 4772
f 4506 4770 4513
f 4512 4768 4778
f 4510 4776 4518
f 4516 4774 4783
f 4515 4781 4523
f 4521 4780 4532
f 4531 4779 4787
f 4529 4786 4795
f 4528 4792 4704
f 4541 4720 4605
f 4540 4604 4601
f 4538 4600 4547
f 4550 4580 4552
f 4556 4801 4805
f 4557 4806 4560
f 4554 4581 4810
f 4555 4814 4800
f 4564 4807 4566
f 4567 4808 4725
f 4573 4817 4821
f 4574 4822 4827
f 4575 4828 4577
f 4571 4587 4661
f 4572 4662 4815
f 4582 4829 4811
f 4592 4606 4713
f 4593 4716 4835
f 4590 4832 4676
f 4588 4675 4596
f 4607 4722 4714
f 4611 4613 4670
f 4618 4839 4621
f 4625 4840 4843
f 4624 4842 4642
f 4623 4641 4639
f 4631 4652 4820
f 4630 4819 4664
f 4644 4845 4847
f 4645 4849 4648
f 4649 4850 4855
f 4651 4856 4861
f 4650 4860 4655
f 4658 4862 4866
f 4657 4865 4873
f 4656 4872 4824
f 4663 4818 4816
f 4667 4879 4881
f 4668 4882 4887
f 4677 4833 4895
f 4672 4892 4682
f 4681 4891 4902
f 4680 4900 4909
f 4679 4905 4690
f 4687 4903 4698
f 4686 4697 4693
f 4699 4904 4911
f 4705 4793 4915
f 4703 4914 4923
f 4701 4922 4712
f 4710 4920 4929
f 4708 4925 4936
f 4707 4935 4837
f 4706 4836 4717
f 4726 4809 4802
f 4727 4804 4732
f 4731 4803 4869
f 4733 4871 4941
f 4734 4943 4737
f 4738 4945 4947
f 4742 4949 4744
f 4746 4954 4959
f 4747 4960 4962
f 4748 4963 4751
f 4745 4950 4952
f 4755 4965 4971
f 4754 4970 4766
f 4765 4969 4976
f 4763 4975 5181
f 4763 5181 4983
f 4762 4979 4987
f 4761 4986 4993
f 4760 4992 4997
f 4759 4996 5001
f 4758 5000 5006
f 4756 5005 4771
f 4769 5003 5011
f 4767 5009 4777
f 4775 5007 4789
f 4773 4788 4782
f 4790 5012 5027
f 4784 5025 4918
f 4785 4919 4794
f 4791 5008 5014
f 4799 4813 5032
f 4796 5031 4825
f 4797 4826 4874
f 4798 4875 4867
f 4812 4830 5029
f 4823 5030 4831
f 4834 4934 4898
f 4841 5034 4844
f 4846 5035 5037
f 4846 5037 4848
f 4853 5038 5040
f 4854 5041 5044
f 4852 5043 5049
f 4851 5048 4859
f 4858 5047 5056
f 4857 5055 4864
f 4863 5054 4868
f 4870 5057 4938
f 4877 5062 5064
f 4878 5065 4880
f 4883 5067 5069
f 4885 5071 5078
f 4884 5077 4888
f 4893 5081 5092
f 4889 5086 5097
f 4890 5098 4901
f 4897 4933 5100
f 4896 5099 5108
f 4894 5107 5084
f 4899 5096 4908
f 4907 5094 5114
f 4906 5111 4912
f 4913 5112 5117
f 4917 5024 5124
f 4916 5123 4924
f 4921 5121 4931
f 4932 5122 5023
f 4930 5022 5130
f 4928 5129 5134
f 4927 5133 5104
f 4926 5101 4937
f 4939 5058 5050
f 4940 5052 5135
f 4942 5138 5141
f 4944 5142 4946
f 4948 5144 4951
f 4953 5145 4958
f 4955 5143 5149
f 4956 5150 5153
f 4957 5154 5156
f 4961 5157 5159
f 4961 5159 4964
f 4967 5160 5163
f 4968 5164 5168
f 4966 5166 4974
f 4973 5165 5170
f 4972 5169 5175
f 4972 5175 4978
f 4977 5174 5185
f 4982 5180 5190
f 4981 5189 5193
f 4980 5192 4989
f 4988 5191 5187
f 4988 5187 5199
f 4985 5195 5021
f 4984 5020 4991
f 4990 5019 4995
f 4994 5017 4999
f 4998 5016 5004
f 5002 5015 5010
f 5018 5194 5204
f 5013 5202 5028
f 5026 5200 5282
f 5026 5282 5131
f 5042 5207 5212
f 5042 5212 5046
f 5045 5210 5051
f 5053 5211 5136
f 5060 5219 5221
f 5061 5222 5063
f 5066 5223 5226
f 5068 5227 5070
f 5072 5234 5079
f 5073 5229 5236
f 5075 5237 5246
f 5074 5245 5235
f 5083 5106 5252
f 5082 5249 5258
f 5080 5254 5091
f 5090 5253 5261
f 5089 5260 5265
f 5088 5264 5269
f 5087 5268 5120
f 5085 5119 5095
f 5093 5118 5113
f 5103 5132 5128
f 5102 5126 5110
f 5109 5125 5275
f 5105 5271 5251
f 5127 5280 5276
f 5137 5213 5139
f 5140 5214 5146
f 5147 5215 5208
f 5148 5209 5152
f 5162 5286 5172
f 5162 5172 5167
f 5171 5285 5289
f 5171 5289 5178
f 5177 5288 5293
f 5176 5292 5302
f 5173 5300 5184
f 5183 5299 5306
f 5182 5305 5312
f 5179 5311 5188
f 5186 5310 5198
f 5197 5307 5315
f 5196 5314 5205
f 5203 5313 5321
f 5201 5320 5283
f 5217 5329 5332
f 5218 5334 5220
f 5224 5335 5337
f 5225 5338 5228
f 5230 5342 5344
f 5231 5345 5348
f 5232 5349 5239
f 5240 5350 5353
f 5241 5355 5358
f 5243 5359 5366
f 5242 5365 5370
f 5238 5369 5247
f 5250 5270 5375
f 5248 5373 5257
f 5256 5371 5380
f 5255 5379 5262
f 5273 5383 5392
f 5272 5388 5377
f 5274 5277 5385
f 5279 5343 5341
f 5278 5340 5386
f 5281 5319 5347
f 5291 5395 5301
f 5296 5394 5399
f 5295 5398 5363
f 5294 5361 5356
f 5297 5357 5323
f 5298 5325 5304
f 5303 5324 5309
f 5308 5322 5316
f 5318 5354 5352
f 5317 5351 5346
f 5327 5403 5389
f 5328 5390 5331
f 5333 5391 5382
f 5336 5384 5339
f 5362 5397 5407
f 5360 5406 5367
f 5376 5387 5402
f 5374 5401 5410
f 5372 5409 5381
f 5436 5446 5451
f 5437 5452 5456
f 5412 5454 5587
f 5412 5587 5720
f 5439 5723 5762
f 5412 5756 5803
f 5412 5803 5828
f 5413 5829 5852
f 5412 5851 5856
f 5412 5856 5837
f 5412 5837 5808
f 5412 5808 5767
f 5412 5767 5725
f 5412 5725 5593
f 5412 5593 5458
f 5411 5457 5460
f 5414 5461 5471
f 5415 5472 5475
f 5416 5476 5483
f 5417 5484 5487
f 5418 5488 5492
f 5419 5493 5498
f 5420 5499 5502
f 5421 5503 5507
f 5422 5508 5511
f 5423 5512 5517
f 5424 5518 5521
f 5425 5522 5526
f 5426 5527 5530
f 5427 5531 5535
f 5428 5536 5542
f 5429 5543 5547
f 5430 5548 5553
f 5431 5554 5559
f 5432 5560 5565
f 5433 5566 5570
f 5434 5571 5574
f 5438 5576 5581
f 5435 5580 5445
f 5447 5582 5714
f 5441 5710 5706
f 5443 5707 5701
f 5447 5705 5700
f 5447 5700 5697
f 5440 5693 5689
f 5447 5692 5688
f 5440 5684 5676
f 5441 5677 5673
f 5440 5672 5681
f 5440 5681 5668
f 5440 5668 5663
f 5440 5663 5658
f 5440 5658 5655
f 5440 5655 5650
f 5440 5650 5644
f 5442 5645 5641
f 5440 5640 5636
f 5440 5636 5631
f 5440 5631 5628
f 5440 5628 5625
f 5440 5625 5622
f 5440 5622 5598
f 5440 5598 5618
f 5440 5618 5750
f 5440 5750 5764
f 5443 5765 5773
f 5440 5772 5817
f 5440 5817 5813
f 5440 5813 5833
f 5447 5836 5845
f 5440 5841 5860
f 5440 5860 5864
f 5440 5864 5846
f 5441 5847 5824
f 5440 5823 5820
f 5440 5820 5799
f 5440 5799 5795
f 5444 5796 5753
f 5440 5752 5715
f 5440 5715 5583
f 5448 5586 5453
f 5449 5585 5590
f 5450 5591 5455
f 5459 5594 5463
f 5462 5599 5473
f 5464 5595 5603
f 5465 5608 5746
f 5466 5747 5609
f 5467 5610 5612
f 5468 5613 5615
f 5470 5616 5620
f 5469 5619 5602
f 5474 5600 5477
f 5478 5601 5623
f 5479 5624 5626
f 5480 5627 5629
f 5481 5630 5632
f 5482 5633 5485
f 5486 5634 5489
f 5491 5638 5494
f 5490 5635 5637
f 5495 5639 5642
f 5496 5643 5646
f 5497 5647 5500
f 5501 5648 5504
f 5505 5649 5651
f 5506 5652 5509
f 5510 5653 5513
f 5515 5657 5659
f 5516 5660 5519
f 5514 5654 5656
f 5520 5661 5523
f 5525 5665 5528
f 5524 5662 5664
f 5529 5666 5532
f 5533 5667 5669
f 5534 5670 5537
f 5540 5675 5678
f 5541 5679 5544
f 5538 5671 5682
f 5539 5683 5674
f 5545 5680 5685
f 5546 5686 5549
f 5550 5687 5690
f 5551 5691 5694
f 5552 5695 5555
f 5556 5696 5698
f 5557 5699 5702
f 5558 5703 5561
f 5562 5704 5708
f 5563 5709 5711
f 5564 5712 5567
f 5568 5713 5577
f 5569 5578 5572
f 5573 5579 5575
f 5584 5719 5589
f 5588 5718 5722
f 5592 5724 5763
f 5592 5763 5749
f 5592 5749 5777
f 5592 5777 5728
f 5597 5729 5739
f 5596 5738 5604
f 5605 5740 5730
f 5606 5731 5741
f 5607 5743 5745
f 5611 5748 5744
f 5611 5744 5794
f 5611 5794 5791
f 5611 5791 5788
f 5611 5788 5785
f 5611 5785 5782
f 5611 5782 5779
f 5611 5779 5751
f 5611 5751 5621
f 5611 5621 5617
f 5611 5617 5614
f 5716 5755 5760
f 5717 5761 5721
f 5727 5768 5775
f 5726 5774 5766
f 5737 5778 5781
f 5736 5780 5784
f 5735 5783 5787
f 5734 5786 5790
f 5733 5789 5793
f 5732 5792 5742
f 5754 5798 5759
f 5758 5797 5802
f 5757 5801 5807
f 5771 5809 5815
f 5770 5814 5819
f 5769 5818 5776
f 5800 5822 5806
f 5805 5821 5827
f 5804 5826 5832
f 5810 5834 5816
f 5812 5838 5843
f 5811 5842 5835
f 5825 5850 5831
f 5830 5849 5855
f 5840 5857 5862
f 5839 5861 5844
f 5848 5867 5854
f 5853 5866 5859
f 5858 5865 5863
f 5873 5883 5891
f 5872 5885 5896
f 5871 5895 5902
f 5868 5901 5906
f 5869 5907 5911
f 5870 5912 5914
f 5876 5915 5918
f 5875 5917 5922
f 5874 5921 5884
f 5877 5925 5930
f 5881 5932 5934
f 5882 5938 5890
f 5880 5920 5941
f 5879 5940 5945
f 5878 5944 5926
f 5889 5937 5950
f 5888 5949 5955
f 5887 5951 5963
f 5886 5962 5897
f 5894 5956 5967
f 5893 5966 5975
f 5892 5974 5900
f 5899 5972 5981
f 5898 5980 5905
f 5904 5979 5985
f 5903 5984 5910
f 5909 5983 5989
f 5908 5988 6068
f 5908 6068 6009
f 5908 6009 5942
f 5908 5942 5939
f 5908 5939 5919
f 5908 5919 5916
f 5908 5916 5913
f 5923 5943 6010
f 5923 6010 6120
f 5923 6120 6193
f 5923 6193 6266
f 5928 6270 6253
f 5923 6248 6245
f 5923 6245 6229
f 5923 6229 6165
f 5927 6169 6106
f 5923 6102 6098
f 5928 6101 6085
f 5924 6082 5995
f 5923 5994 5929
f 5931 5996 5933
f 5935 5998 6006
f 5936 6007 5946
f 5947 6008 6015
f 5948 6017 5954
f 5953 6016 6022
f 5952 6021 5964
f 5961 6018 6024
f 5960 6023 6029
f 5959 6028 6035
f 5958 6033 6044
f 5957 6040 5969
f 5968 6038 6048
f 5965 6046 5973
f 5971 6045 6052
f 5970 6051 5978
f 5977 6050 6057
f 5976 6056 5982
f 5986 6061 6064
f 5987 6065 5990
f 5991 6066 6074
f 5992 6076 6079
f 5993 6080 6069
f 5997 6084 6005
f 6003 6088 6093
f 6004 6095 6013
f 5999 6083 6099
f 6000 6100 6104
f 6001 6105 6109
f 6002 6113 6086
f 6011 6073 6117
f 6012 6118 6121
f 6014 6097 6020
f 6019 6096 6027
f 6026 6094 6092
f 6025 6091 6031
f 6030 6090 6037
f 6036 6089 6126
f 6034 6125 6131
f 6032 6129 6043
f 6042 6127 6134
f 6041 6133 6146
f 6039 6140 6049
f 6047 6138 6054
f 6055 6139 6149
f 6053 6147 6059
f 6060 6148 6157
f 6058 6156 6063
f 6062 6155 6226
f 6062 6226 6222
f 6062 6222 6260
f 6062 6260 6192
f 6062 6192 6119
f 6062 6119 6115
f 6062 6115 6162
f 6062 6162 6159
f 6062 6159 6077
f 6067 6078 6075
f 6070 6081 6160
f 6071 6161 6163
f 6072 6164 6116
f 6087 6114 6123
f 6103 6166 6107
f 6108 6168 6173
f 6110 6178 6180
f 6111 6183 6187
f 6112 6190 6122
f 6124 6191 6130
f 6128 6189 6137
f 6135 6185 6198
f 6132 6197 6145
f 6136 6188 6186
f 6143 6199 6209
f 6142 6206 6216
f 6141 6214 6154
f 6144 6195 6203
f 6153 6211 6219
f 6152 6218 6224
f 6151 6223 6228
f 6150 6227 6158
f 6167 6231 6172
f 6176 6234 6237
f 6177 6239 6241
f 6179 6242 6181
f 6170 6230 6246
f 6171 6247 6249
f 6174 6252 6256
f 6175 6257 6232
f 6182 6244 6204
f 6184 6205 6196
f 6194 6261 6267
f 6201 6238 6236
f 6200 6235 6210
f 6202 6243 6240
f 6208 6233 6259
f 6207 6258 6217
f 6215 6255 6275
f 6213 6274 6265
f 6212 6264 6221
f 6220 6263 6225
f 6250 6269 6272
f 6251 6273 6254
f 6262 6271 6268
f 6278 6283 6287
f 6279 6288 6291
f 6277 6290 6309
f 6277 6309 6338
f 6277 6338 6391
f 6277 6391 6403
f 6277 6403 6347
f 6277 6347 6312
f 6277 6312 6293
f 6276 6292 6318
f 6276 6318 6342
f 6276 6342 6400
f 6276 6400 6465
f 6276 6465 6480
f 6276 6480 6436
f 6276 6436 6364
f 6276 6364 6321
f 6276 6321 6295
f 6276 6295 6280
f 6281 6299 6302
f 6282 6303 6286
f 6285 6301 6307
f 6284 6304 6325
f 6284 6325 6373
f 6284 6373 6452
f 6284 6452 6455
f 6284 6455 6379
f 6284 6379 6330
f 6284 6330 6308
f 6284 6308 6289
f 6294 6317 6320
f 6296 6324 6328
f 6297 6329 6305
f 6298 6306 6300
f 6310 6332 6336
f 6311 6337 6340
f 6316 6346 6319
f 6315 6348 6356
f 6314 6355 6363
f 6313 6361 6345
f 6322 6368 6370
f 6323 6372 6327
f 6326 6371 6378
f 6331 6385 6334
f 6335 6388 6339
f 6333 6384 6387
f 6341 6390 6393
f 6344 6360 6399
f 6343 6398 6402
f 6352 6404 6410
f 6351 6407 6415
f 6350 6413 6419
f 6349 6418 6357
f 6353 6417 6428
f 6354 6429 6362
f 6358 6425 6434
f 6359 6435 6397
f 6366 6437 6443
f 6365 6440 6374
f 6367 6377 6369
f 6375 6441 6445
f 6376 6447 6453
f 6380 6458 6463
f 6381 6464 6421
f 6382 6422 6408
f 6383 6409 6386
f 6389 6411 6392
f 6394 6412 6405
f 6396 6468 6401
f 6395 6433 6467
f 6406 6420 6414
f 6416 6462 6427
f 6423 6474 6431
f 6426 6461 6479
f 6424 6478 6475
f 6430 6472 6482
f 6432 6483 6466
f 6439 6481 6471
f 6438 6470 6444
f 6442 6469 6446
f 6448 6473 6476
f 6449 6477 6459
f 6451 6460 6457
f 6450 6456 6454
f 6486 6491 6495
f 6485 6493 6511
f 6485 6511 6540
f 6485 6540 6592
f 6485 6592 6655
f 6485 6655 6659
f 6485 6659 6615
f 6485 6615 6551
f 6485 6551 6514
f 6485 6514 6497
f 6484 6496 6518
f 6484 6518 6544
f 6484 6544 6612
f 6484 6612 6676
f 6484 6676 6618
f 6484 6618 6555
f 6484 6555 6521
f 6484 6521 6499
f 6484 6499 6487
f 6488 6501 6505
f 6489 6506 6508
f 6490 6509 6494
f 6492 6507 6502
f 6492 6502 6526
f 6492 6526 6573
f 6492 6573 6645
f 6492 6645 6576
f 6492 6576 6531
f 6492 6531 6510
f 6498 6517 6520
f 6500 6525 6504
f 6503 6524 6530
f 6512 6534 6538
f 6513 6539 6542
f 6516 6550 6519
f 6515 6553 6549
f 6522 6560 6563
f 6523 6564 6529
f 6528 6562 6572
f 6527 6567 6574
f 6532 6579 6584
f 6533 6585 6536
f 6537 6589 6541
f 6535 6583 6588
f 6543 6591 6594
f 6548 6552 6597
f 6547 6596 6606
f 6546 6605 6611
f 6545 6610 6614
f 6554 6617 6602
f 6559 6619 6622
f 6558 6621 6629
f 6557 6628 6566
f 6556 6565 6561
f 6571 6630 6634
f 6570 6633 6641
f 6569 6640 6647
f 6568 6646 6575
f 6577 6648 6642
f 6578 6644 6581
f 6580 6643 6636
f 6582 6639 6587
f 6590 6652 6593
f 6586 6638 6651
f 6595 6654 6657
f 6601 6616 6661
f 6600 6660 6667
f 6599 6663 6674
f 6598 6673 6607
f 6603 6672 6680
f 6604 6681 6608
f 6609 6682 6613
f 6620 6677 6623
f 6624 6678 6683
f 6626 6684 6669
f 6627 6670 6688
f 6625 6686 6631
f 6632 6687 6635
f 6637 6691 6650
f 6653 6666 6656
f 6649 6690 6665
f 6658 6668 6662
f 6664 6689 6675
f 6671 6685 6679
f 6692 6698 6715
f 6692 6715 6749
f 6692 6749 6798
f 6692 6798 6821
f 6692 6821 6844
f 6692 6844 6779
f 6692 6779 6739
f 6693 6740 6736
f 6692 6735 6732
f 6692 6732 6725
f 6694 6726 6701
f 6696 6703 6710
f 6697 6711 6714
f 6695 6713 6747
f 6695 6747 6795
f 6695 6795 6889
f 6695 6889 6968
f 6695 6968 7017
f 6695 7017 7052
f 6695 7052 7021
f 6695 7021 7002
f 6695 7002 6920
f 6695 6920 6825
f 6695 6825 6765
f 6695 6765 6720
f 6695 6720 6699
f 6700 6721 6716
f 6702 6728 6709
f 6704 6729 6775
f 6704 6775 6841
f 6704 6841 6865
f 6704 6865 6947
f 6704 6947 6870
f 6704 6870 6791
f 6704 6791 6746
f 6704 6746 6712
f 6708 6727 6734
f 6707 6733 6738
f 6706 6737 6745
f 6705 6744 6731
f 6717 6722 6752
f 6719 6753 6762
f 6718 6761 6751
f 6724 6766 6769
f 6723 6768 6754
f 6730 6743 6777
f 6741 6780 6783
f 6742 6784 6776
f 6748 6792 6883
f 6748 6883 6797
f 6750 6759 6800
f 6756 6771 6803
f 6755 6802 6764
f 6763 6801 6810
f 6760 6809 6820
f 6758 6819 6824
f 6757 6823 6799
f 6767 6826 6770
f 6772 6827 6829
f 6774 6830 6836
f 6773 6835 6805
f 6778 6787 6842
f 6782 6845 6851
f 6781 6848 6785
f 6790 6857 6861
f 6789 6860 6867
f 6788 6866 6843
f 6786 6849 6854
f 6794 6872 6881
f 6793 6880 6888
f 6796 6882 6890
f 6804 6834 6811
f 6807 6897 6817
f 6812 6838 6898
f 6813 6900 6902
f 6814 6903 6911
f 6808 6909 6919
f 6806 6917 6896
f 6816 6853 6846
f 6818 6847 6822
f 6815 6895 6852
f 6828 6921 6831
f 6832 6922 6925
f 6833 6927 6837
f 6839 6928 6931
f 6840 6933 6899
f 6850 6892 6855
f 6859 6938 6943
f 6858 6942 6862
f 6856 6893 6936
f 6863 6945 6873
f 6864 6874 6868
f 6869 6875 6948
f 6871 6949 6876
f 6877 6946 6953
f 6878 6954 6956
f 6879 6962 6887
f 6886 6961 6967
f 6885 6963 6970
f 6884 6969 6891
f 6894 6915 6937
f 6901 6934 6905
f 6906 6935 6973
f 6907 6974 6979
f 6904 6978 6912
f 6913 6980 6983
f 6914 6984 6991
f 6910 6990 7001
f 6908 7000 6918
f 6916 6997 6939
f 6923 7003 6929
f 6924 6930 6926
f 6932 7004 6972
f 6941 6998 6951
f 6940 6950 6944
f 6952 6999 6989
f 6955 6994 6957
f 6958 6995 7006
f 6959 7010 7015
f 6960 7016 6966
f 6965 7011 7019
f 6964 7018 6971
f 6975 7005 7022
f 6976 7023 7026
f 6977 7028 6981
f 6982 7029 6985
f 6987 7030 7034
f 6988 7035 7039
f 6986 7037 6992
f 6996 7045 7007
f 6993 7038 7042
f 7008 7046 7050
f 7009 7051 7014
f 7013 7049 7057
f 7012 7056 7020
f 7024 7053 7031
f 7025 7032 7027
f 7036 7060 7040
f 7033 7054 7058
f 7041 7061 7043
f 7044 7062 7048
f 7047 7059 7055
f 7065 7069 7071
f 7066 7072 7078
f 7063 7077 7100
f 7063 7100 7096
f 7063 7096 7137
f 7063 7137 7191
f 7063 7191 7270
f 7063 7270 7266
f 7063 7266 7377
f 7063 7377 7374
f 7063 7374 7370
f 7063 7370 7478
f 7063 7478 7474
f 7063 7474 7525
f 7063 7525 7522
f 7063 7522 7528
f 7063 7528 7548
f 7063 7548 7545
f 7063 7545 7511
f 7063 7511 7507
f 7063 7507 7542
f 7063 7542 7538
f 7063 7538 7535
f 7063 7535 7532
f 7063 7532 7481
f 7063 7481 7396
f 7063 7396 7393
f 7063 7393 7390
f 7063 7390 7386
f 7063 7386 7383
f 7063 7383 7284
f 7063 7284 7273
f 7063 7273 7195
f 7063 7195 7142
f 7063 7142 7105
f 7063 7105 7080
f 7064 7083 7114
f 7064 7114 7154
f 7064 7154 7156
f 7064 7156 7115
f 7064 7115 7084
f 7064 7084 7067
f 7068 7085 7070
f 7075 7092 7097
f 7076 7098 7102
f 7074 7101 7079
f 7073 7087 7091
f 7081 7106 7109
f 7082 7110 7113
f 7086 7118 7122
f 7089 7124 7126
f 7090 7128 7133
f 7088 7130 7094
f 7093 7138 7099
f 7095 7131 7139
f 7104 7141 7211
f 7103 7210 7280
f 7103 7280 7380
f 7103 7380 7316
f 7103 7316 7321
f 7103 7321 7214
f 7103 7214 7145
f 7103 7145 7107
f 7108 7148 7112
f 7111 7147 7153
f 7116 7158 7160
f 7117 7163 7121
f 7119 7162 7168
f 7120 7169 7171
f 7123 7174 7176
f 7125 7178 7127
f 7129 7179 7134
f 7135 7180 7184
f 7136 7185 7193
f 7132 7192 7140
f 7144 7196 7208
f 7143 7207 7213
f 7149 7215 7223
f 7146 7221 7151
f 7152 7228 7155
f 7150 7220 7227
f 7157 7229 7164
f 7159 7167 7161
f 7165 7230 7233
f 7166 7234 7237
f 7170 7238 7172
f 7173 7239 7243
f 7175 7244 7177
f 7181 7246 7249
f 7183 7250 7255
f 7182 7254 7186
f 7188 7257 7259
f 7190 7260 7268
f 7189 7267 7272
f 7187 7271 7194
f 7197 7275 7209
f 7203 7279 7282
f 7206 7283 7212
f 7205 7274 7287
f 7204 7286 7292
f 7202 7288 7301
f 7199 7298 7308
f 7198 7307 7313
f 7200 7315 7318
f 7201 7319 7276
f 7218 7322 7328
f 7217 7326 7334
f 7216 7331 7225
f 7224 7330 7338
f 7222 7337 7232
f 7219 7231 7226
f 7236 7339 7342
f 7235 7341 7240
f 7242 7343 7350
f 7241 7349 7245
f 7247 7352 7354
f 7248 7356 7252
f 7253 7357 7363
f 7251 7361 7256
f 7258 7362 7262
f 7265 7364 7372
f 7264 7371 7376
f 7263 7375 7379
f 7261 7378 7269
f 7278 7382 7281
f 7277 7320 7381
f 7285 7385 7291
f 7290 7384 7389
f 7289 7387 7303
f 7304 7388 7391
f 7305 7392 7395
f 7302 7394 7400
f 7300 7399 7403
f 7299 7401 7410
f 7294 7407 7416
f 7293 7415 7421
f 7295 7423 7426
f 7296 7427 7311
f 7297 7312 7306
f 7314 7325 7317
f 7310 7424 7433
f 7309 7432 7324
f 7323 7431 7329
f 7327 7429 7336
f 7335 7428 7436
f 7333 7435 7345
f 7332 7344 7340
f 7346 7440 7351
f 7347 7437 7446
f 7348 7447 7442
f 7353 7441 7355
f 7360 7443 7454
f 7359 7453 7463
f 7358 7462 7366
f 7368 7464 7467
f 7369 7468 7476
f 7367 7475 7480
f 7365 7479 7373
f 7398 7484 7413
f 7397 7412 7402
f 7411 7482 7488
f 7409 7485 7495
f 7408 7494 7502
f 7404 7500 7451
f 7405 7452 7419
f 7406 7420 7414
f 7418 7448 7439
f 7417 7438 7430
f 7422 7434 7425
f 7444 7449 7503
f 7445 7504 7455
f 7450 7499 7506
f 7461 7492 7509
f 7460 7508 7514
f 7459 7512 7519
f 7456 7515 7465
f 7457 7505 7498
f 7458 7501 7491
f 7466 7516 7469
f 7471 7523 7527
f 7470 7526 7477
f 7472 7517 7529
f 7473 7530 7524
f 7483 7533 7489
f 7490 7534 7537
f 7487 7536 7541
f 7486 7539 7496
f 7497 7540 7544
f 7493 7543 7510
f 7513 7546 7520
f 7518 7549 7531
f 7521 7547 7550
f 7552 7559 7561
f 7553 7562 7576
f 7554 7577 7612
f 7553 7611 7670
f 7553 7670 7619
f 7553 7619 7585
f 7553 7585 7564
f 7551 7563 7581
f 7551 7581 7613
f 7551 7613 7674
f 7551 7674 7746
f 7551 7746 7801
f 7551 7801 7837
f 7551 7837 7833
f 7551 7833 7844
f 7551 7844 7818
f 7551 7818 7764
f 7551 7764 7697
f 7551 7697 7633
f 7551 7633 7630
f 7551 7630 7627
f 7551 7627 7624
f 7551 7624 7591
f 7551 7591 7578
f 7551 7578 7555
f 7557 7571 7573
f 7558 7575 7560
f 7556 7580 7570
f 7565 7586 7588
f 7566 7589 7582
f 7569 7579 7594
f 7568 7593 7606
f 7567 7604 7609
f 7572 7610 7574
f 7583 7590 7623
f 7583 7623 7696
f 7583 7696 7739
f 7583 7739 7673
f 7583 7673 7615
f 7584 7616 7679
f 7584 7679 7732
f 7584 7732 7728
f 7584 7728 7725
f 7584 7725 7721
f 7584 7721 7718
f 7584 7718 7714
f 7584 7714 7790
f 7584 7790 7841
f 7584 7841 7829
f 7584 7829 7824
f 7584 7824 7847
f 7584 7847 7807
f 7584 7807 7804
f 7584 7804 7753
f 7584 7753 7750
f 7584 7750 7683
f 7584 7683 7620
f 7584 7620 7587
f 7592 7626 7605
f 7602 7625 7629
f 7601 7628 7632
f 7600 7631 7636
f 7599 7635 7641
f 7597 7639 7649
f 7595 7648 7652
f 7596 7655 7657
f 7598 7661 7663
f 7603 7667 7608
f 7607 7666 7669
f 7614 7671 7675
f 7618 7668 7665
f 7617 7664 7682
f 7622 7684 7687
f 7621 7686 7694
f 7634 7700 7640
f 7638 7699 7708
f 7637 7706 7645
f 7642 7712 7716
f 7643 7717 7719
f 7646 7720 7722
f 7647 7723 7650
f 7644 7705 7713
f 7651 7724 7726
f 7653 7727 7729
f 7654 7730 7656
f 7658 7731 7733
f 7659 7734 7680
f 7660 7681 7662
f 7672 7736 7676
f 7677 7737 7740
f 7678 7742 7747
f 7685 7751 7689
f 7690 7752 7754
f 7692 7755 7757
f 7693 7759 7743
f 7691 7741 7738
f 7688 7735 7695
f 7698 7767 7707
f 7701 7776 7780
f 7703 7783 7710
f 7704 7765 7787
f 7702 7785 7777
f 7711 7793 7715
f 7709 7782 7792
f 7745 7761 7795
f 7744 7794 7748
f 7749 7796 7802
f 7756 7805 7758
f 7760 7806 7808
f 7762 7809 7811
f 7763 7813 7798
f 7766 7820 7789
f 7768 7816 7822
f 7769 7823 7827
f 7771 7828 7830
f 7772 7831 7778
f 7775 7784 7835
f 7774 7834 7840
f 7773 7839 7800
f 7770 7799 7817
f 7779 7832 7842
f 7781 7843 7791
f 7788 7819 7846
f 7786 7845 7836
f 7797 7838 7803
f 7810 7848 7812
f 7814 7849 7825
f 7815 7826 7821
f 7850 7854 7875
f 7850 7875 7878
f 7850 7878 7857
f 7853 7859 7883
f 7853 7883 7889
f 7853 7889 7904
f 7853 7904 7901
f 7853 7901 7898
f 7853 7898 7895
f 7853 7895 7886
f 7853 7886 7864
f 7852 7862 7868
f 7851 7867 7856
f 7855 7866 7891
f 7855 7891 7917
f 7855 7917 7936
f 7855 7936 7973
f 7855 7973 8001
f 7855 8001 8021
f 7855 8021 7977
f 7855 7977 7955
f 7855 7955 7952
f 7855 7952 7924
f 7855 7924 7905
f 7855 7905 7876
f 7858 7879 7908
f 7858 7908 7928
f 7858 7928 7962
f 7860 7963 7994
f 7858 7993 7988
f 7858 7988 8018
f 7858 8018 8015
f 7858 8015 8012
f 7858 8012 8007
f 7858 8007 8027
f 7858 8027 8024
f 7858 8024 7997
f 7858 7997 7969
f 7858 7969 7966
f 7858 7966 7948
f 7858 7948 7945
f 7858 7945 7941
f 7861 7942 7933
f 7861 7933 7914
f 7858 7913 7882
f 7863 7884 7869
f 7865 7887 7881
f 7865 7881 7912
f 7865 7912 7890
f 7870 7885 7893
f 7871 7894 7896
f 7872 7897 7899
f 7873 7900 7902
f 7874 7903 7888
f 7877 7907 7911
f 7877 7911 7880
f 7892 7915 7918
f 7906 7927 7910
f 7909 7926 7932
f 7916 7934 7919
f 7920 7935 7943
f 7921 7944 7946
f 7922 7947 7949
f 7923 7950 7937
f 7925 7954 7931
f 7930 7953 7961
f 7929 7960 7965
f 7938 7951 7967
f 7939 7968 7970
f 7940 7971 7974
f 7956 7984 7986
f 7957 7987 7991
f 7958 7992 7995
f 7959 7996 7964
f 7972 7998 7975
f 7976 7999 8002
f 7979 8011 8013
f 7980 8014 8016
f 7981 8017 8019
f 7982 8020 7989
f 7983 7990 7985
f 7978 8023 8010
f 8000 8025 8003
f 8004 8026 8028
f 8005 8029 8008
f 8006 8009 8022
f 8031 8034 8050
f 8031 8050 8078
f 8031 8078 8148
f 8031 8148 8250
f 8031 8250 8152
f 8031 8152 8086
f 8031 8086 8055
f 8031 8055 8040
f 8030 8037 8066
f 8030 8066 8113
f 8030 8113 8109
f 8030 8109 8201
f 8030 8201 8198
f 8030 8198 8194
f 8030 8194 8278
f 8030 8278 8282
f 8030 8282 8205
f 8030 8205 8121
f 8030 8121 8069
f 8030 8069 8041
f 8033 8042 8048
f 8032 8047 8036
f 8035 8046 8052
f 8039 8054 8065
f 8038 8064 8068
f 8043 8071 8127
f 8043 8127 8215
f 8043 8215 8219
f 8043 8219 8131
f 8043 8131 8076
f 8043 8076 8049
f 8044 8075 8080
f 8045 8081 8051
f 8053 8083 8063
f 8058 8087 8097
f 8057 8096 8108
f 8056 8107 8111
f 8059 8112 8114
f 8060 8115 8067
f 8062 8082 8118
f 8061 8116 8090
f 8070 8123 8125
f 8074 8128 8135
f 8072 8134 8142
f 8073 8143 8079
f 8077 8139 8144
f 8085 8150 8158
f 8084 8156 8119
f 8088 8162 8098
f 8091 8117 8155
f 8089 8154 8164
f 8095 8160 8168
f 8094 8166 8174
f 8093 8172 8178
f 8092 8177 8105
f 8103 8179 8187
f 8099 8186 8192
f 8100 8193 8196
f 8101 8197 8199
f 8102 8200 8202
f 8106 8203 8110
f 8104 8175 8182
f 8120 8204 8287
f 8120 8287 8208
f 8122 8209 8124
f 8126 8211 8213
f 8130 8216 8223
f 8129 8222 8136
f 8132 8220 8292
f 8132 8292 8225
f 8133 8226 8137
f 8138 8227 8229
f 8141 8231 8236
f 8140 8235 8145
f 8147 8243 8245
f 8146 8237 8242
f 8151 8249 8256
f 8149 8255 8157
f 8153 8254 8163
f 8161 8253 8263
f 8159 8262 8167
f 8165 8261 8173
f 8169 8259 8269
f 8170 8270 8181
f 8171 8183 8176
f 8180 8268 8188
f 8185 8267 8277
f 8184 8275 8191
f 8189 8274 8280
f 8190 8281 8195
f 8206 8283 8288
f 8210 8224 8217
f 8212 8218 8214
f 8207 8286 8293
f 8207 8293 8221
f 8228 8294 8230
f 8232 8295 8297
f 8233 8300 8303
f 8234 8304 8240
f 8239 8309 8247
f 8238 8246 8244
f 8241 8305 8310
f 8248 8312 8251
f 8252 8313 8260
f 8257 8307 8265
f 8258 8311 8308
f 8264 8306 8301
f 8266 8302 8276
f 8272 8299 8291
f 8271 8290 8284
f 8273 8285 8279
f 8289 8298 8296
f 8315 8320 8322
f 8316 8323 8330
f 8314 8329 8360
f 8314 8360 8353
f 8314 8353 8421
f 8314 8421 8509
f 8314 8509 8424
f 8314 8424 8363
f 8314 8363 8332
f 8314 8332 8317
f 8318 8333 8378
f 8318 8378 8453
f 8318 8453 8527
f 8318 8527 8610
f 8318 8610 8638
f 8318 8638 8688
f 8318 8688 8685
f 8318 8685 8680
f 8318 8680 8645
f 8318 8645 8642
f 8318 8642 8558
f 8318 8558 8555
f 8318 8555 8585
f 8318 8585 8582
f 8318 8582 8551
f 8318 8551 8456
f 8318 8456 8382
f 8319 8383 8338
f 8318 8337 8321
f 8328 8339 8346
f 8327 8345 8352
f 8326 8351 8359
f 8325 8354 8362
f 8324 8361 8331
f 8334 8366 8369
f 8335 8370 8375
f 8336 8376 8379
f 8340 8384 8347
f 8344 8387 8396
f 8343 8395 8402
f 8342 8401 8408
f 8341 8407 8350
f 8348 8385 8390
f 8349 8406 8358
f 8357 8405 8412
f 8356 8410 8420
f 8355 8419 8423
f 8364 8428 8432
f 8365 8433 8367
f 8368 8434 8371
f 8377 8439 8380
f 8372 8435 8446
f 8373 8447 8450
f 8374 8451 8436
f 8381 8440 8454
f 8386 8457 8391
f 8392 8458 8461
f 8389 8460 8473
f 8388 8471 8397
f 8393 8465 8482
f 8394 8483 8400
f 8398 8480 8488
f 8399 8490 8404
f 8403 8489 8411
f 8409 8486 8418
f 8417 8484 8494
f 8413 8492 8497
f 8416 8499 8504
f 8415 8503 8511
f 8414 8510 8422
f 8425 8512 8507
f 8426 8508 8514
f 8427 8516 8431
f 8430 8523 8444
f 8429 8515 8522
f 8442 8525 8529
f 8441 8528 8455
f 8437 8452 8539
f 8438 8541 8524
f 8443 8521 8547
f 8445 8550 8449
f 8448 8549 8533
f 8459 8553 8463
f 8462 8552 8474
f 8470 8556 8561
f 8469 8560 8567
f 8468 8566 8571
f 8467 8570 8575
f 8466 8574 8581
f 8464 8579 8481
f 8476 8554 8584
f 8475 8583 8587
f 8472 8586 8557
f 8479 8577 8593
f 8478 8591 8597
f 8477 8596 8487
f 8485 8594 8495
f 8496 8595 8590
f 8491 8589 8599
f 8493 8601 8498
f 8502 8602 8607
f 8501 8606 8518
f 8500 8517 8505
f 8506 8520 8513
f 8519 8608 8544
f 8526 8542 8530
f 8531 8543 8612
f 8532 8548 8616
f 8534 8618 8621
f 8535 8622 8625
f 8536 8626 8632
f 8537 8633 8635
f 8538 8637 8640
f 8540 8641 8611
f 8545 8609 8603
f 8546 8605 8614
f 8559 8644 8565
f 8564 8643 8650
f 8563 8649 8654
f 8562 8653 8657
f 8562 8657 8568
f 8569 8659 8573
f 8572 8658 8580
f 8578 8656 8665
f 8576 8663 8592
f 8588 8660 8598
f 8604 8668 8613
f 8600 8661 8666
f 8615 8670 8672
f 8617 8674 8619
f 8620 8675 8624
f 8623 8673 8678
f 8623 8678 8627
f 8628 8679 8683
f 8629 8684 8686
f 8630 8687 8689
f 8631 8690 8634
f 8636 8691 8639
f 8648 8695 8652
f 8647 8681 8698
f 8646 8697 8693
f 8651 8694 8664
f 8651 8664 8655
f 8662 8692 8696
f 8662 8696 8667
f 8669 8699 8676
f 8669 8676 8671
f 8677 8700 8682
f 8703 8706 8726
f 8703 8726 8758
f 8703 8758 8751
f 8703 8751 8748
f 8703 8748 8745
f 8703 8745 8742
f 8703 8742 8739
f 8703 8739 8736
f 8703 8736 8729
f 8703 8729 8709
f 8702 8707 8712
f 8701 8710 8730
f 8701 8730 8768
f 8701 8768 8793
f 8701 8793 8781
f 8701 8781 8759
f 8701 8759 8721
f 8701 8721 8704
f 8705 8722 8763
f 8705 8763 8725
f 8708 8728 8720
f 8719 8727 8735
f 8718 8734 8738
f 8717 8737 8741
f 8716 8740 8744
f 8715 8743 8747
f 8714 8746 8750
f 8713 8749 8757
f 8711 8756 8733
f 8723 8761 8789
f 8723 8789 8812
f 8723 8812 8792
f 8723 8792 8764
f 8724 8762 8790
f 8724 8790 8805
f 8724 8805 8802
f 8724 8802 8799
f 8724 8799 8796
f 8724 8796 8778
f 8724 8778 8752
f 8731 8766 8775
f 8732 8755 8767
f 8753 8780 8773
f 8754 8774 8765
f 8760 8783 8787
f 8772 8779 8798
f 8771 8797 8801
f 8770 8800 8804
f 8769 8803 8806
f 8776 8807 8784
f 8777 8785 8794
f 8782 8795 8786
f 8788 8808 8810
f 8791 8811 8809
f 8814 8821 8824
f 8815 8826 8830
f 8816 8832 8834
f 8817 8835 8865
f 8817 8865 8907
f 8817 8907 8952
f 8817 8952 9010
f 8817 9010 8954
f 8817 8954 8908
f 8817 8908 8866
f 8817 8866 8837
f 8813 8836 8874
f 8813 8874 8916
f 8813 8916 8971
f 8813 8971 9023
f 8813 9023 9050
f 8813 9050 9045
f 8813 9045 9042
f 8813 9042 9039
f 8813 9039 8991
f 8813 8991 8988
f 8813 8988 8985
f 8813 8985 8982
f 8813 8982 8931
f 8813 8931 8919
f 8813 8919 8877
f 8813 8877 8840
f 8813 8840 8818
f 8819 8842 8849
f 8820 8850 8823
f 8822 8847 8854
f 8825 8856 8829
f 8827 8855 8860
f 8828 8861 8863
f 8831 8864 8833
f 8838 8869 8871
f 8839 8872 8875
f 8841 8880 8848
f 8845 8883 8892
f 8843 8890 8896
f 8844 8897 8852
f 8846 8879 8886
f 8853 8902 8857
f 8851 8895 8900
f 8858 8903 8905
f 8859 8906 8862
f 8867 8910 8913
f 8868 8914 8870
f 8873 8915 8964
f 8873 8964 9016
f 8873 9016 8970
f 8873 8970 8918
f 8873 8918 8876
f 8878 8921 8885
f 8881 8929 8891
f 8884 8920 8934
f 8882 8933 8930
f 8887 8937 8946
f 8888 8947 8893
f 8889 8925 8939
f 8894 8948 8899
f 8901 8951 8904
f 8898 8944 8950
f 8909 8957 8912
f 8911 8956 8963
f 8917 8965 8972
f 8922 8979 8938
f 8928 8932 8984
f 8927 8983 8987
f 8926 8986 8990
f 8924 8989 8994
f 8923 8993 8981
f 8936 9000 8945
f 8935 8975 8999
f 8943 8996 9004
f 8942 9002 9009
f 8941 9006 8960
f 8940 8958 8949
f 8953 8961 9011
f 8955 9012 8962
f 8959 9005 9013
f 8969 9018 9025
f 8966 9024 8973
f 8967 9015 9029
f 8968 9030 9017
f 8974 9037 8998
f 8980 8992 9041
f 8978 9040 9044
f 8977 9043 9049
f 8976 9048 9038
f 8997 9034 9032
f 8995 9031 9003
f 9001 9028 9008
f 9007 9027 9014
f 9021 9046 9052
f 9019 9051 9026
f 9020 9033 9035
f 9022 9036 9047
f 9056 9061 9064
f 9054 9062 9091
f 9055 9092 9134
f 9054 9133 9130
f 9054 9130 9146
f 9054 9146 9194
f 9054 9194 9190
f 9054 9190 9259
f 9054 9259 9255
f 9054 9255 9306
f 9054 9306 9303
f 9054 9303 9262
f 9054 9262 9197
f 9054 9197 9151
f 9054 9151 9096
f 9054 9096 9067
f 9053 9066 9109
f 9053 9109 9157
f 9053 9157 9227
f 9053 9227 9164
f 9053 9164 9127
f 9053 9127 9072
f 9053 9072 9057
f 9058 9077 9080
f 9059 9081 9086
f 9060 9087 9063
f 9065 9088 9093
f 9071 9097 9100
f 9070 9099 9103
f 9069 9102 9108
f 9068 9107 9111
f 9074 9116 9119
f 9075 9120 9123
f 9076 9126 9079
f 9073 9129 9115
f 9083 9131 9137
f 9082 9136 9090
f 9078 9125 9140
f 9085 9143 9148
f 9084 9147 9132
f 9089 9135 9094
f 9095 9150 9208
f 9095 9208 9266
f 9095 9266 9309
f 9095 9309 9329
f 9095 9329 9320
f 9095 9320 9280
f 9095 9280 9211
f 9095 9211 9154
f 9095 9154 9104
f 9095 9104 9101
f 9095 9101 9098
f 9105 9156 9161
f 9106 9162 9110
f 9114 9128 9167
f 9113 9166 9175
f 9112 9174 9118
f 9122 9180 9139
f 9121 9138 9124
f 9117 9173 9179
f 9142 9187 9191
f 9145 9193 9196
f 9144 9195 9149
f 9141 9181 9183
f 9153 9199 9207
f 9152 9205 9210
f 9155 9214 9160
f 9159 9213 9218
f 9158 9217 9220
f 9163 9222 9228
f 9165 9230 9171
f 9168 9229 9225
f 9169 9226 9232
f 9170 9233 9237
f 9172 9239 9178
f 9176 9238 9235
f 9177 9236 9242
f 9182 9243 9184
f 9186 9252 9256
f 9189 9258 9261
f 9188 9260 9192
f 9185 9244 9246
f 9198 9265 9206
f 9202 9269 9209
f 9204 9263 9250
f 9203 9249 9274
f 9200 9273 9278
f 9201 9279 9268
f 9215 9281 9287
f 9212 9284 9216
f 9219 9285 9221
f 9223 9286 9291
f 9224 9292 9231
f 9234 9294 9240
f 9241 9295 9298
f 9245 9300 9247
f 9251 9264 9304
f 9254 9305 9308
f 9253 9307 9257
f 9248 9301 9270
f 9267 9277 9312
f 9271 9302 9316
f 9272 9317 9275
f 9276 9319 9311
f 9283 9321 9326
f 9282 9324 9288
f 9290 9325 9297
f 9289 9296 9293
f 9299 9327 9313
f 9310 9318 9331
f 9314 9328 9322
f 9315 9323 9330
f 9335 9343 9350
f 9334 9344 9354
f 9333 9351 9357
f 9332 9356 9413
f 9332 9413 9365
f 9332 9365 9336
f 9342 9364 9349
f 9337 9366 9416
f 9337 9416 9518
f 9337 9518 9597
f 9337 9597 9614
f 9337 9614 9634
f 9337 9634 9655
f 9337 9655 9682
f 9337 9682 9696
f 9337 9696 9714
f 9337 9714 9702
f 9337 9702 9685
f 9337 9685 9666
f 9337 9666 9663
f 9337 9663 9660
f 9337 9660 9641
f 9337 9641 9638
f 9337 9638 9621
f 9337 9621 9618
f 9337 9618 9601
f 9337 9601 9534
f 9337 9534 9441
f 9337 9441 9438
f 9337 9438 9433
f 9337 9433 9531
f 9337 9531 9588
f 9337 9588 9584
f 9337 9584 9580
f 9337 9580 9576
f 9337 9576 9571
f 9337 9571 9568
f 9337 9568 9563
f 9337 9563 9560
f 9337 9560 9556
f 9338 9557 9551
f 9340 9552 9547
f 9337 9546 9542
f 9337 9542 9526
f 9340 9527 9523
f 9337 9522 9419
f 9341 9420 9369
f 9339 9368 9362
f 9348 9363 9373
f 9347 9372 9377
f 9346 9374 9380
f 9345 9379 9355
f 9352 9378 9445
f 9352 9445 9538
f 9352 9538 9605
f 9352 9605 9625
f 9352 9625 9645
f 9352 9645 9671
f 9352 9671 9688
f 9352 9688 9705
f 9352 9705 9718
f 9352 9718 9709
f 9352 9709 9693
f 9352 9693 9677
f 9352 9677 9674
f 9352 9674 9651
f 9352 9651 9630
f 9352 9630 9610
f 9352 9610 9593
f 9352 9593 9515
f 9352 9515 9400
f 9353 9401 9359
f 9361 9402 9406
f 9360 9405 9410
f 9358 9408 9414
f 9367 9415 9409
f 9367 9409 9417
f 9370 9422 9428
f 9371 9429 9376
f 9375 9423 9381
f 9398 9430 9435
f 9397 9434 9440
f 9396 9439 9444
f 9395 9443 9448
f 9383 9424 9450
f 9382 9449 9454
f 9384 9455 9459
f 9385 9460 9464
f 9386 9465 9471
f 9387 9472 9475
f 9388 9476 9481
f 9389 9482 9485
f 9390 9486 9490
f 9391 9491 9495
f 9392 9496 9500
f 9393 9501 9505
f 9394 9506 9509
f 9399 9510 9431
f 9404 9517 9521
f 9404 9521 9418
f 9404 9418 9412
f 9403 9411 9407
f 9421 9525 9427
f 9426 9524 9530
f 9425 9529 9453
f 9432 9511 9436
f 9437 9512 9532
f 9442 9537 9447
f 9446 9536 9541
f 9452 9528 9545
f 9451 9544 9458
f 9457 9543 9550
f 9456 9549 9463
f 9462 9548 9555
f 9461 9554 9470
f 9469 9553 9559
f 9468 9558 9562
f 9467 9561 9567
f 9466 9566 9474
f 9473 9565 9480
f 9479 9564 9570
f 9478 9569 9575
f 9477 9574 9484
f 9483 9573 9489
f 9488 9572 9579
f 9487 9578 9494
f 9493 9577 9583
f 9492 9582 9499
f 9498 9581 9587
f 9497 9586 9504
f 9503 9585 9592
f 9502 9591 9508
f 9507 9590 9514
f 9513 9589 9533
f 9516 9596 9520
f 9519 9595 9600
f 9535 9604 9540
f 9539 9603 9609
f 9594 9613 9599
f 9598 9612 9617
f 9602 9620 9608
f 9607 9619 9624
f 9606 9623 9629
f 9611 9633 9616
f 9615 9632 9637
f 9622 9640 9628
f 9627 9639 9644
f 9626 9643 9650
f 9631 9654 9636
f 9635 9653 9659
f 9642 9662 9649
f 9648 9661 9665
f 9647 9664 9670
f 9646 9669 9673
f 9652 9676 9658
f 9657 9675 9681
f 9656 9680 9684
f 9667 9687 9691
f 9668 9692 9672
f 9678 9695 9699
f 9679 9700 9683
f 9686 9704 9690
f 9689 9703 9708
f 9694 9712 9698
f 9697 9711 9717
f 9701 9713 9706
f 9707 9715 9719
f 9710 9720 9716
f 9721 9725 9746
f 9721 9746 9802
f 9721 9802 9863
f 9721 9863 9891
f 9721 9891 9825
f 9721 9825 9759
f 9721 9759 9729
f 9722 9732 9737
f 9723 9738 9740
f 9724 9745 9728
f 9727 9744 9758
f 9726 9757 9749
f 9730 9760 9765
f 9731 9766 9733
f 9734 9767 9772
f 9735 9773 9776
f 9736 9778 9739
f 9741 9779 9783
f 9742 9784 9786
f 9743 9791 9756
f 9748 9752 9798
f 9747 9797 9804
f 9755 9790 9810
f 9754 9805 9815
f 9753 9814 9820
f 9750 9818 9822
f 9751 9823 9796
f 9762 9826 9833
f 9761 9832 9769
f 9768 9831 9838
f 9763 9836 9839
f 9764 9840 9770
f 9771 9842 9844
f 9775 9846 9781
f 9774 9780 9777
f 9785 9854 9787
f 9782 9848 9850
f 9788 9855 9857
f 9789 9862 9809
f 9795 9865 9803
f 9801 9824 9821
f 9794 9817 9887
f 9799 9890 9886
f 9792 9882 9934
f 9800 9937 9933
f 9792 9930 9964
f 9799 9968 10015
f 9793 10012 10009
f 9792 10008 9970
f 9792 9970 9895
f 9792 9895 9892
f 9792 9892 9864
f 9808 9861 9869
f 9807 9866 9880
f 9806 9879 9816
f 9811 9874 9884
f 9812 9885 9888
f 9813 9889 9819
f 9829 9893 9897
f 9828 9896 9900
f 9827 9899 9834
f 9830 9898 9894
f 9830 9894 9969
f 9830 9969 10005
f 9830 10005 10002
f 9830 10002 9998
f 9830 9998 9973
f 9830 9973 9901
f 9830 9901 9835
f 9837 9902 9841
f 9843 9903 9845
f 9847 9904 9906
f 9849 9907 9851
f 9856 9917 9858
f 9852 9912 9920
f 9853 9922 9913
f 9859 9918 9928
f 9860 9929 9868
f 9867 9927 9881
f 9870 9931 9935
f 9872 9936 9883
f 9878 9925 9939
f 9877 9938 9943
f 9876 9942 9951
f 9875 9948 9963
f 9873 9957 9967
f 9871 9966 9932
f 9905 9974 9908
f 9909 9975 9978
f 9910 9980 9982
f 9911 9985 9919
f 9914 9924 9945
f 9915 9946 9940
f 9916 9941 9926
f 9921 9987 9950
f 9923 9952 9944
f 9949 9986 9991
f 9947 9990 9962
f 9961 9988 9995
f 9960 9992 10000
f 9959 9999 10004
f 9958 10003 10007
f 9956 10006 9972
f 9954 9971 10011
f 9953 10010 10013
f 9955 10014 9965
f 9976 10001 9993
f 9977 9994 9979
f 9981 9996 9983
f 9984 9997 9989
f 10017 10035 10039
f 10034 10041 10045
f 10016 10044 10160
f 10016 10160 10272
f 10016 10272 10295
f 10016 10295 10317
f 10016 10317 10333
f 10016 10333 10348
f 10016 10348 10368
f 10016 10368 10387
f 10016 10387 10375
f 10016 10375 10353
f 10016 10353 10337
f 10016 10337 10321
f 10016 10321 10301
f 10016 10301 10298
f 10016 10298 10278
f 10016 10278 10165
f 10016 10165 10047
f 10018 10049 10051
f 10019 10052 10057
f 10019 10057 10060
f 10020 10061 10064
f 10021 10065 10070
f 10022 10071 10074
f 10022 10074 10078
f 10023 10079 10084
f 10024 10085 10090
f 10025 10091 10095
f 10026 10096 10101
f 10027 10102 10107
f 10028 10108 10112
f 10029 10113 10116
f 10030 10117 10122
f 10031 10123 10127
f 10033 10128 10134
f 10032 10133 10139
f 10017 10136 10035
f 10036 10142 10169
f 10036 10169 10281
f 10036 10281 10305
f 10036 10305 10326
f 10036 10326 10341
f 10036 10341 10358
f 10037 10359 10372
f 10036 10371 10379
f 10036 10379 10393
f 10036 10393 10383
f 10036 10383 10363
f 10036 10363 10345
f 10036 10345 10329
f 10036 10329 10312
f 10036 10312 10309
f 10036 10309 10285
f 10036 10285 10268
f 10036 10268 10156
f 10036 10156 10040
f 10038 10137 10153
f 10043 10157 10162
f 10042 10161 10046
f 10048 10166 10050
f 10055 10171 10174
f 10056 10178 10059
f 10053 10167 10180
f 10054 10181 10170
f 10058 10177 10063
f 10062 10176 10069
f 10068 10175 10185
f 10067 10184 10191
f 10066 10190 10073
f 10072 10189 10077
f 10076 10188 10195
f 10075 10194 10083
f 10081 10198 10204
f 10080 10203 10089
f 10082 10193 10199
f 10088 10202 10207
f 10087 10206 10212
f 10086 10211 10094
f 10093 10210 10216
f 10092 10215 10100
f 10099 10214 10219
f 10098 10218 10223
f 10097 10222 10106
f 10105 10221 10227
f 10104 10226 10233
f 10103 10232 10111
f 10110 10231 10240
f 10109 10239 10115
f 10114 10236 10121
f 10119 10243 10250
f 10118 10249 10126
f 10120 10234 10244
f 10125 10248 10255
f 10124 10254 10132
f 10131 10253 10259
f 10130 10258 10141
f 10129 10140 10135
f 10138 10257 10155
f 10154 10256 10252
f 10151 10251 10246
f 10152 10247 10242
f 10149 10241 10260
f 10150 10261 10265
f 10144 10264 10228
f 10148 10229 10225
f 10147 10224 10220
f 10147 10220 10217
f 10147 10217 10213
f 10147 10213 10209
f 10146 10208 10205
f 10146 10205 10201
f 10143 10200 10196
f 10146 10197 10192
f 10146 10192 10187
f 10142 10186 10182
f 10145 10183 10173
f 10142 10172 10169
f 10159 10269 10274
f 10158 10273 10163
f 10164 10277 10280
f 10164 10280 10168
f 10164 10168 10179
f 10230 10267 10238
f 10237 10266 10263
f 10235 10262 10245
f 10271 10286 10290
f 10270 10288 10275
f 10276 10289 10296
f 10279 10300 10284
f 10283 10299 10304
f 10282 10303 10308
f 10287 10310 10291
f 10293 10311 10313
f 10294 10314 10319
f 10292 10318 10297
f 10302 10325 10307
f 10306 10324 10328
f 10316 10330 10335
f 10315 10334 10320
f 10322 10340 10343
f 10323 10344 10327
f 10332 10346 10350
f 10331 10349 10336
f 10338 10357 10361
f 10339 10362 10342
f 10347 10364 10351
f 10352 10365 10369
f 10356 10374 10360
f 10354 10378 10381
f 10355 10382 10373
f 10367 10384 10389
f 10366 10388 10370
f 10376 10392 10396
f 10377 10397 10380
f 10386 10394 10399
f 10385 10398 10390
f 10391 10400 10395
f 10403 10407 10424
f 10403 10424 10457
f 10403 10457 10514
f 10403 10514 10604
f 10403 10604 10665
f 10403 10665 10609
f 10403 10609 10520
f 10403 10520 10462
f 10403 10462 10427
f 10404 10428 10411
f 10402 10409 10413
f 10401 10412 10434
f 10401 10434 10471
f 10401 10471 10541
f 10401 10541 10653
f 10401 10653 10562
f 10401 10562 10559
f 10401 10559 10482
f 10401 10482 10442
f 10401 10442 10416
f 10401 10416 10405
f 10406 10419 10421
f 10408 10426 10431
f 10410 10432 10414
f 10415 10433 10467
f 10415 10467 10533
f 10415 10533 10638
f 10415 10638 10642
f 10415 10642 10536
f 10415 10536 10468
f 10415 10468 10435
f 10420 10438 10422
f 10417 10444 10449
f 10418 10450 10437
f 10423 10441 10456
f 10425 10460 10430
f 10429 10459 10466
f 10436 10469 10472
f 10439 10453 10476
f 10440 10479 10454
f 10443 10485 10448
f 10445 10484 10493
f 10446 10494 10499
f 10447 10500 10502
f 10451 10505 10507
f 10452 10509 10475
f 10455 10480 10511
f 10461 10516 10525
f 10458 10522 10465
f 10464 10527 10532
f 10463 10521 10526
f 10470 10537 10473
f 10474 10538 10542
f 10477 10510 10549
f 10478 10551 10553
f 10481 10555 10512
f 10483 10561 10492
f 10488 10560 10565
f 10487 10564 10571
f 10486 10570 10573
f 10489 10575 10577
f 10490 10580 10582
f 10491 10584 10495
f 10496 10585 10589
f 10497 10591 10593
f 10498 10595 10597
f 10501 10599 10503
f 10504 10601 10547
f 10506 10548 10508
f 10513 10557 10602
f 10519 10605 10613
f 10518 10610 10617
f 10517 10616 10623
f 10515 10620 10524
f 10523 10619 10529
f 10531 10621 10629
f 10530 10628 10633
f 10528 10631 10534
f 10535 10632 10639
f 10539 10644 10646
f 10540 10647 10543
f 10545 10649 10567
f 10544 10566 10654
f 10546 10600 10660
f 10550 10661 10552
f 10558 10664 10603
f 10554 10662 10607
f 10556 10608 10663
f 10563 10655 10568
f 10569 10651 10572
f 10576 10670 10578
f 10574 10652 10669
f 10581 10588 10583
f 10579 10672 10587
f 10590 10677 10592
f 10586 10671 10675
f 10594 10678 10596
f 10598 10679 10659
f 10606 10658 10615
f 10614 10656 10683
f 10612 10680 10626
f 10611 10624 10618
f 10625 10686 10637
f 10622 10635 10630
f 10627 10681 10687
f 10634 10691 10640
f 10636 10685 10694
f 10641 10692 10643
f 10645 10693 10648
f 10650 10696 10667
f 10657 10676 10684
f 10668 10689 10673
f 10666 10695 10688
f 10674 10690 10682
f 10697 10700 10723
f 10697 10723 10704
f 10698 10705 10728
f 10698 10728 10709
f 10699 10712 10753
f 10699 10753 10821
f 10699 10821 10757
f 10699 10757 10717
f 10699 10717 10703
f 10702 10714 10722
f 10701 10718 10724
f 10706 10727 10735
f 10707 10736 10740
f 10708 10741 10731
f 10710 10729 10747
f 10711 10750 10752
f 10716 10754 10761
f 10715 10760 10770
f 10713 10769 10721
f 10720 10772 10725
f 10719 10763 10771
f 10726 10773 10734
f 10733 10742 10779
f 10732 10777 10787
f 10730 10786 10749
f 10737 10776 10790
f 10739 10793 10798
f 10738 10797 10743
f 10744 10799 10802
f 10745 10803 10810
f 10746 10811 10781
f 10748 10785 10849
f 10748 10849 10862
f 10748 10862 10858
f 10748 10858 10958
f 10748 10958 11037
f 10748 11037 11072
f 10748 11072 11121
f 10748 11121 11126
f 10748 11126 11134
f 10748 11134 11130
f 10748 11130 11095
f 10748 11095 11091
f 10748 11091 11087
f 10748 11087 11083
f 10748 11083 11080
f 10748 11080 11078
f 10748 11078 11002
f 10748 11002 10910
f 10748 10910 10815
f 10748 10815 10751
f 10756 10820 10825
f 10755 10823 10762
f 10758 10822 10921
f 10758 10921 10918
f 10758 10918 10914
f 10758 10914 11004
f 10758 11004 11001
f 10758 11001 11077
f 10758 11077 11007
f 10758 11007 10927
f 10758 10927 10924
f 10758 10924 10826
f 10759 10827 10765
f 10767 10828 10830
f 10768 10831 10839
f 10766 10837 10847
f 10764 10844 10774
f 10775 10845 10789
f 10778 10850 10788
f 10784 10812 10853
f 10783 10852 10860
f 10782 10859 10864
f 10780 10863 10851
f 10796 10866 10800
f 10791 10846 10870
f 10792 10871 10876
f 10794 10878 10880
f 10795 10881 10865
f 10801 10867 10804
f 10806 10869 10887
f 10809 10889 10894
f 10808 10893 10901
f 10807 10899 10908
f 10805 10903 10813
f 10814 10904 10854
f 10816 10913 10916
f 10817 10917 10919
f 10818 10920 10922
f 10819 10923 10824
f 10829 10926 10836
f 10835 10925 10929
f 10834 10928 10933
f 10833 10932 10940
f 10832 10937 10843
f 10840 10943 10874
f 10838 10873 10848
f 10842 10936 10951
f 10841 10950 10948
f 10857 10905 10955
f 10856 10954 10960
f 10855 10959 10861
f 10868 10882 10886
f 10872 10879 10877
f 10875 10944 10883
f 10884 10945 10964
f 10885 10965 10888
f 10890 10972 10897
f 10892 10966 10980
f 10891 10978 10976
f 10898 10973 10986
f 10896 10985 10996
f 10895 10994 10902
f 10900 10991 10909
f 10907 10990 11000
f 10906 10998 10957
f 10911 11003 11005
f 10912 11006 10915
f 10931 11009 11018
f 10930 11017 10935
f 10934 11016 10942
f 10939 11021 11030
f 10938 11029 10953
f 10941 11015 11023
f 10947 10949 11034
f 10946 11032 10971
f 10952 11028 11036
f 10956 10997 10961
f 10962 10999 10989
f 10963 10992 11038
f 10970 11031 11042
f 10969 11040 11047
f 10968 11045 11053
f 10967 11050 10982
f 10974 11058 10988
f 10977 10979 11064
f 10975 11062 11060
f 10983 11051 11069
f 10981 11068 11065
f 10987 11056 11075
f 10984 11074 10995
f 10993 11073 11039
f 11011 11079 11082
f 11010 11081 11086
f 11008 11085 11014
f 11013 11084 11090
f 11012 11089 11022
f 11020 11088 11094
f 11019 11093 11027
f 11025 11092 11098
f 11024 11097 11103
f 11026 11104 11035
f 11033 11102 11044
f 11043 11101 11110
f 11041 11109 11049
f 11046 11113 11055
f 11048 11108 11115
f 11054 11112 11120
f 11052 11118 11071
f 11057 11122 11076
f 11059 11061 11123
f 11063 11066 11124
f 11070 11116 11128
f 11067 11127 11125
f 11096 11133 11100
f 11099 11132 11107
f 11106 11131 11138
f 11105 11137 11114
f 11111 11136 11119
f 11117 11135 11129
f 11139 11144 11169
f 11140 11170 11210
f 11140 11210 11273
f 11140 11273 11358
f 11140 11358 11362
f 11140 11362 11280
f 11140 11280 11222
f 11140 11222 11177
f 11140 11177 11147
f 11141 11151 11153
f 11142 11154 11159
f 11143 11160 11146
f 11146 11160 11165
f 11145 11164 11172
f 11148 11178 11180
f 11149 11184 11186
f 11150 11187 11152
f 11155 11191 11161
f 11158 11188 11198
f 11157 11197 11203
f 11156 11202 11194
f 11162 11192 11167
f 11168 11193 11207
f 11166 11206 11212
f 11163 11211 11171
f 11176 11216 11224
f 11175 11223 11228
f 11174 11227 11233
f 11173 11232 11240
f 11179 11242 11181
f 11182 11245 11248
f 11183 11250 11185
f 11190 11251 11255
f 11189 11254 11200
f 11196 11204 11263
f 11195 11262 11209
f 11199 11268 11264
f 11199 11264 11205
f 11201 11257 11271
f 11208 11260 11213
f 11214 11261 11265
f 11215 11266 11276
f 11221 11278 11284
f 11220 11283 11289
f 11219 11288 11292
f 11218 11291 11230
f 11217 11229 11225
f 11226 11290 11287
f 11226 11287 11281
f 11226 11281 11363
f 11226 11363 11435
f 11226 11435 11513
f 11226 11513 11443
f 11226 11443 11366
f 11226 11366 11296
f 11226 11296 11293
f 11231 11294 11235
f 11237 11295 11297
f 11238 11298 11300
f 11239 11301 11309
f 11236 11306 11314
f 11234 11313 11241
f 11243 11317 11322
f 11244 11323 11246
f 11252 11325 11256
f 11247 11324 11318
f 11249 11319 11331
f 11253 11333 11326
f 11259 11327 11339
f 11258 11337 11272
f 11267 11345 11277
f 11270 11336 11350
f 11269 11349 11346
f 11274 11354 11359
f 11275 11343 11356
f 11279 11361 11285
f 11282 11360 11357
f 11282 11357 11353
f 11282 11353 11426
f 11286 11427 11423
f 11282 11422 11347
f 11282 11347 11430
f 11286 11431 11509
f 11282 11508 11600
f 11282 11600 11679
f 11282 11679 11675
f 11282 11675 11697
f 11282 11697 11701
f 11282 11701 11685
f 11282 11685 11682
f 11282 11682 11626
f 11282 11626 11603
f 11282 11603 11517
f 11282 11517 11438
f 11282 11438 11364
f 11299 11367 11304
f 11302 11370 11310
f 11305 11368 11375
f 11303 11374 11372
f 11308 11381 11389
f 11307 11387 11315
f 11311 11371 11392
f 11312 11393 11383
f 11320 11400 11402
f 11321 11403 11332
f 11316 11388 11398
f 11328 11412 11340
f 11329 11334 11416
f 11330 11419 11414
f 11335 11406 11417
f 11338 11410 11351
f 11344 11348 11425
f 11341 11424 11428
f 11342 11429 11355
f 11352 11411 11432
f 11365 11440 11436
f 11369 11444 11376
f 11373 11377 11395
f 11378 11447 11396
f 11380 11446 11460
f 11379 11458 11452
f 11384 11461 11471
f 11382 11469 11391
f 11385 11394 11474
f 11386 11475 11463
f 11390 11468 11399
f 11397 11448 11478
f 11401 11470 11404
f 11408 11481 11489
f 11407 11488 11418
f 11405 11472 11493
f 11409 11495 11482
f 11415 11420 11505
f 11413 11501 11433
f 11421 11490 11506
f 11434 11502 11511
f 11437 11441 11514
f 11442 11454 11515
f 11439 11519 11453
f 11445 11516 11459
f 11450 11525 11532
f 11449 11527 11479
f 11451 11457 11526
f 11455 11520 11536
f 11456 11537 11521
f 11467 11476 11540
f 11466 11539 11548
f 11465 11545 11555
f 11464 11552 11500
f 11462 11494 11473
f 11477 11557 11542
f 11480 11528 11561
f 11485 11496 11563
f 11487 11564 11570
f 11486 11569 11577
f 11484 11575 11582
f 11483 11581 11492
f 11491 11580 11507
f 11499 11551 11584
f 11498 11583 11589
f 11497 11587 11566
f 11504 11578 11597
f 11503 11596 11512
f 11510 11593 11602
f 11518 11605 11535
f 11522 11538 11614
f 11523 11615 11617
f 11524 11620 11531
f 11530 11619 11625
f 11529 11624 11562
f 11534 11604 11629
f 11533 11628 11609
f 11541 11633 11550
f 11544 11558 11639
f 11543 11638 11635
f 11549 11632 11644
f 11547 11642 11650
f 11546 11649 11556
f 11554 11647 11656
f 11553 11655 11586
f 11560 11622 11660
f 11559 11659 11640
f 11567 11588 11663
f 11565 11662 11572
f 11571 11661 11671
f 11568 11670 11576
f 11574 11669 11599
f 11573 11598 11579
f 11585 11654 11591
f 11590 11653 11665
f 11595 11667 11678
f 11594 11677 11681
f 11592 11680 11601
f 11607 11684 11687
f 11608 11688 11692
f 11610 11696 11631
f 11611 11634 11636
f 11612 11637 11657
f 11613 11658 11621
f 11616 11623 11618
f 11606 11627 11683
f 11630 11695 11643
f 11641 11694 11648
f 11646 11693 11674
f 11645 11673 11652
f 11651 11672 11664
f 11666 11698 11676
f 11668 11691 11700
f 11686 11702 11689
f 11690 11703 11699
f 11705 11710 11713
f 11706 11715 11738
f 11706 11738 11785
f 11706 11785 11815
f 11706 11815 11747
f 11706 11747 11718
f 11704 11716 11748
f 11704 11748 11816
f 11704 11816 11881
f 11704 11881 11939
f 11704 11939 12021
f 11704 12021 12047
f 11704 12047 12051
f 11704 12051 12036
f 11704 12036 11967
f 11704 11967 11964
f 11704 11964 11884
f 11704 11884 11820
f 11704 11820 11754
f 11704 11754 11719
f 11704 11719 11707
f 11708 11721 11725
f 11709 11727 11712
f 11711 11726 11730
f 11714 11733 11737
f 11717 11746 11750
f 11720 11756 11724
f 11722 11755 11759
f 11723 11760 11728
f 11734 11764 11772
f 11729 11771 11778
f 11731 11781 11783
f 11732 11784 11736
f 11735 11761 11765
f 11740 11789 11791
f 11741 11793 11796
f 11742 11797 11799
f 11743 11800 11803
f 11744 11804 11807
f 11745 11808 11749
f 11739 11814 11788
f 11751 11809 11805
f 11753 11806 11802
f 11752 11801 11794
f 11752 11794 11790
f 11752 11790 11859
f 11752 11859 11924
f 11752 11924 11996
f 11752 11996 12035
f 11752 12035 12031
f 11752 12031 12027
f 11752 12027 11946
f 11752 11946 11927
f 11752 11927 11869
f 11752 11869 11819
f 11758 11821 11825
f 11757 11824 11763
f 11762 11823 11766
f 11768 11830 11838
f 11767 11837 11776
f 11769 11827 11831
f 11775 11835 11844
f 11774 11842 11850
f 11773 11847 11855
f 11770 11852 11777
f 11779 11853 11810
f 11780 11812 11782
f 11787 11813 11862
f 11786 11861 11857
f 11792 11798 11795
f 11811 11854 11860
f 11818 11867 11879
f 11817 11878 11883
f 11822 11885 11826
f 11829 11886 11889
f 11828 11888 11832
f 11833 11896 11841
f 11834 11892 11897
f 11840 11895 11903
f 11839 11901 11909
f 11836 11907 11845
f 11846 11908 11914
f 11843 11912 11851
f 11849 11911 11864
f 11848 11863 11856
f 11858 11865 11921
f 11866 11913 11922
f 11868 11926 11880
f 11872 11933 11936
f 11874 11938 11941
f 11875 11942 11882
f 11877 11925 11944
f 11876 11943 11949
f 11873 11948 11958
f 11871 11956 11963
f 11870 11962 11932
f 11887 11965 11890
f 11891 11966 11968
f 11894 11969 11972
f 11893 11971 11899
f 11898 11977 11904
f 11900 11973 11979
f 11905 11978 11983
f 11906 11984 11917
f 11902 11915 11910
f 11920 11989 11994
f 11916 11993 11923
f 11918 11985 11997
f 11919 11998 11988
f 11929 12005 12009
f 11930 12011 11934
f 11931 11960 12020
f 11928 12018 12004
f 11935 12012 12023
f 11937 12024 11940
f 11945 12026 11951
f 11950 12025 12030
f 11947 12029 11957
f 11954 12002 11961
f 11955 12028 12034
f 11953 12033 11992
f 11952 11991 12000
f 11959 12001 12019
f 11970 12037 11974
f 11976 12038 12041
f 11975 12040 11980
f 11981 12013 11986
f 11982 12043 12014
f 11987 12015 11999
f 11990 12032 11995
f 12003 12017 12008
f 12007 12046 12049
f 12010 12050 12022
f 12006 12016 12045
f 12039 12052 12042
f 12044 12053 12048
f 12060 12062 12066
f 12055 12065 12083
f 12056 12084 12120
f 12056 12120 12165
f 12058 12166 12160
f 12057 12159 12227
f 12056 12226 12311
f 12056 12311 12325
f 12056 12325 12240
f 12056 12240 12178
f 12056 12178 12136
f 12056 12136 12125
f 12056 12125 12091
f 12056 12091 12071
f 12054 12069 12093
f 12054 12093 12131
f 12054 12131 12179
f 12054 12179 12254
f 12054 12254 12351
f 12054 12351 12346
f 12054 12346 12449
f 12054 12449 12531
f 12054 12531 12600
f 12054 12600 12625
f 12054 12625 12611
f 12054 12611 12608
f 12054 12608 12604
f 12054 12604 12541
f 12054 12541 12538
f 12054 12538 12534
f 12054 12534 12460
f 12054 12460 12457
f 12054 12457 12453
f 12054 12453 12360
f 12054 12360 12357
f 12054 12357 12268
f 12054 12268 12265
f 12054 12265 12261
f 12054 12261 12192
f 12054 12192 12188
f 12054 12188 12137
f 12054 12137 12098
f 12054 12098 12072
f 12059 12073 12061
f 12064 12074 12080
f 12063 12079 12068
f 12067 12077 12088
f 12070 12090 12097
f 12075 12100 12082
f 12081 12099 12106
f 12078 12104 12115
f 12076 12114 12087
f 12086 12112 12119
f 12085 12117 12122
f 12089 12124 12096
f 12092 12126 12171
f 12092 12171 12231
f 12092 12231 12319
f 12092 12319 12416
f 12092 12416 12420
f 12092 12420 12354
f 12092 12354 12257
f 12092 12257 12184
f 12092 12184 12130
f 12095 12123 12135
f 12094 12134 12129
f 12101 12139 12110
f 12109 12138 12142
f 12108 12141 12148
f 12107 12145 12157
f 12105 12156 12164
f 12103 12162 12170
f 12102 12169 12113
f 12111 12168 12118
f 12116 12167 12121
f 12128 12133 12177
f 12127 12176 12173
f 12132 12187 12182
f 12140 12189 12143
f 12144 12190 12149
f 12151 12191 12193
f 12152 12194 12197
f 12150 12196 12202
f 12147 12200 12212
f 12146 12211 12158
f 12153 12219 12224
f 12154 12225 12163
f 12155 12209 12220
f 12161 12223 12230
f 12172 12175 12236
f 12174 12239 12235
f 12180 12245 12251
f 12183 12253 12256
f 12181 12186 12246
f 12185 12260 12243
f 12195 12263 12199
f 12198 12262 12203
f 12204 12264 12266
f 12206 12267 12269
f 12207 12270 12273
f 12205 12272 12281
f 12201 12278 12213
f 12210 12285 12296
f 12208 12294 12218
f 12214 12279 12287
f 12215 12301 12222
f 12217 12290 12309
f 12216 12308 12302
f 12221 12300 12229
f 12228 12299 12313
f 12237 12316 12320
f 12234 12238 12324
f 12233 12323 12304
f 12232 12303 12314
f 12242 12259 12333
f 12241 12331 12338
f 12244 12340 12248
f 12247 12339 12343
f 12249 12345 12348
f 12250 12350 12352
f 12252 12353 12255
f 12258 12356 12332
f 12271 12359 12277
f 12276 12358 12362
f 12275 12361 12366
f 12274 12365 12283
f 12282 12364 12373
f 12280 12369 12288
f 12284 12381 12295
f 12289 12370 12386
f 12286 12385 12383
f 12293 12379 12393
f 12292 12392 12401
f 12291 12400 12310
f 12298 12306 12327
f 12297 12326 12312
f 12307 12397 12403
f 12305 12402 12315
f 12318 12406 12411
f 12317 12410 12321
f 12322 12413 12417
f 12330 12355 12423
f 12329 12422 12430
f 12328 12429 12336
f 12335 12428 12434
f 12334 12433 12440
f 12337 12442 12342
f 12341 12441 12445
f 12344 12446 12347
f 12349 12448 12452
f 12363 12455 12368
f 12367 12454 12374
f 12378 12459 12462
f 12377 12461 12465
f 12376 12464 12474
f 12372 12469 12482
f 12371 12480 12387
f 12375 12456 12458
f 12382 12384 12485
f 12380 12483 12395
f 12389 12491 12489
f 12388 12481 12468
f 12390 12470 12492
f 12396 12484 12496
f 12394 12494 12501
f 12391 12499 12399
f 12398 12498 12404
f 12405 12500 12504
f 12408 12506 12435
f 12409 12436 12511
f 12407 12510 12412
f 12414 12512 12424
f 12415 12425 12418
f 12419 12426 12421
f 12427 12514 12432
f 12431 12513 12439
f 12437 12509 12516
f 12438 12521 12444
f 12443 12520 12525
f 12447 12528 12450
f 12451 12529 12532
f 12463 12535 12466
f 12467 12536 12475
f 12479 12537 12540
f 12478 12539 12543
f 12477 12542 12545
f 12476 12544 12551
f 12473 12548 12559
f 12472 12557 12564
f 12471 12562 12493
f 12488 12490 12561
f 12487 12560 12571
f 12486 12570 12497
f 12495 12567 12502
f 12503 12568 12505
f 12507 12569 12576
f 12508 12577 12515
f 12517 12578 12572
f 12518 12573 12579
f 12519 12584 12523
f 12522 12583 12586
f 12524 12587 12591
f 12526 12592 12595
f 12527 12599 12602
f 12530 12603 12533
f 12542 12605 12545
f 12546 12606 12552
f 12556 12607 12610
f 12555 12609 12613
f 12554 12612 12617
f 12553 12616 12594
f 12550 12588 12623
f 12549 12622 12566
f 12547 12565 12558
f 12563 12621 12575
f 12574 12620 12580
f 12581 12624 12589
f 12582 12590 12585
f 12593 12615 12596
f 12597 12619 12627
f 12598 12628 12601
f 12614 12626 12618
f 12630 12634 12637
f 12633 12639 12645
f 12632 12644 12651
f 12629 12649 12655
f 12631 12658 12703
f 12631 12703 12763
f 12631 12763 12709
f 12631 12709 12661
f 12631 12661 12636
f 12635 12659 12662
f 12635 12662 12638
f 12641 12664 12666
f 12642 12667 12669
f 12643 12670 12677
f 12640 12676 12648
f 12647 12675 12684
f 12646 12683 12654
f 12653 12682 12690
f 12652 12688 12697
f 12650 12694 12656
f 12657 12696 12700
f 12660 12704 12769
f 12660 12769 12857
f 12660 12857 12934
f 12660 12934 13028
f 12660 13028 13068
f 12660 13068 13063
f 12660 13063 13076
f 12660 13076 13080
f 12660 13080 13071
f 12660 13071 13046
f 12660 13046 13032
f 12660 13032 12943
f 12660 12943 12939
f 12660 12939 12859
f 12660 12859 12781
f 12660 12781 12710
f 12660 12710 12665
f 12660 12665 12663
f 12668 12711 12671
f 12673 12712 12714
f 12674 12715 12722
f 12672 12721 12681
f 12680 12720 12726
f 12679 12725 12735
f 12678 12733 12686
f 12687 12734 12742
f 12685 12739 12693
f 12692 12738 12747
f 12691 12746 12756
f 12689 12755 12698
f 12695 12753 12699
f 12701 12754 12765
f 12702 12766 12760
f 12708 12762 12774
f 12707 12773 12777
f 12706 12776 12780
f 12705 12779 12770
f 12713 12782 12716
f 12718 12783 12786
f 12719 12787 12792
f 12717 12791 12724
f 12723 12790 12728
f 12730 12795 12797
f 12731 12799 12801
f 12732 12802 12810
f 12729 12808 12819
f 12727 12817 12737
f 12736 12816 12745
f 12744 12815 12822
f 12743 12821 12829
f 12741 12827 12831
f 12740 12830 12749
f 12751 12833 12838
f 12750 12836 12844
f 12748 12843 12757
f 12758 12845 12847
f 12759 12849 12854
f 12752 12853 12924
f 12752 12924 13016
f 12752 13016 13020
f 12752 13020 12930
f 12752 12930 12856
f 12752 12856 12768
f 12752 12768 12778
f 12752 12778 12775
f 12752 12775 12771
f 12752 12771 12764
f 12761 12767 12772
f 12785 12860 12865
f 12784 12863 12788
f 12789 12864 12793
f 12794 12867 12869
f 12796 12870 12798
f 12800 12872 12803
f 12806 12878 12882
f 12805 12881 12811
f 12804 12874 12876
f 12812 12885 12887
f 12813 12888 12891
f 12814 12893 12899
f 12809 12898 12826
f 12807 12823 12818
f 12825 12897 12907
f 12824 12906 12835
f 12820 12832 12828
f 12834 12905 12839
f 12841 12913 12916
f 12842 12917 12851
f 12837 12848 12846
f 12840 12910 12912
f 12852 12920 12926
f 12850 12925 12855
f 12858 12932 12938
f 12862 12940 12871
f 12861 12868 12866
f 12873 12941 12875
f 12877 12942 12944
f 12879 12945 12948
f 12880 12949 12883
f 12884 12951 12954
f 12886 12956 12889
f 12890 12957 12892
f 12895 12959 12900
f 12894 12958 12966
f 12896 12968 12960
f 12901 12962 12971
f 12902 12973 12976
f 12903 12978 12981
f 12904 12982 12908
f 12909 12984 12911
f 12914 12986 12990
f 12915 12991 12918
f 12922 12998 13002
f 12923 13003 13010
f 12921 13008 12927
f 12919 12992 12995
f 12929 13013 13017
f 12928 13009 13012
f 12933 13023 13027
f 12931 13025 12937
f 12936 13024 13001
f 12935 13000 13031
f 12947 13033 12953
f 12946 12952 12950
f 12955 13034 12965
f 12961 12970 13037
f 12963 13040 13042
f 12964 13043 12972
f 12967 13035 13047
f 12969 13048 13036
f 12974 13045 13054
f 12975 13055 12977
f 12979 13056 13058
f 12980 13059 12983
f 12985 13062 12988
f 12987 13061 13065
f 12989 13066 12993
f 12994 13067 13069
f 12996 13070 13029
f 12997 13030 12999
f 13007 13026 13022
f 13006 13021 13019
f 13005 13018 13015
f 13004 13014 13011
f 13038 13049 13072
f 13039 13073 13041
f 13044 13074 13050
f 13053 13078 13057
f 13051 13075 13081
f 13052 13082 13077
f 13060 13079 13064
f 13083 13087 13103
f 13083 13103 13152
f 13083 13152 13227
f 13083 13227 13243
f 13083 13243 13169
f 13083 13169 13166
f 13083 13166 13120
f 13083 13120 13093
f 13084 13094 13135
f 13084 13135 13207
f 13084 13207 13203
f 13084 13203 13292
f 13084 13292 13289
f 13084 13289 13286
f 13084 13286 13282
f 13084 13282 13373
f 13084 13373 13437
f 13084 13437 13497
f 13084 13497 13506
f 13085 13509 13505
f 13084 13502 13455
f 13084 13455 13452
f 13084 13452 13397
f 13084 13397 13300
f 13084 13300 13210
f 13084 13210 13138
f 13084 13138 13097
f 13086 13099 13092
f 13091 13098 13108
f 13090 13107 13112
f 13089 13111 13118
f 13088 13117 13106
f 13096 13121 13130
f 13095 13129 13137
f 13102 13139 13142
f 13101 13141 13145
f 13100 13144 13109
f 13104 13149 13156
f 13105 13116 13151
f 13110 13146 13143
f 13110 13143 13140
f 13110 13140 13212
f 13110 13212 13299
f 13110 13299 13385
f 13110 13385 13338
f 13110 13338 13235
f 13110 13235 13160
f 13110 13160 13119
f 13110 13119 13113
f 13114 13159 13164
f 13115 13165 13150
f 13122 13167 13133
f 13134 13168 13171
f 13132 13170 13175
f 13131 13174 13182
f 13128 13179 13187
f 13127 13184 13192
f 13126 13190 13202
f 13124 13198 13206
f 13123 13204 13208
f 13125 13209 13136
f 13147 13219 13155
f 13148 13163 13221
f 13153 13213 13222
f 13154 13223 13228
f 13158 13231 13237
f 13157 13236 13161
f 13162 13242 13220
f 13173 13247 13252
f 13172 13251 13178
f 13177 13250 13257
f 13176 13256 13183
f 13181 13254 13262
f 13180 13260 13188
f 13186 13259 13269
f 13185 13268 13193
f 13191 13266 13274
f 13189 13271 13201
f 13200 13270 13278
f 13199 13277 13285
f 13195 13283 13288
f 13194 13287 13290
f 13196 13291 13293
f 13197 13294 13205
f 13211 13301 13295
f 13215 13306 13308
f 13216 13309 13315
f 13218 13316 13321
f 13217 13320 13225
f 13214 13239 13304
f 13226 13322 13329
f 13224 13328 13229
f 13230 13332 13245
f 13234 13333 13341
f 13233 13339 13344
f 13232 13343 13238
f 13241 13345 13310
f 13240 13307 13305
f 13244 13331 13353
f 13246 13355 13249
f 13248 13354 13255
f 13253 13352 13261
f 13258 13351 13267
f 13263 13326 13357
f 13265 13360 13273
f 13264 13350 13327
f 13272 13359 13281
f 13279 13365 13372
f 13275 13370 13375
f 13276 13376 13284
f 13280 13358 13366
f 13298 13378 13383
f 13296 13302 13386
f 13297 13388 13377
f 13303 13398 13387
f 13313 13402 13405
f 13314 13406 13317
f 13311 13346 13411
f 13312 13415 13401
f 13318 13409 13361
f 13319 13362 13324
f 13323 13349 13330
f 13325 13363 13356
f 13335 13384 13379
f 13337 13380 13417
f 13336 13416 13424
f 13334 13423 13342
f 13340 13421 13347
f 13348 13422 13412
f 13364 13410 13371
f 13369 13408 13436
f 13367 13434 13439
f 13368 13440 13374
f 13381 13390 13441
f 13382 13442 13418
f 13393 13447 13444
f 13389 13399 13453
f 13391 13454 13456
f 13392 13457 13459
f 13396 13463 13466
f 13395 13465 13473
f 13394 13472 13449
f 13400 13414 13479
f 13403 13481 13432
f 13404 13435 13407
f 13413 13429 13477
f 13420 13443 13483
f 13419 13482 13425
f 13426 13484 13486
f 13427 13489 13491
f 13428 13492 13476
f 13433 13501 13438
f 13431 13480 13471
f 13430 13470 13500
f 13446 13448 13488
f 13445 13487 13485
f 13451 13474 13494
f 13450 13493 13490
f 13458 13503 13460
f 13461 13504 13507
f 13462 13508 13498
f 13464 13499 13469
f 13468 13478 13496
f 13467 13495 13475
f 13513 13516 13520
f 13510 13519 13551
f 13510 13551 13608
f 13510 13608 13689
f 13510 13689 13762
f 13510 13762 13758
f 13510 13758 13826
f 13510 13826 13891
f 13510 13891 13957
f 13510 13957 14012
f 13510 14012 14028
f 13510 14028 14025
f 13510 14025 14021
f 13510 14021 13987
f 13510 13987 13984
f 13510 13984 13981
f 13510 13981 13977
f 13510 13977 14018
f 13510 14018 14015
f 13510 14015 13967
f 13510 13967 13962
f 13510 13962 13959
f 13510 13959 13911
f 13510 13911 13907
f 13510 13907 13903
f 13510 13903 13900
f 13510 13900 13833
f 13510 13833 13830
f 13510 13830 13772
f 13510 13772 13769
f 13510 13769 13766
f 13510 13766 13692
f 13510 13692 13612
f 13510 13612 13555
f 13510 13555 13523
f 13511 13524 13526
f 13512 13531 13515
f 13514 13530 13537
f 13514 13537 13539
f 13518 13541 13546
f 13517 13545 13521
f 13522 13547 13552
f 13525 13556 13527
f 13528 13557 13560
f 13529 13561 13532
f 13535 13562 13566
f 13534 13565 13573
f 13533 13571 13579
f 13536 13580 13538
f 13540 13583 13585
f 13542 13588 13590
f 13543 13592 13596
f 13544 13597 13548
f 13549 13598 13601
f 13550 13602 13553
f 13554 13603 13609
f 13559 13613 13617
f 13558 13616 13564
f 13563 13615 13567
f 13569 13619 13626
f 13568 13624 13576
f 13575 13623 13630
f 13574 13628 13636
f 13572 13634 13641
f 13570 13640 13578
f 13581 13647 13649
f 13582 13651 13584
f 13577 13638 13645
f 13586 13653 13655
f 13587 13657 13589
f 13591 13658 13660
f 13593 13662 13664
f 13594 13666 13670
f 13595 13671 13599
f 13600 13673 13604
f 13605 13674 13677
f 13606 13679 13684
f 13607 13685 13610
f 13611 13687 13690
f 13614 13693 13618
f 13622 13694 13697
f 13621 13696 13705
f 13620 13704 13627
f 13625 13702 13631
f 13632 13703 13709
f 13633 13710 13719
f 13629 13718 13637
f 13635 13716 13642
f 13639 13715 13646
f 13644 13714 13724
f 13643 13723 13732
f 13648 13734 13650
f 13652 13735 13738
f 13654 13739 13656
f 13659 13740 13661
f 13663 13742 13665
f 13667 13675 13672
f 13669 13743 13747
f 13668 13745 13676
f 13678 13746 13749
f 13680 13750 13753
f 13683 13754 13760
f 13682 13759 13765
f 13681 13763 13686
f 13688 13764 13691
f 13695 13767 13698
f 13700 13770 13775
f 13699 13773 13707
f 13701 13768 13771
f 13708 13774 13778
f 13706 13777 13712
f 13711 13786 13720
f 13713 13780 13788
f 13721 13787 13792
f 13722 13793 13798
f 13717 13797 13725
f 13726 13800 13803
f 13727 13804 13811
f 13728 13812 13733
f 13731 13810 13885
f 13730 13884 13880
f 13729 13879 13946
f 13729 13946 14008
f 13729 14008 14011
f 13729 14011 13956
f 13729 13956 13953
f 13729 13953 13888
f 13729 13888 13814
f 13737 13816 13820
f 13736 13819 13741
f 13744 13822 13899
f 13744 13899 13896
f 13744 13896 13829
f 13744 13829 13825
f 13744 13825 13752
f 13744 13752 13748
f 13751 13823 13756
f 13757 13824 13828
f 13755 13827 13761
f 13776 13831 13779
f 13781 13832 13834
f 13782 13835 13837
f 13783 13839 13842
f 13785 13844 13850
f 13784 13848 13790
f 13791 13849 13853
f 13789 13852 13795
f 13796 13854 13862
f 13794 13861 13799
f 13801 13863 13867
f 13802 13868 13805
f 13807 13869 13872
f 13809 13874 13882
f 13808 13881 13887
f 13806 13886 13813
f 13815 13890 13894
f 13817 13895 13897
f 13818 13898 13821
f 13836 13901 13838
f 13840 13902 13904
f 13841 13905 13843
f 13846 13908 13856
f 13845 13855 13851
f 13847 13906 13910
f 13857 13909 13912
f 13859 13913 13915
f 13860 13916 13921
f 13858 13920 13864
f 13865 13925 13870
f 13866 13923 13927
f 13871 13926 13873
f 13878 13935 13943
f 13877 13942 13948
f 13876 13947 13883
f 13875 13932 13934
f 13889 13955 13893
f 13892 13954 13958
f 13914 13960 13918
f 13919 13961 13964
f 13917 13963 13922
f 13924 13965 13928
f 13929 13966 13968
f 13930 13969 13971
f 13931 13972 13933
f 13939 13980 13982
f 13941 13983 13986
f 13940 13985 13989
f 13938 13988 13994
f 13936 13991 13944
f 13937 13974 13978
f 13945 13992 13949
f 13950 13993 13997
f 13951 13998 14003
f 13952 14004 14009
f 13970 14016 13973
f 13976 14017 14020
f 13975 14019 13979
f 13990 14023 13996
f 13995 14022 13999
f 14001 14024 14026
f 14002 14027 14031
f 14000 14029 14005
f 14007 14030 14014
f 14006 14013 14010
f 14032 14035 14045
f 14032 14045 14061
f 14032 14061 14078
f 14032 14078 14051
f 14032 14051 14038
f 14034 14040 14056
f 14034 14056 14060
f 14034 14060 14044
f 14033 14043 14037
f 14036 14042 14048
f 14039 14052 14082
f 14039 14082 14055
f 14041 14059 14047
f 14046 14058 14071
f 14049 14072 14074
f 14050 14075 14062
f 14053 14080 14095
f 14053 14095 14092
f 14053 14092 14089
f 14053 14089 14086
f 14053 14086 14101
f 14053 14101 14098
f 14053 14098 14077
f 14053 14077 14083
f 14054 14081 14073
f 14054 14073 14070
f 14054 14070 14057
f 14066 14085 14087
f 14067 14088 14090
f 14068 14091 14093
f 14069 14094 14079
f 14063 14076 14096
f 14064 14097 14099
f 14065 14100 14084
f 14104 14107 14121
f 14104 14121 14145
f 14104 14145 14192
f 14104 14192 14267
f 14104 14267 14379
f 14104 14379 14540
f 14104 14540 14739
f 14104 14739 14974
f 14104 14974 15001
f 14104 15001 15322
f 14104 15322 15326
f 14104 15326 15741
f 14104 15741 15748
f 14104 15748 15744
f 14104 15744 15329
f 14104 15329 15006
f 14104 15006 14742
f 14104 14742 14548
f 14104 14548 14543
f 14104 14543 14384
f 14104 14384 14275
f 14104 14275 14201
f 14104 14201 14152
f 14104 14152 14131
f 14104 14131 14112
f 14103 14108 14114
f 14102 14113 14122
f 14102 14122 14146
f 14102 14146 14193
f 14102 14193 14268
f 14102 14268 14307
f 14102 14307 14438
f 14102 14438 14434
f 14102 14434 14430
f 14102 14430 14598
f 14102 14598 14821
f 14102 14821 14840
f 14102 14840 14836
f 14102 14836 15130
f 14102 15130 15127
f 14102 15127 15123
f 14102 15123 15486
f 14102 15486 15482
f 14102 15482 15886
f 14102 15886 15882
f 14102 15882 16235
f 14102 16235 16581
f 14102 16581 16578
f 14102 16578 16574
f 14102 16574 16951
f 14102 16951 17346
f 14102 17346 17643
f 14102 17643 17647
f 14102 17647 17350
f 14102 17350 16958
f 14102 16958 16955
f 14102 16955 16584
f 14102 16584 16239
f 14102 16239 15892
f 14102 15892 15889
f 14102 15889 15489
f 14102 15489 15134
f 14102 15134 14852
f 14102 14852 14618
f 14102 14618 14446
f 14102 14446 14314
f 14102 14314 14235
f 14102 14235 14181
f 14102 14181 14140
f 14102 14140 14117
f 14102 14117 14105
f 14106 14118 14120
f 14109 14124 14115
f 14111 14126 14137
f 14110 14136 14125
f 14116 14139 14184
f 14116 14184 14246
f 14116 14246 14337
f 14116 14337 14480
f 14116 14480 14662
f 14116 14662 14657
f 14116 14657 14900
f 14116 14900 15193
f 14116 15193 15586
f 14116 15586 16011
f 14116 16011 16007
f 14116 16007 16014
f 14116 16014 15592
f 14116 15592 15589
f 14116 15589 15200
f 14116 15200 15197
f 14116 15197 14903
f 14116 14903 14665
f 14116 14665 14507
f 14116 14507 14355
f 14116 14355 14255
f 14116 14255 14187
f 14116 14187 14142
f 14116 14142 14119
f 14123 14135 14149
f 14130 14151 14156
f 14129 14154 14162
f 14128 14158 14168
f 14127 14167 14138
f 14134 14165 14175
f 14132 14173 14179
f 14133 14180 14148
f 14141 14183 14240
f 14141 14240 14185
f 14143 14188 14250
f 14143 14250 14352
f 14143 14352 14502
f 14143 14502 14697
f 14143 14697 14946
f 14143 14946 15260
f 14143 15260 15673
f 14143 15673 16076
f 14143 16076 16352
f 14143 16352 16713
f 14143 16713 17091
f 14143 17091 17445
f 14143 17445 17441
f 14143 17441 17686
f 14143 17686 17681
f 14143 17681 17818
f 14143 17818 17856
f 14143 17856 17865
f 14144 17866 17861
f 14143 17860 17870
f 14143 17870 17839
f 14143 17839 17836
f 14143 17836 17752
f 14143 17752 17517
f 14143 17517 17514
f 14143 17514 17511
f 14143 17511 17154
f 14143 17154 16780
f 14143 16780 16776
f 14143 16776 16754
f 14143 16754 16404
f 14143 16404 16401
f 14143 16401 16391
f 14143 16391 16079
f 14143 16079 15677
f 14143 15677 15265
f 14143 15265 14952
f 14143 14952 14700
f 14143 14700 14510
f 14143 14510 14359
f 14143 14359 14259
f 14143 14259 14190
f 14147 14178 14196
f 14150 14200 14155
f 14153 14199 14161
f 14160 14198 14205
f 14159 14202 14210
f 14157 14209 14166
f 14164 14206 14217
f 14163 14216 14174
f 14169 14221 14225
f 14171 14229 14177
f 14172 14213 14233
f 14170 14232 14222
f 14176 14228 14195
f 14182 14237 14239
f 14186 14243 14247
f 14189 14256 14253
f 14191 14263 14266
f 14194 14227 14270
f 14197 14273 14204
f 14203 14272 14212
f 14211 14271 14278
f 14208 14277 14289
f 14207 14286 14218
f 14215 14284 14294
f 14214 14292 14234
f 14220 14296 14299
f 14220 14299 14223
f 14219 14231 14310
f 14219 14310 14295
f 14224 14300 14437
f 14224 14437 14306
f 14226 14308 14269
f 14230 14291 14414
f 14230 14414 14309
f 14236 14315 14238
f 14241 14317 14319
f 14242 14323 14325
f 14244 14326 14331
f 14245 14332 14248
f 14249 14333 14338
f 14252 14340 14348
f 14251 14347 14354
f 14254 14257 14341
f 14258 14356 14343
f 14260 14362 14367
f 14261 14369 14372
f 14262 14373 14265
f 14264 14371 14378
f 14274 14381 14282
f 14281 14380 14386
f 14280 14385 14390
f 14279 14389 14402
f 14276 14399 14288
f 14287 14398 14407
f 14285 14405 14412
f 14283 14411 14293
f 14290 14409 14579
f 14290 14579 14413
f 14297 14418 14301
f 14298 14311 14419
f 14305 14420 14425
f 14304 14424 14432
f 14303 14431 14436
f 14302 14435 14439
f 14313 14415 14441
f 14312 14440 14421
f 14316 14447 14318
f 14321 14454 14456
f 14322 14457 14324
f 14320 14449 14451
f 14328 14459 14461
f 14329 14462 14468
f 14330 14469 14475
f 14327 14472 14334
f 14336 14473 14482
f 14335 14481 14339
f 14344 14357 14485
f 14342 14484 14349
f 14351 14487 14493
f 14350 14491 14499
f 14345 14498 14505
f 14346 14506 14353
f 14358 14508 14486
f 14360 14512 14517
f 14361 14519 14364
f 14363 14518 14524
f 14365 14525 14528
f 14366 14529 14376
f 14368 14377 14370
f 14374 14527 14533
f 14375 14534 14537
f 14383 14542 14396
f 14382 14392 14387
f 14395 14541 14547
f 14394 14544 14550
f 14393 14549 14555
f 14391 14553 14561
f 14388 14559 14401
f 14400 14557 14567
f 14397 14565 14406
f 14404 14563 14576
f 14403 14575 14410
f 14408 14570 14578
f 14417 14586 14442
f 14416 14583 14585
f 14422 14443 14591
f 14423 14592 14427
f 14426 14599 14433
f 14428 14593 14602
f 14429 14603 14600
f 14444 14611 14594
f 14445 14588 14612
f 14448 14619 14450
f 14452 14621 14623
f 14453 14625 14455
f 14458 14627 14460
f 14467 14630 14636
f 14465 14635 14643
f 14464 14641 14471
f 14463 14628 14649
f 14466 14650 14629
f 14470 14640 14476
f 14478 14642 14653
f 14479 14654 14659
f 14477 14658 14664
f 14474 14663 14483
f 14489 14509 14666
f 14490 14667 14670
f 14488 14669 14494
f 14492 14678 14501
f 14496 14672 14685
f 14495 14684 14682
f 14500 14677 14695
f 14497 14694 14504
f 14503 14692 14699
f 14511 14703 14516
f 14513 14707 14712
f 14515 14713 14520
f 14514 14702 14708
f 14521 14714 14718
f 14522 14720 14531
f 14523 14532 14526
f 14535 14721 14538
f 14530 14719 14728
f 14536 14730 14723
f 14539 14722 14736
f 14546 14740 14747
f 14545 14746 14552
f 14551 14744 14753
f 14551 14753 14556
f 14554 14751 14562
f 14560 14750 14760
f 14558 14757 14568
f 14566 14755 14764
f 14564 14762 14577
f 14572 14766 14580
f 14574 14761 14773
f 14573 14771 14779
f 14569 14777 14782
f 14571 14784 14765
f 14581 14769 14788
f 14582 14790 14795
f 14584 14796 14587
f 14589 14798 14800
f 14590 14802 14613
f 14596 14614 14809
f 14597 14810 14817
f 14595 14816 14610
f 14601 14604 14822
f 14609 14815 14827
f 14608 14826 14835
f 14607 14832 14838
f 14606 14837 14842
f 14605 14841 14823
f 14616 14803 14843
f 14617 14844 14850
f 14615 14849 14811
f 14620 14853 14622
f 14626 14862 14647
f 14624 14856 14858
f 14631 14652 14865
f 14632 14870 14872
f 14633 14873 14876
f 14634 14877 14637
f 14639 14878 14885
f 14638 14884 14645
f 14646 14886 14891
f 14644 14888 14655
f 14648 14863 14897
f 14651 14898 14864
f 14656 14889 14660
f 14661 14890 14901
f 14668 14904 14671
f 14676 14905 15198
f 14676 15198 14907
f 14675 14906 14913
f 14674 14911 14918
f 14673 14917 14686
f 14679 14922 14696
f 14681 14683 14927
f 14680 14926 14924
f 14687 14919 14912
f 14688 14914 14933
f 14689 14934 14929
f 14693 14920 14944
f 14690 14943 14949
f 14691 14950 14698
f 14701 14954 14706
f 14705 14958 14709
f 14704 14953 14957
f 14710 14959 14962
f 14711 14965 14716
f 14715 14964 14969
f 14717 14971 14726
f 14724 14731 14737
f 14734 14972 14738
f 14725 14970 14978
f 14727 14979 14981
f 14729 14985 14987
f 14732 14990 14992
f 14733 14995 14998
f 14735 15000 14973
f 14741 15005 14748
f 14745 15003 15010
f 14743 15007 15017
f 14743 15017 14752
f 14749 15015 14759
f 14758 15014 15023
f 14756 15020 14776
f 14754 14774 14763
f 14770 15025 14789
f 14767 14785 15028
f 14768 15030 15024
f 14775 15019 15037
f 14772 15035 14781
f 14780 15034 15042
f 14778 15040 15047
f 14778 15047 14783
f 14786 15049 15054
f 14787 15055 15029
f 14792 15027 15061
f 14794 15063 15068
f 14793 15067 15075
f 14791 15073 14797
f 14799 15074 14801
f 14806 15078 14847
f 14804 15077 15085
f 14805 15086 15095
f 14807 15096 15098
f 14808 15099 15079
f 14812 14851 14845
f 14813 14846 15104
f 14814 15105 14818
f 14820 15111 14829
f 14819 15106 15110
f 14830 15116 15125
f 14828 15124 15129
f 14824 15128 15132
f 14825 15133 14834
f 14831 15112 15118
f 14833 15131 14839
f 14848 15080 15107
f 14854 15137 15140
f 14855 15141 14857
f 14861 15148 14896
f 14859 15142 15152
f 14860 15153 15143
f 14868 15157 15160
f 14869 15163 14871
f 14866 14899 15173
f 14867 15174 15155
f 14875 15168 15178
f 14874 15176 14882
f 14883 15177 15184
f 14881 15183 15188
f 14880 15187 14893
f 14879 14892 14887
f 14894 15189 15194
f 14894 15194 14902
f 14895 15147 15172
f 14910 15202 15205
f 14908 15204 14915
f 14909 15199 15201
f 14916 15207 14938
f 14923 14925 15217
f 14921 15216 14945
f 14932 14935 15221
f 14931 15220 15231
f 14930 15230 15239
f 14928 15235 15219
f 14940 15208 15241
f 14939 15240 15246
f 14937 15245 15253
f 14936 15250 15224
f 14942 15215 15259
f 14941 15258 14948
f 14947 15256 15263
f 14951 15264 15269
f 14951 15269 14956
f 14955 15268 15274
f 14955 15274 14961
f 14960 15273 15705
f 14960 15705 15280
f 14963 15282 14968
f 14966 15281 15285
f 14967 15287 14976
f 14975 15286 15290
f 14977 15291 15293
f 14980 15297 14982
f 14983 15299 15301
f 14984 15306 15308
f 14986 15309 14988
f 14989 15310 15312
f 14991 15316 14993
f 14997 15321 14999
f 14994 15318 15323
f 14996 15325 15320
f 15004 15328 15337
f 15002 15334 15009
f 15008 15333 15018
f 15016 15331 15342
f 15013 15338 15346
f 15011 15345 15351
f 15012 15352 15022
f 15021 15350 15039
f 15026 15031 15060
f 15032 15057 15353
f 15033 15354 15062
f 15038 15349 15364
f 15036 15360 15046
f 15045 15359 15366
f 15044 15365 15296
f 15043 15295 15372
f 15041 15369 15373
f 15041 15373 15048
f 15050 15376 15379
f 15051 15380 15384
f 15052 15385 15388
f 15053 15389 15056
f 15058 15392 15394
f 15059 15395 15355
f 15065 15401 15070
f 15064 15358 15412
f 15066 15413 15402
f 15072 15403 15420
f 15071 15419 15087
f 15069 15084 15076
f 15082 15101 15423
f 15083 15425 15435
f 15081 15433 15108
f 15093 15438 15446
f 15092 15445 15103
f 15088 15100 15097
f 15089 15421 15448
f 15090 15450 15452
f 15091 15456 15458
f 15094 15461 15439
f 15102 15444 15424
f 15109 15434 15113
f 15114 15436 15466
f 15115 15467 15120
f 15121 15476 15485
f 15119 15483 15488
f 15117 15487 15126
f 15122 15469 15477
f 15135 15491 15493
f 15136 15498 15139
f 15138 15497 15151
f 15144 15154 15502
f 15145 15504 15507
f 15146 15510 15171
f 15150 15496 15514
f 15149 15513 15501
f 15156 15175 15520
f 15158 15522 15524
f 15159 15526 15161
f 15165 15533 15535
f 15166 15538 15540
f 15167 15543 15545
f 15169 15547 15179
f 15162 15528 15556
f 15164 15559 15529
f 15170 15509 15518
f 15180 15549 15564
f 15181 15566 15568
f 15182 15573 15575
f 15182 15575 15185
f 15186 15576 15190
f 15191 15578 15580
f 15192 15584 15195
f 15196 15585 15588
f 15203 15590 15206
f 15212 15594 15598
f 15210 15596 15608
f 15209 15607 15243
f 15211 15591 15593
f 15213 15612 15257
f 15218 15233 15619
f 15214 15615 15613
f 15226 15251 15623
f 15225 15621 15633
f 15222 15628 15638
f 15223 15639 15232
f 15229 15635 16046
f 15229 16046 15644
f 15228 15642 15653
f 15227 15651 15238
f 15236 15655 15662
f 15234 15660 15620
f 15237 15649 15656
f 15242 15605 15249
f 15248 15602 15665
f 15247 15663 15625
f 15244 15624 15252
f 15255 15610 15671
f 15254 15670 15262
f 15261 15669 15676
f 15267 15678 15682
f 15266 15680 15270
f 15271 15681 15686
f 15272 15687 15275
f 15277 15692 15701
f 15276 15700 15707
f 15278 15688 15693
f 15279 15704 15709
f 15279 15709 15284
f 15283 15708 15714
f 15283 15714 15289
f 15288 15713 15374
f 15288 15374 15370
f 15292 15371 15294
f 15298 15367 15300
f 15302 15368 15361
f 15303 15362 15718
f 15304 15720 15722
f 15305 15724 15307
f 15311 15725 15313
f 15314 15726 15729
f 15315 15730 15732
f 15317 15735 15738
f 15319 15739 15324
f 15327 15743 15336
f 15335 15742 15747
f 15332 15746 15737
f 15330 15734 15341
f 15340 15733 15731
f 15339 15728 15348
f 15347 15727 15723
f 15347 15723 15721
f 15343 15719 15363
f 15344 15364 15349
f 15356 15396 15749
f 15357 15750 15409
f 15375 15716 15377
f 15378 15717 15754
f 15381 15757 15759
f 15383 15760 15765
f 15382 15764 15386
f 15387 15766 15390
f 15391 15767 15393
f 15399 15768 15772
f 15400 15774 15778
f 15398 15777 15411
f 15397 15410 15751
f 15407 15781 15454
f 15406 15453 15451
f 15405 15449 15422
f 15404 15418 15787
f 15408 15789 15782
f 15414 15780 15798
f 15415 15799 15803
f 15416 15804 15807
f 15417 15809 15786
f 15431 15810 15819
f 15429 15817 15824
f 15428 15822 15471
f 15426 15468 15437
f 15427 15447 15440
f 15430 15442 15826
f 15432 15828 15812
f 15441 15462 15831
f 15443 15833 15827
f 15455 15783 15840
f 15457 15842 15459
f 15463 15845 15832
f 15460 15844 15850
f 15464 15853 15855
f 15465 15856 15846
f 15473 15823 15859
f 15474 15860 15868
f 15472 15865 15873
f 15470 15871 15479
f 15481 15872 15877
f 15480 15875 15884
f 15478 15883 15888
f 15475 15887 15484
f 15490 15890 15492
f 15494 15891 15893
f 15495 15894 15511
f 15503 15904 15906
f 15505 15908 15515
f 15506 15516 15508
f 15499 15512 15896
f 15500 15898 15900
f 15517 15909 15913
f 15519 15914 15916
f 15521 15920 15922
f 15523 15924 15525
f 15527 15925 15555
f 15530 15560 15928
f 15531 15929 15934
f 15532 15936 15938
f 15534 15939 15536
f 15537 15941 15944
f 15539 15945 15541
f 15542 15947 15949
f 15544 15953 15546
f 15548 15956 15562
f 15553 15923 15921
f 15552 15919 15960
f 15550 15959 15964
f 15551 15965 15970
f 15554 15975 15977
f 15557 15979 15982
f 15558 15984 15926
f 15561 15955 15988
f 15563 15990 15992
f 15565 15995 15567
f 15569 15996 15999
f 15570 16001 16003
f 15571 16006 15604
f 15572 15606 15574
f 15577 15609 15597
f 15577 15597 15579
f 15581 15601 16009
f 15582 16010 16012
f 15583 16013 15587
f 15595 16015 15599
f 15600 16016 16008
f 15603 16005 15666
f 15611 16019 15672
f 15614 15616 16020
f 15618 15657 16029
f 15617 16028 16021
f 15627 15664 16004
f 15626 16002 16000
f 15622 15998 15634
f 15632 15997 15994
f 15631 15993 16036
f 15630 16033 15952
f 15629 15951 15640
f 15636 16039 16047
f 15637 15950 16041
f 15643 16044 16053
f 15641 16051 15652
f 15650 16048 16057
f 15646 16055 16065
f 15645 16064 16068
f 15647 16069 15659
f 15648 15661 15654
f 15658 16066 16031
f 15668 16017 16074
f 15667 16073 15675
f 15674 16072 16078
f 15679 16080 15683
f 15684 16083 15689
f 15685 16081 16084
f 15690 16085 16091
f 15691 16092 15695
f 15696 16097 16107
f 15694 16105 15703
f 15697 16093 16098
f 15702 16104 15755
f 15699 15753 15712
f 15698 15710 15706
f 15711 15752 15715
f 15736 15745 15740
f 15756 16106 15758
f 15761 16115 15770
f 15762 16108 16121
f 15763 16122 16117
f 15771 16116 16127
f 15769 16126 15773
f 15775 16129 15795
f 15776 15796 15779
f 15784 15790 15841
f 15785 15808 15805
f 15788 15806 15801
f 15788 15801 16130
f 15791 16133 16137
f 15793 16138 16143
f 15792 16142 15849
f 15792 15849 15843
f 15794 16128 16118
f 15797 16120 16148
f 15800 16151 16459
f 15800 16459 16152
f 15802 16153 16131
f 15815 16156 16165
f 15811 16164 15821
f 15813 15829 16167
f 15814 16169 16172
f 15816 16174 16158
f 15820 16162 15863
f 15818 15861 15825
f 15830 15835 16168
f 15834 15848 16180
f 15837 16185 16188
f 15838 16189 16191
f 15839 16194 16200
f 15836 16198 16170
f 15847 15857 16178
f 15851 16146 16208
f 15852 16209 15854
f 15858 16210 16179
f 15862 16213 15869
f 15864 16163 16214
f 15870 16215 16224
f 15867 16222 15880
f 15866 15879 15874
f 15878 16227 16238
f 15876 16237 15885
f 15881 16223 16229
f 15895 16243 16246
f 15897 16247 15899
f 15903 16252 15911
f 15905 15912 15907
f 15901 16248 16257
f 15902 16258 16249
f 15915 16268 15917
f 15910 16251 16266
f 15918 16270 15957
f 15927 15986 15932
f 15931 15985 16276
f 15930 16275 16281
f 15933 16283 16285
f 15935 16288 15937
f 15937 16288 16290
f 15940 16294 15943
f 15942 16293 16038
f 15946 16040 15948
f 15954 16034 15987
f 15958 16271 15963
f 15962 16269 16299
f 15961 16298 15968
f 15971 16303 16305
f 15972 16308 16310
f 15973 16314 16316
f 15974 16318 15976
f 15967 16297 16324
f 15966 16323 16328
f 15969 16330 16301
f 15978 16320 16333
f 15980 16336 16273
f 15981 16274 15983
f 15989 16035 15991
f 16018 16027 16075
f 16025 16340 16347
f 16023 16346 16351
f 16022 16350 16356
f 16024 16357 16070
f 16032 16067 16061
f 16030 16060 16364
f 16026 16359 16341
f 16037 16292 16045
f 16042 16368 16052
f 16043 16291 16369
f 16050 16365 16375
f 16049 16374 16058
f 16056 16372 16383
f 16054 16381 16063
f 16062 16380 16390
f 16059 16386 16363
f 16071 16358 16077
f 16082 16392 16086
f 16089 16394 16095
f 16087 16393 16402
f 16088 16403 16405
f 16090 16406 16395
f 16094 16408 16099
f 16096 16396 16410
f 16100 16409 16412
f 16101 16413 16418
f 16102 16420 16428
f 16103 16429 16109
f 16110 16431 16433
f 16113 16435 16437
f 16114 16439 16450
f 16112 16448 16456
f 16111 16453 16124
f 16119 16123 16147
f 16125 16454 16149
f 16132 16155 16136
f 16135 16154 16463
f 16134 16462 16466
f 16139 16468 16470
f 16140 16471 16475
f 16141 16476 16144
f 16145 16477 16207
f 16150 16455 16458
f 16159 16175 16481
f 16161 16483 16492
f 16160 16490 16220
f 16157 16217 16166
f 16171 16199 16173
f 16176 16202 16495
f 16177 16496 16482
f 16184 16502 16504
f 16187 16505 16193
f 16186 16192 16190
f 16181 16211 16509
f 16182 16514 16516
f 16183 16519 16499
f 16196 16522 16201
f 16195 16507 16526
f 16197 16528 16523
f 16204 16524 16533
f 16205 16536 16538
f 16206 16541 16547
f 16203 16544 16497
f 16212 16478 16510
f 16221 16491 16558
f 16219 16556 16567
f 16218 16563 16232
f 16216 16231 16225
f 16234 16564 16569
f 16233 16568 16576
f 16230 16575 16580
f 16228 16579 16583
f 16226 16582 16236
f 16240 16586 16589
f 16241 16591 16595
f 16242 16599 16245
f 16244 16598 16255
f 16250 16261 16263
f 16253 16597 16601
f 16254 16603 16607
f 16256 16608 16610
f 16259 16615 16617
f 16260 16619 16262
f 16267 16629 16295
f 16264 16620 16634
f 16265 16635 16627
f 16272 16335 16279
f 16277 16639 16645
f 16280 16647 16371
f 16282 16373 16284
f 16278 16334 16640
f 16286 16376 16366
f 16287 16367 16289
f 16296 16631 16322
f 16300 16329 16653
f 16302 16655 16658
f 16304 16659 16306
f 16307 16661 16664
f 16309 16667 16311
f 16312 16670 16672
f 16313 16674 16676
f 16315 16677 16317
f 16319 16678 16331
f 16321 16630 16327
f 16326 16686 16652
f 16325 16628 16683
f 16332 16679 16636
f 16338 16692 16695
f 16339 16699 16345
f 16342 16360 16705
f 16337 16702 16691
f 16343 16698 16711
f 16344 16712 16349
f 16348 16710 16355
f 16354 16709 16697
f 16353 16696 16716
f 16362 16385 16721
f 16361 16717 16707
f 16370 16646 16382
f 16379 16641 16726
f 16378 16725 16731
f 16377 16729 16389
f 16388 16728 16736
f 16387 16733 16749
f 16384 16746 16720
f 16399 16750 16415
f 16398 16414 16411
f 16397 16407 16755
f 16400 16756 16751
f 16416 16752 16759
f 16417 16761 16419
f 16426 16764 16774
f 16423 16772 16434
f 16421 16432 16430
f 16422 16763 16778
f 16424 16779 16781
f 16425 16782 16786
f 16427 16789 16766
f 16436 16773 16438
f 16447 16795 16804
f 16446 16802 16810
f 16444 16808 16473
f 16442 16469 16467
f 16440 16464 16451
f 16441 16775 16765
f 16443 16769 16813
f 16445 16815 16792
f 16452 16465 16461
f 16449 16460 16457
f 16474 16809 16820
f 16472 16818 16479
f 16480 16819 16511
f 16486 16824 16834
f 16484 16833 16494
f 16485 16498 16545
f 16487 16546 16836
f 16488 16837 16839
f 16489 16840 16829
f 16493 16832 16559
f 16500 16521 16845
f 16501 16846 16503
f 16506 16848 16850
f 16508 16851 16527
f 16512 16822 16854
f 16513 16856 16859
f 16515 16860 16517
f 16518 16863 16865
f 16520 16866 16844
f 16525 16529 16534
f 16531 16871 16535
f 16530 16853 16878
f 16532 16880 16872
f 16537 16873 16539
f 16540 16876 16884
f 16543 16885 16889
f 16542 16888 16549
f 16550 16895 16843
f 16548 16842 16838
f 16552 16890 16899
f 16553 16900 16903
f 16554 16904 16913
f 16551 16912 16897
f 16560 16835 16825
f 16561 16826 16927
f 16562 16928 16935
f 16557 16932 16944
f 16555 16941 16566
f 16565 16940 16571
f 16572 16946 16954
f 16570 16952 16577
f 16573 16942 16947
f 16585 16957 16588
f 16587 16956 16959
f 16590 16960 16965
f 16592 16968 16605
f 16594 16606 16602
f 16593 16600 16596
f 16604 16967 16972
f 16609 16977 16611
f 16612 16978 16980
f 16613 16982 16625
f 16614 16626 16632
f 16616 16633 16618
f 16623 16981 16979
f 16621 16976 16984
f 16622 16985 16989
f 16624 16995 16682
f 16637 16680 17000
f 16638 17001 16644
f 16642 17004 16727
f 16643 16999 17005
f 16648 16685 16925
f 16649 16926 17007
f 16650 17009 17014
f 16651 17016 17018
f 16654 17024 16656
f 16657 17027 17029
f 16660 17031 16663
f 16662 17030 17034
f 16665 17035 17038
f 16666 17039 17041
f 16668 17045 17047
f 16669 17048 16671
f 16673 17051 16997
f 16673 16997 16675
f 16684 17055 16921
f 16681 16994 17053
f 16690 16701 17059
f 16688 17057 17068
f 16687 17067 17071
f 16689 17073 16694
f 16693 17072 16715
f 16700 17081 17058
f 16708 16718 17085
f 16706 17084 16744
f 16704 16740 17090
f 16703 17088 17083
f 16714 17070 17094
f 16719 16745 17086
f 16722 17097 16737
f 16724 16738 16730
f 16723 17003 17387
f 16723 17387 17098
f 16735 17095 17104
f 16734 17102 17110
f 16732 17109 16748
f 16747 17107 17114
f 16743 17111 17119
f 16742 17117 17124
f 16741 17123 17134
f 16739 17133 17089
f 16753 16757 16760
f 16758 16777 16762
f 16767 16791 17136
f 16768 17137 17140
f 16770 17142 17146
f 16771 17147 16814
f 16785 17155 17159
f 16784 17158 17168
f 16783 17166 16787
f 16788 17167 17157
f 16790 17160 17135
f 16801 17170 17183
f 16798 17180 17188
f 16796 17186 16805
f 16793 16817 17191
f 16794 17192 17151
f 16797 17152 17193
f 16799 17196 17198
f 16800 17199 17169
f 16807 17187 17205
f 16806 17202 17213
f 16803 17212 16812
f 16811 17210 16821
f 16816 17149 17190
f 16823 17211 16855
f 16830 16841 16893
f 16831 16894 17219
f 16828 17215 17227
f 16827 17225 16929
f 16847 16869 17229
f 16847 17229 16849
f 16852 17233 16877
f 16857 17214 17203
f 16858 17204 16861
f 16862 17206 16864
f 16870 17237 17230
f 16867 17209 17240
f 16868 17241 17236
f 16874 16881 17246
f 16875 17249 16883
f 16879 17235 17255
f 16882 17257 17247
f 16887 17260 16891
f 16886 17250 17259
f 16892 17262 16901
f 16898 16914 17267
f 16896 17265 17221
f 16902 17263 16905
f 16910 17269 16916
f 16906 17264 17275
f 16907 17276 17278
f 16908 17282 17284
f 16909 17289 17291
f 16911 17292 17270
f 16917 17271 17297
f 16922 17301 17303
f 16923 17305 17307
f 16924 17311 17006
f 16920 17054 17316
f 16919 17315 17320
f 16918 17317 17325
f 16915 17323 17268
f 16930 17226 16936
f 16937 17228 17216
f 16938 17217 17327
f 16939 17328 17332
f 16934 17331 17345
f 16933 17341 16950
f 16931 16948 16943
f 16945 17347 16953
f 16949 17340 17348
f 16961 17353 17356
f 16962 17358 17360
f 16963 17362 16969
f 16964 16971 16966
f 16973 17369 17371
f 16974 17375 16987
f 16975 16988 16983
f 16970 17363 17367
f 16990 17382 17324
f 16991 17326 17318
f 16992 17319 17313
f 16993 17314 17052
f 16986 17374 17381
f 16996 17050 17385
f 16998 17386 17002
f 17008 17312 17013
f 17010 17390 17398
f 17012 17400 17402
f 17015 17404 17017
f 17011 17310 17391
f 17019 17405 17408
f 17020 17409 17413
f 17021 17414 17418
f 17022 17421 17425
f 17023 17426 17036
f 17025 17037 17032
f 17026 17033 17028
f 17040 17427 17042
f 17043 17429 17100
f 17044 17103 17046
f 17049 17105 17383
f 17056 17077 17064
f 17062 17076 17433
f 17061 17431 17440
f 17060 17438 17443
f 17063 17444 17446
f 17065 17447 17092
f 17066 17093 17069
f 17082 17087 17132
f 17080 17128 17450
f 17079 17448 17453
f 17078 17452 17464
f 17074 17461 17468
f 17075 17469 17432
f 17096 17384 17106
f 17099 17428 17115
f 17101 17116 17108
f 17113 17422 17474
f 17112 17473 17120
f 17118 17472 17126
f 17121 17477 17131
f 17125 17470 17416
f 17122 17410 17669
f 17122 17669 17480
f 17127 17456 17449
f 17130 17476 17485
f 17129 17482 17457
f 17138 17164 17487
f 17139 17489 17141
f 17143 17490 17493
f 17144 17496 17498
f 17145 17500 17148
f 17150 17501 17503
f 17153 17505 17194
f 17156 17512 17161
f 17162 17513 17515
f 17163 17516 17518
f 17165 17519 17488
f 17178 17522 17531
f 17177 17528 17537
f 17173 17533 17543
f 17171 17540 17184
f 17172 17201 17546
f 17174 17549 17553
f 17175 17554 17556
f 17176 17557 17561
f 17179 17563 17524
f 17185 17541 17243
f 17182 17239 17208
f 17181 17207 17189
f 17195 17506 17197
f 17200 17508 17545
f 17223 17376 17566
f 17220 17565 17336
f 17218 17335 17329
f 17222 17266 17321
f 17224 17322 17379
f 17231 17238 17242
f 17232 17245 17569
f 17234 17570 17254
f 17244 17542 17568
f 17248 17258 17576
f 17251 17577 17580
f 17253 17581 17274
f 17252 17273 17261
f 17256 17573 17575
f 17272 17293 17298
f 17277 17582 17279
f 17280 17585 17587
f 17281 17589 17283
f 17285 17591 17595
f 17286 17599 17601
f 17287 17602 17608
f 17288 17609 17290
f 17294 17610 17613
f 17295 17614 17800
f 17295 17800 17615
f 17296 17616 17299
f 17300 17620 17622
f 17302 17623 17304
f 17306 17624 17308
f 17309 17627 17389
f 17333 17629 17638
f 17330 17634 17344
f 17337 17567 17377
f 17339 17378 17640
f 17338 17639 17368
f 17334 17365 17631
f 17343 17633 17646
f 17342 17645 17349
f 17351 17649 17635
f 17352 17636 17354
f 17355 17637 17628
f 17357 17630 17364
f 17359 17366 17361
f 17370 17641 17372
f 17373 17642 17380
f 17388 17626 17396
f 17393 17625 17653
f 17392 17652 17657
f 17394 17658 17663
f 17395 17664 17668
f 17397 17670 17411
f 17399 17412 17406
f 17401 17407 17403
f 17417 17471 17672
f 17415 17671 17419
f 17420 17674 17424
f 17423 17673 17475
f 17430 17467 17439
f 17437 17466 17680
f 17434 17678 17684
f 17435 17685 17687
f 17436 17688 17442
f 17455 17481 17693
f 17454 17692 17699
f 17451 17698 17463
f 17462 17696 17709
f 17458 17707 17712
f 17459 17713 17677
f 17460 17679 17465
f 17479 17665 17718
f 17478 17717 17486
f 17484 17714 17724
f 17483 17723 17694
f 17492 17727 17494
f 17491 17520 17726
f 17495 17728 17497
f 17499 17730 17732
f 17502 17734 17504
f 17507 17739 17741
f 17509 17743 17745
f 17510 17747 17547
f 17521 17753 17729
f 17525 17564 17758
f 17526 17759 17763
f 17527 17764 17597
f 17523 17596 17532
f 17530 17592 17772
f 17529 17771 17539
f 17538 17769 17777
f 17536 17774 17578
f 17535 17574 17572
f 17534 17571 17544
f 17548 17748 17550
f 17551 17751 17783
f 17552 17784 17700
f 17555 17704 17558
f 17559 17705 17756
f 17560 17757 17562
f 17579 17775 17583
f 17584 17776 17586
f 17588 17778 17786
f 17590 17789 17594
f 17593 17788 17773
f 17598 17765 17600
f 17606 17767 17720
f 17607 17721 17791
f 17605 17790 17796
f 17604 17795 17802
f 17603 17801 17612
f 17611 17800 17614
f 17617 17805 17655
f 17618 17656 17650
f 17619 17651 17621
f 17632 17648 17644
f 17654 17804 17661
f 17659 17798 17808
f 17662 17810 17667
f 17660 17803 17799
f 17666 17809 17719
f 17676 17817 17683
f 17675 17711 17816
f 17682 17814 17820
f 17690 17722 17768
f 17689 17766 17761
f 17691 17762 17697
f 17695 17760 17708
f 17701 17785 17824
f 17702 17825 17827
f 17703 17831 17812
f 17706 17815 17710
f 17716 17806 17793
f 17715 17792 17725
f 17731 17754 17733
f 17738 17833 17740
f 17735 17755 17837
f 17736 17838 17840
f 17737 17841 17832
f 17742 17834 17844
f 17744 17846 17746
f 17749 17850 17853
f 17750 17855 17782
f 17770 17787 17779
f 17780 17854 17851
f 17781 17852 17822
f 17794 17807 17797
f 17811 17830 17858
f 17813 17859 17819
f 17821 17849 17863
f 17823 17864 17867
f 17826 17868 17828
f 17829 17869 17857
f 17835 17842 17845
f 17843 17871 17847
f 17848 17872 17862
f 17876 17884 17887
f 17877 17889 17891
f 17879 17894 17898
f 17878 17897 17901
f 17874 17900 17955
f 17874 17955 17908
f 17873 17907 17912
f 17875 17913 17880
f 17882 17922 17931
f 17883 17934 17886
f 17881 17915 17917
f 17885 17933 17936
f 17888 17938 17940
f 17888 17940 17890
f 17892 17942 17946
f 17893 17947 17896
f 17895 17943 17951
f 17895 17951 17899
f 17899 17951 17958
f 17899 17958 17953
f 17906 17964 17911
f 17904 17954 17968
f 17903 17967 17974
f 17902 17973 17979
f 17905 17981 17963
f 17914 17985 17916
f 17910 17962 17993
f 17909 17991 17984
f 17920 17998 18002
f 17921 18004 17924
f 17918 17986 18014
f 17919 18015 17997
f 17923 18003 18019
f 17925 18020 18024
f 17926 18025 18028
f 17927 18029 18032
f 17928 18033 18038
f 17929 18040 18042
f 17930 18045 18047
f 17932 18049 17935
f 17937 18051 18053
f 17937 18053 17939
f 17941 18057 17945
f 17944 18056 18060
f 17943 18058 17951
f 17952 18062 18066
f 17952 18066 18069
f 17952 18069 18073
f 17952 18073 18077
f 17949 18076 18269
f 17949 18269 18473
f 17949 18473 18707
f 17949 18707 18956
f 17949 18956 19267
f 17949 19267 19263
f 17949 19263 19583
f 17949 19583 19911
f 17949 19911 19906
f 17949 19906 20243
f 17949 20243 20584
f 17949 20584 20580
f 17949 20580 20953
f 17949 20953 21282
f 17949 21282 21533
f 17949 21533 21528
f 17949 21528 21525
f 17949 21525 21519
f 17949 21519 21735
f 17949 21735 21879
f 17949 21879 21963
f 17949 21963 21983
f 17949 21983 21978
f 17949 21978 22003
f 17949 22003 22012
f 17949 22012 21991
f 17949 21991 21916
f 17949 21916 21907
f 17949 21907 21759
f 17949 21759 21546
f 17949 21546 21287
f 17949 21287 20958
f 17949 20958 20588
f 17949 20588 20247
f 17949 20247 19914
f 17949 19914 19587
f 17949 19587 19272
f 17949 19272 18960
f 17949 18960 18717
f 17949 18717 18714
f 17949 18714 18711
f 17949 18711 18476
f 17950 18477 18274
f 17949 18273 18081
f 17948 18080 18094
f 17948 18094 17956
f 17951 18058 18084
f 17951 18084 18088
f 17951 18088 18091
f 17951 18091 18061
f 17953 17958 17965
f 17957 18095 18099
f 17959 18102 18104
f 17959 18104 18108
f 17959 18108 18111
f 17959 18111 18116
f 17958 18115 17965
f 17960 17980 18121
f 17961 18122 17992
f 17966 18118 17972
f 17971 18117 18114
f 17970 18113 18129
f 17969 18127 17976
f 17975 18126 18132
f 17977 18133 18138
f 17978 18139 18119
f 17983 17990 18147
f 17982 18146 18008
f 17988 18120 18141
f 17987 18140 18152
f 17989 18153 18143
f 17995 18158 18161
f 17996 18163 18000
f 17994 18013 18157
f 17999 18162 18167
f 18001 18169 18017
f 18005 18145 18174
f 18006 18175 18178
f 18007 18180 18186
f 18009 18189 18193
f 18010 18194 18197
f 18011 18199 18201
f 18012 18204 18154
f 18016 18168 18208
f 18018 18209 18021
f 18022 18210 18214
f 18023 18215 18026
f 18027 18216 18030
f 18031 18217 18035
f 18034 18213 18223
f 18036 18224 18226
f 18037 18227 18229
f 18039 18232 18235
f 18041 18236 18043
f 18044 18238 18240
f 18046 18241 18048
f 18050 18245 18247
f 18050 18247 18052
f 18054 18249 18086
f 18055 18087 18059
f 18063 18251 18261
f 18064 18262 18068
f 18065 18092 18285
f 18065 18285 18255
f 18067 18259 18072
f 18070 18266 18075
f 18071 18257 18268
f 18074 18265 18079
f 18078 18264 18272
f 18082 18276 18485
f 18082 18485 18727
f 18082 18727 18984
f 18082 18984 19309
f 18082 19309 19642
f 18082 19642 19980
f 18082 19980 20334
f 18082 20334 20699
f 18082 20699 20703
f 18082 20703 20770
f 18082 20770 20393
f 18082 20393 20047
f 18083 20048 20042
f 18082 20041 20038
f 18082 20038 19699
f 18082 19699 19373
f 18082 19373 19368
f 18082 19368 19064
f 18082 19064 18754
f 18082 18754 18493
f 18082 18493 18291
f 18082 18291 18098
f 18085 18248 18283
f 18085 18283 18090
f 18089 18278 18287
f 18089 18287 18093
f 18097 18289 18295
f 18096 18292 18100
f 18101 18293 18486
f 18101 18486 18728
f 18101 18728 18993
f 18101 18993 19327
f 18101 19327 19665
f 18101 19665 20015
f 18101 20015 20341
f 18101 20341 20713
f 18101 20713 20710
f 18101 20710 20704
f 18101 20704 21058
f 18101 21058 21348
f 18101 21348 21494
f 18101 21494 21222
f 18101 21222 21209
f 18101 21209 20894
f 18101 20894 20531
f 18101 20531 20527
f 18101 20527 20186
f 18101 20186 20167
f 18101 20167 20164
f 18101 20164 19837
f 18101 19837 19833
f 18101 19833 19487
f 18101 19487 19484
f 18101 19484 19173
f 18101 19173 19170
f 18101 19170 19166
f 18101 19166 19215
f 18101 19215 19211
f 18101 19211 18883
f 18101 18883 18776
f 18101 18776 18772
f 18101 18772 18768
f 18101 18768 18512
f 18101 18512 18508
f 18101 18508 18765
f 18101 18765 18498
f 18101 18498 18494
f 18101 18494 18296
f 18103 18297 18105
f 18106 18299 18302
f 18107 18304 18124
f 18107 18124 18109
f 18110 18128 18112
f 18123 18303 18308
f 18125 18311 18131
f 18130 18310 18136
f 18137 18318 18150
f 18135 18309 18323
f 18134 18322 18317
f 18142 18151 18327
f 18144 18329 18172
f 18148 18316 18336
f 18149 18337 18326
f 18155 18205 18340
f 18156 18343 18160
f 18159 18342 18165
f 18164 18341 18347
f 18166 18350 18206
f 18170 18328 18354
f 18171 18355 18360
f 18173 18362 18176
f 18179 18367 18185
f 18177 18363 18366
f 18184 18378 18380
f 18187 18384 18386
f 18188 18388 18190
f 18183 18365 18397
f 18181 18395 18400
f 18182 18402 18373
f 18191 18389 18409
f 18192 18411 18413
f 18195 18416 18418
f 18196 18419 18198
f 18200 18422 18202
f 18203 18424 18339
f 18207 18351 18212
f 18211 18349 18221
f 18222 18428 18225
f 18220 18348 18437
f 18218 18436 18683
f 18218 18683 18443
f 18219 18444 18427
f 18228 18430 18230
f 18231 18431 18445
f 18234 18447 18242
f 18233 18239 18237
f 18243 18448 18281
f 18244 18282 18246
f 18252 18450 18459
f 18250 18456 18260
f 18254 18284 18463
f 18253 18460 18451
f 18258 18454 18472
f 18256 18470 18267
f 18263 18469 18271
f 18270 18468 18475
f 18275 18479 18484
f 18280 18446 18432
f 18279 18429 18465
f 18277 18464 18286
f 18288 18487 18294
f 18290 18489 18730
f 18290 18730 18488
f 18298 18497 18301
f 18300 18496 18307
f 18306 18495 18502
f 18305 18501 18321
f 18315 18319 18506
f 18312 18505 18510
f 18313 18511 18514
f 18314 18516 18331
f 18320 18500 18507
f 18325 18335 18522
f 18324 18521 18353
f 18330 18515 18525
f 18332 18526 18530
f 18333 18531 18536
f 18334 18537 18517
f 18338 18423 18346
f 18344 18544 18668
f 18344 18668 18435
f 18345 18421 18545
f 18352 18520 18359
f 18358 18519 18549
f 18356 18548 18552
f 18357 18554 18392
f 18361 18396 18364
f 18374 18558 18560
f 18375 18564 18566
f 18376 18568 18571
f 18377 18574 18379
f 18372 18401 18579
f 18370 18576 18582
f 18369 18581 18594
f 18368 18593 18597
f 18371 18599 18556
f 18381 18575 18603
f 18382 18605 18607
f 18383 18610 18404
f 18385 18406 18387
f 18391 18553 18620
f 18390 18619 18623
f 18393 18624 18630
f 18394 18632 18398
f 18399 18633 18578
f 18403 18609 18636
f 18405 18637 18641
f 18407 18643 18644
f 18408 18645 18649
f 18410 18650 18412
f 18414 18652 18654
f 18415 18655 18417
f 18420 18658 18543
f 18426 18442 18664
f 18425 18663 18462
f 18434 18666 18676
f 18433 18674 18682
f 18440 18678 18689
f 18438 18687 18693
f 18439 18694 18698
f 18441 18699 18659
f 18449 18661 18458
f 18452 18461 18662
f 18457 18660 18700
f 18455 18696 18706
f 18453 18704 18471
f 18466 18703 18709
f 18467 18710 18474
f 18478 18713 18483
f 18482 18712 18716
f 18481 18715 18721
f 18480 18720 18726
f 18490 18747 18732
f 18492 18752 18764
f 18491 18760 18750
f 18499 18767 18504
f 18503 18766 18509
f 18513 18771 18524
f 18518 18538 18546
f 18523 18770 18529
f 18528 18769 18775
f 18527 18774 18535
f 18539 18618 18550
f 18540 18551 18547
f 18534 18773 18779
f 18532 18778 18782
f 18533 18783 18614
f 18541 18657 18787
f 18542 18788 18667
f 18555 18598 18796
f 18557 18798 18801
f 18559 18802 18561
f 18562 18803 18806
f 18563 18807 18810
f 18565 18812 18567
f 18569 18815 18817
f 18570 18818 18572
f 18573 18820 18601
f 18577 18631 18583
f 18580 18629 18592
f 18590 18627 18823
f 18589 18821 18830
f 18587 18827 18835
f 18586 18834 18847
f 18584 18844 18849
f 18585 18850 18855
f 18588 18859 18861
f 18591 18862 18595
f 18596 18865 18795
f 18600 18819 18869
f 18602 18871 18873
f 18604 18876 18606
f 18608 18877 18634
f 18616 18829 18879
f 18617 18882 18622
f 18613 18781 18887
f 18611 18885 18890
f 18612 18891 18896
f 18615 18897 18828
f 18621 18881 18628
f 18625 18880 18831
f 18626 18832 18822
f 18635 18878 18640
f 18638 18901 18905
f 18642 18908 18646
f 18643 18647 18644
f 18639 18875 18902
f 18648 18909 18913
f 18651 18915 18653
f 18656 18916 18786
f 18665 18785 18675
f 18673 18784 18914
f 18669 18912 18920
f 18670 18921 18924
f 18671 18926 18928
f 18672 18930 18681
f 18680 18929 18927
f 18679 18925 18937
f 18677 18936 18688
f 18684 18933 18942
f 18685 18944 18946
f 18686 18949 18691
f 18690 18948 18953
f 18692 18955 18697
f 18695 18954 18705
f 18701 18952 18958
f 18702 18959 18708
f 18718 18963 18967
f 18719 18968 18725
f 18723 18972 18978
f 18724 18979 18981
f 18722 18966 18971
f 18729 18988 18995
f 18733 18748 18996
f 18736 18997 19000
f 18737 19001 19005
f 18738 19006 19009
f 18739 19010 19014
f 18740 19015 19018
f 18741 19019 19022
f 18742 19023 19027
f 18743 19028 19031
f 18744 19032 19035
f 18746 19036 19043
f 18745 19042 19050
f 18735 19047 19053
f 18734 19052 19060
f 18731 19059 18990
f 18749 18759 18999
f 18753 19062 19069
f 18751 19067 18763
f 18762 19065 19075
f 18761 19073 19081
f 18758 19078 19092
f 18755 19090 19096
f 18756 19097 19003
f 18757 19004 18998
f 18777 18886 18780
f 18789 18864 19104
f 18790 19105 19107
f 18791 19108 19113
f 18792 19114 19120
f 18793 19121 19124
f 18794 19126 19128
f 18797 19135 18800
f 18799 19134 18805
f 18808 19138 19140
f 18809 19141 18811
f 18804 19133 19137
f 18813 19146 18867
f 18814 18868 18816
f 18824 18895 19150
f 18825 19151 18845
f 18826 18846 18833
f 18841 19159 19161
f 18842 19165 18853
f 18843 18854 18848
f 18840 19147 19168
f 18839 19167 19172
f 18838 19171 19177
f 18836 19176 19179
f 18837 19180 19157
f 18856 19187 19189
f 18857 19191 19194
f 18858 19195 18860
f 18851 19164 19201
f 18852 19202 19185
f 18863 19198 19102
f 18866 19145 19205
f 18870 19208 18872
f 18874 19210 18899
f 18884 19214 18889
f 18888 19213 18894
f 18892 19212 19217
f 18893 19218 19149
f 18898 19209 19222
f 18900 19224 18904
f 18903 19223 19230
f 18906 19231 19235
f 18907 19236 18910
f 18911 19237 18919
f 18918 19234 19247
f 18917 19246 18923
f 18922 19245 18935
f 18934 19243 19252
f 18932 19251 19256
f 18931 19255 18941
f 18938 19260 19265
f 18939 19266 19268
f 18943 19269 18945
f 18940 19253 19261
f 18947 19270 18950
f 18951 19271 18957
f 18961 19275 19279
f 18962 19280 18964
f 18965 19282 18970
f 18969 19281 18977
f 18974 19277 19288
f 18973 19286 19292
f 18975 19294 19296
f 18976 19297 19300
f 18980 19302 18982
f 18983 19306 19308
f 18986 19314 18994
f 18989 19056 19316
f 18987 19315 19323
f 18985 19321 19313
f 18992 19311 19645
f 18991 19644 19326
f 19002 19095 19008
f 19007 19094 19013
f 19012 19093 19089
f 19011 19087 19017
f 19016 19086 19021
f 19020 19084 19026
f 19025 19083 19335
f 19024 19332 19030
f 19029 19331 19034
f 19033 19330 19041
f 19040 19329 19338
f 19039 19337 19346
f 19038 19344 19352
f 19037 19349 19046
f 19045 19348 19357
f 19044 19356 19051
f 19049 19354 19365
f 19048 19364 19055
f 19054 19362 19061
f 19058 19359 19325
f 19057 19324 19317
f 19063 19367 19071
f 19070 19366 19372
f 19068 19371 19380
f 19066 19376 19076
f 19074 19375 19385
f 19072 19384 19080
f 19079 19382 19389
f 19077 19387 19091
f 19088 19386 19395
f 19085 19393 19405
f 19082 19404 19334
f 19098 19413 19422
f 19099 19425 19427
f 19100 19428 19111
f 19103 19112 19106
f 19101 19197 19414
f 19110 19426 19424
f 19109 19423 19116
f 19117 19438 19440
f 19118 19442 19444
f 19119 19447 19123
f 19115 19421 19435
f 19122 19446 19450
f 19125 19451 19127
f 19129 19452 19458
f 19130 19461 19463
f 19131 19466 19468
f 19132 19469 19136
f 19139 19470 19142
f 19143 19472 19475
f 19144 19477 19204
f 19148 19216 19169
f 19160 19481 19162
f 19156 19178 19175
f 19155 19174 19486
f 19154 19485 19490
f 19152 19489 19493
f 19153 19494 19500
f 19158 19502 19478
f 19163 19482 19199
f 19183 19200 19483
f 19182 19480 19508
f 19181 19507 19514
f 19184 19516 19518
f 19186 19520 19188
f 19192 19525 19411
f 19193 19412 19196
f 19190 19522 19524
f 19203 19476 19529
f 19206 19530 19533
f 19207 19534 19221
f 19219 19532 19544
f 19220 19545 19229
f 19227 19541 19550
f 19225 19549 19552
f 19226 19553 19558
f 19228 19559 19232
f 19233 19560 19244
f 19240 19564 19570
f 19239 19569 19575
f 19238 19574 19577
f 19242 19582 19249
f 19241 19554 19565
f 19248 19581 19258
f 19250 19262 19254
f 19257 19580 19585
f 19259 19586 19264
f 19273 19592 19595
f 19274 19598 19278
f 19276 19597 19287
f 19284 19602 19611
f 19285 19612 19291
f 19283 19596 19601
f 19290 19616 19620
f 19293 19622 19295
f 19289 19610 19615
f 19298 19628 19301
f 19299 19624 19629
f 19303 19631 19634
f 19304 19635 19639
f 19305 19640 19307
f 19312 19319 19654
f 19310 19652 19988
f 19310 19988 19643
f 19322 19358 19657
f 19320 19655 19662
f 19318 19661 19653
f 19328 19647 19666
f 19333 19402 19341
f 19340 19401 19672
f 19339 19671 19679
f 19336 19677 19345
f 19343 19676 19684
f 19342 19683 19351
f 19350 19680 19690
f 19347 19689 19355
f 19353 19686 19363
f 19361 19685 19695
f 19360 19692 19999
f 19360 19999 19658
f 19370 19697 19703
f 19369 19702 19379
f 19374 19399 19383
f 19378 19701 19709
f 19377 19707 19400
f 19381 19396 19388
f 19392 19674 19403
f 19398 19706 19713
f 19397 19712 19725
f 19394 19724 19729
f 19391 19726 19734
f 19390 19733 19673
f 19409 19744 19416
f 19410 19523 19521
f 19408 19519 19748
f 19407 19747 19755
f 19406 19754 19739
f 19415 19743 19757
f 19417 19758 19763
f 19418 19764 19771
f 19419 19772 19776
f 19420 19777 19429
f 19430 19778 19782
f 19432 19783 20142
f 19431 20141 19784
f 19433 19787 20153
f 19434 20154 19788
f 19436 19789 19793
f 19437 19794 19439
f 19441 19796 19798
f 19441 19798 19443
f 19445 19802 19449
f 19448 19801 19456
f 19455 19800 19806
f 19454 19805 19811
f 19453 19810 19815
f 19457 19816 19818
f 19459 19821 19823
f 19460 19824 19462
f 19464 19826 19828
f 19465 19829 19467
f 19471 19831 19473
f 19474 19832 19527
f 19479 19503 19506
f 19488 19835 19491
f 19492 19836 19499
f 19497 19834 19840
f 19495 19839 19844
f 19496 19845 19851
f 19498 19854 19856
f 19501 19859 19505
f 19504 19858 19512
f 19511 19867 19750
f 19513 19752 19745
f 19515 19746 19517
f 19510 19857 19872
f 19509 19871 19864
f 19526 19830 19542
f 19528 19543 19531
f 19539 19827 19825
f 19538 19822 19820
f 19537 19819 19880
f 19535 19879 19883
f 19536 19884 19889
f 19540 19891 19546
f 19547 19892 19556
f 19548 19557 19551
f 19555 19890 19566
f 19562 19898 19901
f 19563 19905 19568
f 19561 19887 19897
f 19567 19904 19573
f 19571 19903 19908
f 19572 19909 19576
f 19578 19910 19912
f 19579 19913 19584
f 19588 19919 19923
f 19589 19924 19606
f 19590 19607 19925
f 19591 19928 19594
f 19593 19927 19600
f 19599 19926 19609
f 19605 19922 19934
f 19603 19931 19936
f 19604 19938 19940
f 19608 19945 19614
f 19613 19944 19618
f 19619 19950 19952
f 19621 19954 19956
f 19623 19959 19961
f 19626 19963 19965
f 19627 19967 19633
f 19625 19632 19630
f 19617 19943 19949
f 19636 19969 19971
f 19637 19972 19977
f 19638 19979 19641
f 19649 19982 19667
f 19646 19991 19993
f 19648 19994 19981
f 19650 19660 20011
f 19651 20012 19987
f 19656 19997 19663
f 19664 19998 20005
f 19659 20002 20359
f 19659 20359 20010
f 19668 19983 20016
f 19670 19731 20027
f 19669 20025 19678
f 19675 20023 19682
f 19681 20021 19691
f 19688 20020 20034
f 19687 20032 19696
f 19693 20008 20000
f 19694 20031 20009
f 19698 20035 19704
f 19705 20036 19716
f 19700 19715 19708
f 19720 20037 20040
f 19719 20039 20046
f 19718 20043 20052
f 19717 20049 20056
f 19714 20054 20061
f 19711 20058 20067
f 19710 20066 19723
f 19722 20065 20079
f 19721 20078 19728
f 19727 20077 19735
f 19730 20081 20026
f 19732 20073 20082
f 19738 19753 20090
f 19736 20088 20094
f 19737 20095 20097
f 19740 20103 20105
f 19741 20106 19761
f 19742 19762 19756
f 19751 20111 20089
f 19749 19866 20110
f 19760 20104 20102
f 19759 20101 19766
f 19767 20118 20120
f 19768 20123 20125
f 19769 20127 20129
f 19770 20132 19774
f 19765 20100 20116
f 19773 20131 20136
f 19775 20137 19781
f 19780 20135 20493
f 19779 20492 20140
f 19785 20144 20146
f 19786 20150 20152
f 19791 20156 19808
f 19791 19808 19803
f 19792 19804 19799
f 19790 19797 19795
f 19807 20155 20162
f 19809 20163 19813
f 19812 20161 19876
f 19814 19878 19817
f 19838 20166 19843
f 19841 20165 20169
f 19842 20170 19849
f 19850 20181 20183
f 19852 20185 19869
f 19853 19870 19855
f 19848 20168 20189
f 19846 20188 20192
f 19847 20193 20176
f 19863 19868 20184
f 19862 20182 20180
f 19861 20179 20196
f 19860 20195 20204
f 19865 20207 20108
f 19873 20212 20216
f 19874 20217 20223
f 19877 20224 19881
f 19875 20160 20213
f 19882 20225 19888
f 19885 20222 20229
f 19886 20230 19896
f 19894 20228 20237
f 19893 20236 20239
f 19895 20242 19900
f 19899 20241 20245
f 19902 20246 19907
f 19915 20249 20255
f 19916 20256 20258
f 19917 20261 20263
f 19918 20266 19921
f 19920 20265 19933
f 19929 20269 20275
f 19930 20276 19935
f 19932 20264 20271
f 19937 20277 20283
f 19939 20285 19941
f 19942 20287 19947
f 19948 20293 20296
f 19951 20298 20300
f 19951 20300 19953
f 19946 20286 20291
f 19955 20302 19957
f 19958 20303 20305
f 19960 20311 20313
f 19960 20313 19962
f 19964 20316 19966
f 19968 20317 20319
f 19970 20322 19973
f 19974 20323 20325
f 19975 20328 20331
f 19976 20333 19978
f 19985 19996 20353
f 19985 20353 20335
f 19986 20336 20343
f 19984 20342 20017
f 19989 20013 20345
f 19990 20346 19992
f 19995 20349 20352
f 20006 20028 20363
f 20007 20364 20369
f 20004 20367 20374
f 20003 20371 20376
f 20001 20375 20358
f 20014 20360 20347
f 20024 20080 20071
f 20022 20070 20384
f 20018 20381 20389
f 20019 20390 20033
f 20030 20387 20370
f 20029 20369 20364
f 20045 20392 20399
f 20044 20396 20053
f 20050 20395 20406
f 20051 20407 20057
f 20055 20402 20062
f 20060 20401 20411
f 20059 20408 20423
f 20059 20423 20068
f 20063 20416 20076
f 20064 20420 20418
f 20075 20412 20427
f 20074 20425 20431
f 20072 20429 20436
f 20069 20435 20383
f 20086 20448 20093
f 20087 20109 20451
f 20085 20449 20205
f 20084 20202 20455
f 20083 20454 20445
f 20092 20462 20464
f 20096 20465 20098
f 20091 20447 20460
f 20099 20466 20115
f 20107 20206 20450
f 20114 20463 20461
f 20112 20459 20470
f 20113 20471 20474
f 20117 20475 20119
f 20121 20476 20481
f 20122 20483 20124
f 20126 20484 20128
f 20130 20487 20134
f 20133 20486 20489
f 20138 20499 20503
f 20143 20505 20145
f 20139 20491 20500
f 20147 20506 20509
f 20148 20512 20158
f 20149 20159 20151
f 20157 20511 20211
f 20175 20523 20525
f 20177 20526 20201
f 20178 20203 20194
f 20174 20190 20529
f 20173 20528 20534
f 20171 20533 20537
f 20172 20538 20520
f 20187 20530 20191
f 20200 20524 20522
f 20198 20521 20543
f 20197 20542 20548
f 20199 20550 20453
f 20209 20510 20555
f 20208 20554 20561
f 20210 20562 20214
f 20215 20563 20221
f 20218 20559 20567
f 20219 20568 20571
f 20220 20573 20227
f 20226 20572 20233
f 20231 20577 20582
f 20234 20583 20585
f 20235 20586 20238
f 20232 20570 20579
f 20240 20587 20244
f 20248 20591 20253
f 20251 20590 20598
f 20250 20597 20602
f 20252 20603 20605
f 20254 20609 20257
f 20259 20610 20268
f 20260 20270 20262
f 20267 20608 20274
f 20273 20607 20618
f 20272 20616 20281
f 20278 20622 20628
f 20280 20630 20632
f 20282 20635 20637
f 20284 20639 20288
f 20279 20615 20623
f 20289 20640 20645
f 20290 20646 20648
f 20292 20653 20294
f 20295 20654 21042
f 20295 21042 20655
f 20297 20659 20661
f 20299 20663 20301
f 20304 20664 20306
f 20307 20665 20669
f 20308 20671 20674
f 20309 20677 20681
f 20310 20682 20688
f 20312 20689 20314
f 20315 20690 20683
f 20318 20684 20320
f 20324 20693 20326
f 20321 20685 20691
f 20329 20697 20332
f 20327 20696 20701
f 20330 20702 20698
f 20339 20705 20712
f 20338 20711 20715
f 20337 20714 20344
f 20340 20355 20706
f 20348 20362 20717
f 20351 20718 20723
f 20350 20722 20354
f 20356 20725 20729
f 20357 20730 20707
f 20361 20379 20755
f 20361 20755 20716
f 20368 20385 20738
f 20366 20736 20744
f 20365 20743 20373
f 20372 20742 20749
f 20372 20749 20377
f 20378 20751 20754
f 20382 20433 20764
f 20380 20762 20388
f 20386 20759 20739
f 20391 20769 20398
f 20397 20767 20775
f 20394 20773 20405
f 20404 20772 20687
f 20403 20679 20782
f 20400 20780 20410
f 20409 20779 20424
f 20413 20787 20428
f 20417 20419 20791
f 20415 20789 20801
f 20414 20799 20788
f 20422 20777 20806
f 20421 20804 20793
f 20426 20786 20432
f 20430 20785 20438
f 20437 20784 20812
f 20434 20809 20765
f 20442 20820 20824
f 20443 20825 20827
f 20446 20831 20456
f 20444 20452 20549
f 20441 20546 20835
f 20440 20834 20841
f 20439 20840 20818
f 20457 20832 20845
f 20458 20847 20468
f 20467 20846 20851
f 20469 20854 20473
f 20472 20853 20857
f 20477 20859 20861
f 20479 20862 20867
f 20480 20868 20872
f 20478 20871 20482
f 20485 20874 20488
f 20490 20876 20497
f 20495 20875 20880
f 20494 20879 20865
f 20496 20866 20882
f 20498 20886 20502
f 20501 20885 20890
f 20504 20892 20507
f 20508 20893 20553
f 20519 20535 20897
f 20517 20896 20902
f 20516 20901 20909
f 20513 20908 20913
f 20514 20915 20917
f 20515 20918 20920
f 20518 20924 20540
f 20532 20898 20536
f 20539 20923 20930
f 20541 20931 20547
f 20545 20839 20833
f 20544 20929 20838
f 20551 20891 20940
f 20552 20941 20560
f 20556 20939 20943
f 20557 20945 20947
f 20558 20951 20564
f 20565 20952 20576
f 20566 20578 20569
f 20574 20950 20955
f 20575 20956 20581
f 20589 20960 20596
f 20592 20959 20963
f 20593 20964 20967
f 20594 20968 20970
f 20595 20973 20599
f 20600 20974 20976
f 20601 20978 20614
f 20604 20617 20606
f 20613 20977 20985
f 20611 20984 20989
f 20612 20990 20621
f 20619 20987 20993
f 20620 20995 20627
f 20625 21001 21003
f 20626 21005 21008
f 20629 21011 20631
f 20624 20994 21000
f 20633 21012 21014
f 20634 21017 20641
f 20636 20643 20638
f 20642 21018 21021
f 20644 21023 21026
f 20647 21028 20649
f 20650 21029 21032
f 20651 21033 21037
f 20652 21038 21040
f 20656 21043 20798
f 20657 20800 21044
f 20658 21046 20666
f 20660 20668 20662
f 20672 21048 20675
f 20667 21047 20792
f 20667 20792 20803
f 20670 20805 20776
f 20673 20778 21049
f 20676 21051 20680
f 20686 20771 20692
f 20678 21050 20781
f 20694 20774 20766
f 20695 20768 20700
f 20708 20731 21052
f 20709 21053 21059
f 20719 20758 21063
f 20720 21064 21068
f 20721 21069 20724
f 20728 21076 21082
f 20726 21081 20732
f 20727 21071 21075
f 20733 21083 21077
f 20734 21078 21084
f 20735 21085 21054
f 20740 20760 21091
f 20737 21089 20746
f 20745 21087 21096
f 20741 21095 20748
f 20747 21093 21099
f 20750 21102 21104
f 20753 21105 21111
f 20752 21110 20756
f 20757 21112 21062
f 20763 20807 21121
f 20761 21118 21092
f 20783 20796 20811
f 20790 21045 20802
f 20797 21041 21039
f 20794 21035 21128
f 20795 21129 20810
f 20808 21125 21123
f 20817 20836 21133
f 20815 21131 21140
f 20813 21137 21144
f 20814 21146 21148
f 20816 21150 21152
f 20819 21155 20821
f 20822 21156 21161
f 20822 21161 21163
f 20823 21164 21165
f 20826 21167 20828
f 20829 21168 21172
f 20830 21174 20843
f 20837 20928 21134
f 20842 21173 21177
f 20844 21179 20850
f 20849 21178 21184
f 20848 21183 21187
f 20852 21189 20856
f 20855 21188 21194
f 20858 21197 20860
f 20864 21198 20881
f 20863 20877 20869
f 20870 20878 20873
f 20883 21199 21203
f 20884 21204 20889
f 20887 21207 20937
f 20888 21202 21208
f 20895 21212 20900
f 20899 21211 20907
f 20905 21221 20911
f 20906 21210 21225
f 20904 21224 21229
f 20903 21228 21219
f 20910 21220 21231
f 20912 21233 21235
f 20914 21237 20916
f 20919 21238 20921
f 20922 21239 20926
f 20925 21236 21248
f 20927 21249 21132
f 20933 21255 21259
f 20934 21261 21263
f 20935 21266 21268
f 20938 21270 20942
f 20936 21206 21281
f 20932 21277 21254
f 20944 21272 20946
f 20948 21273 21284
f 20949 21285 20954
f 20957 21286 21291
f 20957 21291 20962
f 20961 21290 21295
f 20961 21295 20966
f 20965 21294 21300
f 20965 21300 20980
f 20969 20981 20971
f 20972 20982 20975
f 20979 21299 21570
f 20979 21570 21305
f 20983 21308 20988
f 20986 21307 20992
f 20991 21306 20998
f 20996 21309 21580
f 20996 21580 21315
f 20999 21316 21002
f 20997 21304 21569
f 20997 21569 21310
f 21004 21318 21007
f 21006 21317 21321
f 21009 21323 21325
f 21010 21327 21329
f 21013 21332 21015
f 21016 21334 21019
f 21024 21030 21027
f 21020 21335 21126
f 21022 21127 21034
f 21025 21036 21031
f 21057 21337 21060
f 21055 21086 21343
f 21056 21344 21336
f 21061 21338 21349
f 21065 21113 21352
f 21066 21354 21357
f 21067 21358 21070
f 21072 21359 21368
f 21074 21369 21373
f 21073 21372 21079
f 21080 21375 21345
f 21078 21342 21084
f 21090 21117 21382
f 21088 21380 21098
f 21097 21379 21385
f 21094 21383 21389
f 21094 21389 21100
f 21101 21391 21103
f 21109 21395 21402
f 21107 21400 21114
f 21106 21393 21409
f 21108 21412 21394
f 21115 21401 21353
f 21122 21124 21333
f 21120 21331 21418
f 21119 21416 21388
f 21116 21386 21381
f 21130 21247 21139
f 21136 21367 21143
f 21138 21244 21422
f 21135 21421 21366
f 21142 21428 21430
f 21145 21433 21435
f 21147 21437 21149
f 21141 21364 21426
f 21151 21439 21153
f 21154 21440 21157
f 21158 21441 21444
f 21159 21450 21452
f 21160 21453 21162
f 21164 21455 21165
f 21166 21456 21169
f 21170 21457 21460
f 21171 21462 21175
f 21176 21464 21181
f 21180 21463 21467
f 21182 21470 21186
f 21185 21469 21192
f 21190 21478 21482
f 21193 21484 21486
f 21195 21488 21278
f 21196 21279 21200
f 21191 21468 21479
f 21201 21280 21205
f 21215 21493 21243
f 21218 21245 21230
f 21217 21226 21496
f 21216 21495 21351
f 21214 21350 21341
f 21213 21340 21492
f 21223 21497 21227
f 21232 21246 21234
f 21242 21491 21378
f 21240 21377 21500
f 21241 21501 21419
f 21253 21276 21508
f 21252 21507 21511
f 21250 21510 21517
f 21251 21518 21258
f 21256 21515 21523
f 21257 21524 21526
f 21260 21527 21529
f 21262 21530 21264
f 21265 21531 21267
f 21269 21532 21534
f 21271 21535 21283
f 21275 21487 21545
f 21274 21544 21505
f 21289 21547 21552
f 21288 21550 21293
f 21292 21549 21296
f 21298 21557 21301
f 21297 21551 21556
f 21302 21562 21572
f 21303 21558 21564
f 21313 21575 21627
f 21313 21627 21582
f 21311 21571 21583
f 21312 21584 21574
f 21314 21579 21589
f 21314 21589 21320
f 21319 21588 21390
f 21319 21390 21384
f 21322 21387 21414
f 21324 21415 21326
f 21328 21417 21330
f 21339 21347 21490
f 21346 21376 21489
f 21356 21404 21594
f 21355 21593 21360
f 21365 21420 21502
f 21361 21499 21371
f 21362 21596 21598
f 21363 21601 21423
f 21370 21498 21374
f 21392 21592 21408
f 21399 21605 21403
f 21396 21413 21611
f 21397 21612 21615
f 21398 21617 21604
f 21405 21606 21622
f 21406 21623 21595
f 21407 21591 21628
f 21410 21631 21633
f 21411 21634 21610
f 21424 21603 21639
f 21425 21642 21644
f 21427 21646 21429
f 21431 21648 21650
f 21432 21656 21658
f 21434 21659 21436
f 21438 21661 21443
f 21442 21660 21664
f 21445 21665 21669
f 21446 21671 21673
f 21447 21675 21680
f 21448 21683 21685
f 21449 21686 21451
f 21454 21689 21459
f 21458 21688 21692
f 21461 21694 21466
f 21465 21693 21476
f 21475 21690 21699
f 21473 21698 21711
f 21471 21709 21714
f 21472 21715 21719
f 21474 21720 21722
f 21477 21725 21481
f 21480 21724 21540
f 21483 21542 21485
f 21503 21543 21729
f 21504 21730 21514
f 21506 21516 21509
f 21512 21728 21733
f 21513 21734 21522
f 21521 21731 21743
f 21520 21742 21737
f 21536 21752 21757
f 21537 21758 21740
f 21541 21744 21726
f 21539 21723 21721
f 21538 21718 21753
f 21548 21760 21553
f 21555 21761 21764
f 21554 21763 21559
f 21560 21765 21770
f 21561 21771 21567
f 21568 21772 21777
f 21566 21776 21785
f 21565 21783 21587
f 21563 21585 21573
f 21577 21792 21629
f 21576 21586 21782
f 21578 21784 21793
f 21581 21626 21590
f 21597 21624 21599
f 21600 21625 21607
f 21602 21609 21638
f 21608 21620 21637
f 21613 21636 21819
f 21613 21819 21798
f 21614 21799 21616
f 21618 21801 21804
f 21619 21805 21808
f 21621 21810 21814
f 21621 21814 21640
f 21630 21794 21632
f 21635 21795 21818
f 21641 21815 21824
f 21643 21825 21645
f 21647 21826 21649
f 21649 21826 21816
f 21651 21817 21811
f 21652 21812 21827
f 21653 21831 21667
f 21654 21668 21662
f 21655 21663 21657
f 21666 21830 21834
f 21670 21836 21677
f 21672 21678 21674
f 21676 21835 21840
f 21679 21842 21844
f 21681 21846 21696
f 21682 21697 21684
f 21687 21700 21691
f 21695 21845 21710
f 21707 21843 21841
f 21705 21837 21849
f 21703 21847 21855
f 21701 21854 21861
f 21702 21862 21864
f 21704 21867 21869
f 21706 21872 21874
f 21708 21878 21713
f 21712 21877 21717
f 21716 21876 21749
f 21727 21745 21732
f 21736 21741 21882
f 21739 21888 21881
f 21738 21755 21887
f 21747 21894 21899
f 21750 21901 21903
f 21751 21906 21756
f 21748 21875 21873
f 21746 21871 21892
f 21754 21905 21885
f 21762 21908 21766
f 21767 21910 21774
f 21768 21909 21917
f 21769 21918 21911
f 21775 21912 21921
f 21773 21920 21778
f 21779 21922 21925
f 21780 21926 21931
f 21781 21933 21787
f 21790 21851 21939
f 21788 21936 21943
f 21786 21941 21796
f 21789 21935 21859
f 21791 21860 21853
f 21797 21942 21820
f 21800 21823 21803
f 21802 21822 21938
f 21806 21940 21852
f 21806 21852 21945
f 21807 21946 21809
f 21813 21948 21828
f 21821 21944 21937
f 21828 21948 21950
f 21829 21954 21833
f 21832 21953 21839
f 21838 21952 21850
f 21848 21951 21857
f 21856 21949 21947
f 21858 21934 21956
f 21863 21959 21865
f 21866 21960 21868
f 21870 21962 21891
f 21880 21886 21966
f 21884 21904 21902
f 21883 21900 21965
f 21890 21961 21972
f 21889 21971 21975
f 21893 21976 21895
f 21896 21977 21981
f 21897 21982 21984
f 21898 21985 21964
f 21914 21986 21923
f 21913 21919 21992
f 21915 21993 21987
f 21924 21988 21927
f 21928 21955 21932
f 21929 21989 21996
f 21930 21998 21957
f 21958 22001 21967
f 21968 22002 22005
f 21969 22006 22008
f 21970 22010 21973
f 21974 22011 21980
f 21979 22009 22007
f 21990 21994 21997
f 21995 22013 21999
f 22000 22014 22004

