# Generated low-poly visual mesh
o shelf_low_poly_grid
v 0.347 0.18 -0.181
v 0.347 0.18 -0.1796797254
v 0.3431168394 0.18 -0.181
v 0.3356944138 0.18 -0.181
v 0.347 0.18 -0.1771561007
v 0.347 0.18 -0.1745155515
v 0.3279280926 0.18 -0.181
v 0.320505667 0.18 -0.181
v 0.347 0.18 -0.1719919268
v 0.347 0.18 -0.1693513776
v 0.3127393458 0.18 -0.181
v 0.3053169202 0.18 -0.181
v 0.347 0.18 -0.1668277529
v 0.347 0.18 -0.1641872037
v 0.297550599 0.18 -0.181
v 0.2901281734 0.18 -0.181
v 0.347 0.18 -0.1616635789
v 0.347 0.18 -0.1590230298
v 0.2823618522 0.18 -0.181
v 0.2749394266 0.18 -0.181
v 0.347 0.18 -0.156499405
v 0.347 0.18 -0.1538588558
v 0.2671731054 0.18 -0.181
v 0.2597506797 0.18 -0.181
v 0.347 0.18 -0.1513352311
v 0.347 0.18 -0.1486946819
v 0.2519843586 0.18 -0.181
v 0.2445619329 0.18 -0.181
v 0.347 0.18 -0.1461710572
v 0.347 0.18 -0.143530508
v 0.2367956118 0.18 -0.181
v 0.2293731861 0.18 -0.181
v 0.347 0.18 -0.1410068833
v 0.347 0.18 -0.1383663341
v 0.221606865 0.18 -0.181
v 0.2141844393 0.18 -0.181
v 0.347 0.18 -0.1358427094
v 0.347 0.18 -0.1332021602
v 0.2064181182 0.18 -0.181
v 0.1989956925 0.18 -0.181
v 0.347 0.18 -0.1306785355
v 0.347 0.18 -0.1280379863
v 0.1912293714 0.18 -0.181
v 0.1838069457 0.18 -0.181
v 0.347 0.18 -0.1255143615
v 0.347 0.18 -0.1228738124
v 0.1760406246 0.18 -0.181
v 0.1686181989 0.18 -0.181
v 0.347 0.18 -0.1203501876
v 0.347 0.18 -0.1177096385
v 0.1608518778 0.18 -0.181
v 0.1534294521 0.18 -0.181
v 0.347 0.18 -0.1151860137
v 0.347 0.18 -0.1125454645
v 0.145663131 0.18 -0.181
v 0.1382407053 0.18 -0.181
v 0.347 0.18 -0.1100218398
v 0.347 0.18 -0.1073812906
v 0.1304743842 0.18 -0.181
v 0.1230519585 0.18 -0.181
v 0.347 0.18 -0.1048576659
v 0.347 0.18 -0.1022171167
v 0.1152856374 0.18 -0.181
v 0.1078632117 0.18 -0.181
v 0.347 0.18 -0.09969349198
v 0.347 0.18 -0.0970529428
v 0.1000968906 0.18 -0.181
v 0.09267446491 0.18 -0.181
v 0.347 0.18 -0.09452931807
v 0.347 0.18 -0.09188876889
v 0.08490814378 0.18 -0.181
v 0.07748571811 0.18 -0.181
v 0.347 0.18 -0.08936514416
v 0.347 0.18 -0.08672459497
v 0.06971939698 0.18 -0.181
v 0.06229697131 0.18 -0.181
v 0.347 0.18 -0.08420097024
v 0.347 0.18 -0.08156042106
v 0.05453065018 0.18 -0.181
v 0.04710822451 0.18 -0.181
v 0.347 0.18 -0.07903679633
v 0.347 0.18 -0.07639624715
v 0.03934190337 0.18 -0.181
v 0.0319194777 0.18 -0.181
v 0.347 0.18 -0.07387262242
v 0.347 0.18 -0.07123207323
v 0.02415315657 0.18 -0.181
v 0.0167307309 0.18 -0.181
v 0.347 0.18 -0.06870844851
v 0.347 0.18 -0.06606789932
v 0.008964409766 0.18 -0.181
v 0.001541984096 0.18 -0.181
v 0.347 0.18 -0.06354427459
v 0.347 0.18 -0.06090372541
v -0.006224337037 0.18 -0.181
v -0.01364676271 0.18 -0.181
v 0.347 0.18 -0.05838010068
v 0.347 0.18 -0.05573955149
v -0.02141308384 0.18 -0.181
v -0.02883550951 0.18 -0.181
v 0.347 0.18 -0.05321592677
v 0.347 0.18 -0.05057537758
v -0.03660183064 0.18 -0.181
v -0.04402425631 0.18 -0.181
v 0.347 0.18 -0.04805175285
v 0.347 0.18 -0.04541120367
v -0.05179057745 0.18 -0.181
v -0.05921300312 0.18 -0.181
v 0.347 0.18 -0.04288757894
v 0.347 0.18 -0.04024702976
v -0.06697932425 0.18 -0.181
v -0.07440174992 0.18 -0.181
v 0.347 0.18 -0.03772340503
v 0.347 0.18 -0.03508285584
v -0.08216807105 0.18 -0.181
v -0.08959049672 0.18 -0.181
v 0.347 0.18 -0.03255923111
v 0.347 0.18 -0.02991868193
v -0.09735681786 0.18 -0.181
v -0.1047792435 0.18 -0.181
v 0.347 0.18 -0.0273950572
v 0.347 0.18 -0.02475450802
v -0.1125455647 0.18 -0.181
v -0.1199679903 0.18 -0.181
v 0.347 0.18 -0.02223088329
v 0.347 0.18 -0.0195903341
v -0.1277343115 0.18 -0.181
v -0.1351567371 0.18 -0.181
v 0.347 0.18 -0.01706670938
v 0.347 0.18 -0.01442616019
v -0.1429230583 0.18 -0.181
v -0.1503454839 0.18 -0.181
v 0.347 0.18 -0.01190253546
v 0.347 0.18 -0.009261986277
v -0.1581118051 0.18 -0.181
v -0.1655342307 0.18 -0.181
v 0.347 0.18 -0.006738361549
v 0.347 0.18 -0.004097812364
v -0.1733005519 0.18 -0.181
v -0.1807229775 0.18 -0.181
v 0.347 0.18 -0.001574187636
v 0.347 0.18 0.001066361549
v -0.1884892987 0.18 -0.181
v -0.1959117243 0.18 -0.181
v 0.347 0.18 0.003589986277
v 0.347 0.18 0.006230535462
v -0.2036780455 0.18 -0.181
v -0.2111004711 0.18 -0.181
v 0.347 0.18 0.00875416019
v 0.347 0.18 0.01139470938
v -0.2188667923 0.18 -0.181
v -0.226289218 0.18 -0.181
v 0.347 0.18 0.0139183341
v 0.347 0.18 0.01655888329
v -0.2340555391 0.18 -0.181
v -0.2414779648 0.18 -0.181
v 0.347 0.18 0.01908250802
v 0.347 0.18 0.0217230572
v -0.2492442859 0.18 -0.181
v -0.2566667116 0.18 -0.181
v 0.347 0.18 0.02424668193
v 0.347 0.18 0.02688723111
v -0.2644330327 0.18 -0.181
v -0.2718554584 0.18 -0.181
v 0.347 0.18 0.02941085584
v 0.347 0.18 0.03205140503
v -0.2796217795 0.18 -0.181
v -0.2870442052 0.18 -0.181
v 0.347 0.18 0.03457502976
v 0.347 0.18 0.03721557894
v -0.2948105263 0.18 -0.181
v -0.302232952 0.18 -0.181
v 0.347 0.18 0.03973920367
v 0.347 0.18 0.04237975285
v -0.3099992731 0.18 -0.181
v -0.3174216988 0.18 -0.181
v 0.347 0.18 0.04490337758
v 0.347 0.18 0.04754392677
v -0.3251880199 0.18 -0.181
v -0.335 0.18 -0.181
v -0.3326104456 0.18 -0.181
v 0.347 0.18 0.05006755149
v 0.347 0.18 0.05270810068
v -0.335 0.18 -0.1791718993
v -0.335 0.18 -0.1766482746
v 0.347 0.18 0.05523172541
v 0.347 0.18 0.05787227459
v -0.335 0.18 -0.1740077254
v -0.335 0.18 -0.1714841007
v 0.347 0.18 0.06039589932
v 0.347 0.18 0.06303644851
v -0.335 0.18 -0.1688435515
v -0.335 0.18 -0.1663199268
v 0.347 0.18 0.06556007323
v 0.347 0.18 0.06820062242
v -0.335 0.18 -0.1636793776
v -0.335 0.18 -0.1611557529
v 0.347 0.18 0.07072424715
v 0.347 0.18 0.07336479633
v -0.335 0.18 -0.1585152037
v -0.335 0.18 -0.1559915789
v 0.347 0.18 0.07588842106
v 0.347 0.18 0.07852897024
v -0.335 0.18 -0.1533510298
v -0.335 0.18 -0.150827405
v 0.347 0.18 0.08105259497
v 0.347 0.18 0.08369314416
v -0.335 0.18 -0.1481868558
v -0.335 0.18 -0.1456632311
v 0.347 0.18 0.08621676889
v 0.347 0.18 0.08885731807
v -0.335 0.18 -0.1430226819
v -0.335 0.18 -0.1404990572
v 0.347 0.18 0.0913809428
v 0.347 0.18 0.09402149198
v -0.335 0.18 -0.137858508
v -0.335 0.18 -0.1353348833
v 0.347 0.18 0.09654511671
v 0.347 0.18 0.0991856659
v -0.335 0.18 -0.1326943341
v -0.335 0.18 -0.1301707094
v 0.347 0.18 0.1017092906
v 0.347 0.18 0.1043498398
v -0.335 0.18 -0.1275301602
v -0.335 0.18 -0.1250065355
v 0.347 0.18 0.1068734645
v 0.347 0.18 0.1095140137
v -0.335 0.18 -0.1223659863
v -0.335 0.18 -0.1198423615
v 0.347 0.18 0.1120376385
v 0.347 0.18 0.1146781876
v -0.335 0.18 -0.1172018124
v -0.335 0.18 -0.1146781876
v 0.347 0.18 0.1172018124
v 0.347 0.18 0.1198423615
v -0.335 0.18 -0.1120376385
v -0.335 0.18 -0.1095140137
v 0.347 0.18 0.1223659863
v 0.347 0.18 0.1250065355
v -0.335 0.18 -0.1068734645
v -0.335 0.18 -0.1043498398
v 0.347 0.18 0.1275301602
v 0.347 0.18 0.1301707094
v -0.335 0.18 -0.1017092906
v -0.335 0.18 -0.0991856659
v 0.347 0.18 0.1326943341
v 0.347 0.18 0.1353348833
v -0.335 0.18 -0.09654511671
v -0.335 0.18 -0.09402149198
v 0.347 0.18 0.137858508
v 0.347 0.18 0.1404990572
v -0.335 0.18 -0.0913809428
v -0.335 0.18 -0.08885731807
v 0.347 0.18 0.1430226819
v 0.347 0.18 0.1456632311
v -0.335 0.18 -0.08621676889
v -0.335 0.18 -0.08369314416
v 0.347 0.18 0.1481868558
v 0.347 0.18 0.150827405
v -0.335 0.18 -0.08105259497
v -0.335 0.18 -0.07852897024
v 0.347 0.18 0.1533510298
v 0.347 0.18 0.1559915789
v -0.335 0.18 -0.07588842106
v -0.335 0.18 -0.07336479633
v 0.347 0.18 0.1585152037
v 0.347 0.18 0.1611557529
v -0.335 0.18 -0.07072424715
v -0.335 0.18 -0.06820062242
v 0.347 0.18 0.1636793776
v 0.347 0.18 0.1663199268
v -0.335 0.18 -0.06556007323
v -0.335 0.18 -0.06303644851
v 0.347 0.18 0.1688435515
v 0.347 0.18 0.1714841007
v -0.335 0.18 -0.06039589932
v -0.335 0.18 -0.05787227459
v 0.347 0.18 0.1740077254
v 0.347 0.18 0.1766482746
v -0.335 0.18 -0.05523172541
v -0.335 0.18 -0.05270810068
v 0.347 0.18 0.1791718993
v 0.347 0.18 0.181
v 0.3446104456 0.18 0.181
v -0.335 0.18 -0.05006755149
v -0.335 0.18 -0.04754392677
v 0.3371880199 0.18 0.181
v 0.3294216988 0.18 0.181
v -0.335 0.18 -0.04490337758
v -0.335 0.18 -0.04237975285
v 0.3219992731 0.18 0.181
v 0.314232952 0.18 0.181
v -0.335 0.18 -0.03973920367
v -0.335 0.18 -0.03721557894
v 0.3068105263 0.18 0.181
v 0.2990442052 0.18 0.181
v -0.335 0.18 -0.03457502976
v -0.335 0.18 -0.03205140503
v 0.2916217795 0.18 0.181
v 0.2838554584 0.18 0.181
v -0.335 0.18 -0.02941085584
v -0.335 0.18 -0.02688723111
v 0.2764330327 0.18 0.181
v 0.2686667116 0.18 0.181
v -0.335 0.18 -0.02424668193
v -0.335 0.18 -0.0217230572
v 0.2612442859 0.18 0.181
v 0.2534779648 0.18 0.181
v -0.335 0.18 -0.01908250802
v -0.335 0.18 -0.01655888329
v 0.2460555391 0.18 0.181
v 0.238289218 0.18 0.181
v -0.335 0.18 -0.0139183341
v -0.335 0.18 -0.01139470938
v 0.2308667923 0.18 0.181
v 0.2231004711 0.18 0.181
v -0.335 0.18 -0.00875416019
v -0.335 0.18 -0.006230535462
v 0.2156780455 0.18 0.181
v 0.2079117243 0.18 0.181
v -0.335 0.18 -0.003589986277
v -0.335 0.18 -0.001066361549
v 0.2004892987 0.18 0.181
v 0.1927229775 0.18 0.181
v -0.335 0.18 0.001574187636
v -0.335 0.18 0.004097812364
v 0.1853005519 0.18 0.181
v 0.1775342307 0.18 0.181
v -0.335 0.18 0.006738361549
v -0.335 0.18 0.009261986277
v 0.1701118051 0.18 0.181
v 0.1623454839 0.18 0.181
v -0.335 0.18 0.01190253546
v -0.335 0.18 0.01442616019
v 0.1549230583 0.18 0.181
v 0.1471567371 0.18 0.181
v -0.335 0.18 0.01706670938
v -0.335 0.18 0.0195903341
v 0.1397343115 0.18 0.181
v 0.1319679903 0.18 0.181
v -0.335 0.18 0.02223088329
v -0.335 0.18 0.02475450802
v 0.1245455647 0.18 0.181
v 0.1167792435 0.18 0.181
v -0.335 0.18 0.0273950572
v -0.335 0.18 0.02991868193
v 0.1093568179 0.18 0.181
v 0.1015904967 0.18 0.181
v -0.335 0.18 0.03255923111
v -0.335 0.18 0.03508285584
v 0.09416807105 0.18 0.181
v 0.08640174992 0.18 0.181
v -0.335 0.18 0.03772340503
v -0.335 0.18 0.04024702976
v 0.07897932425 0.18 0.181
v 0.07121300312 0.18 0.181
v -0.335 0.18 0.04288757894
v -0.335 0.18 0.04541120367
v 0.06379057745 0.18 0.181
v 0.05602425631 0.18 0.181
v -0.335 0.18 0.04805175285
v -0.335 0.18 0.05057537758
v 0.04860183064 0.18 0.181
v 0.04083550951 0.18 0.181
v -0.335 0.18 0.05321592677
v -0.335 0.18 0.05573955149
v 0.03341308384 0.18 0.181
v 0.02564676271 0.18 0.181
v -0.335 0.18 0.05838010068
v -0.335 0.18 0.06090372541
v 0.01822433704 0.18 0.181
v 0.0104580159 0.18 0.181
v -0.335 0.18 0.06354427459
v -0.335 0.18 0.06606789932
v 0.003035590234 0.18 0.181
v -0.004730730899 0.18 0.181
v -0.335 0.18 0.06870844851
v -0.335 0.18 0.07123207323
v -0.01215315657 0.18 0.181
v -0.0199194777 0.18 0.181
v -0.335 0.18 0.07387262242
v -0.335 0.18 0.07639624715
v -0.02734190337 0.18 0.181
v -0.03510822451 0.18 0.181
v -0.335 0.18 0.07903679633
v -0.335 0.18 0.08156042106
v -0.04253065018 0.18 0.181
v -0.05029697131 0.18 0.181
v -0.335 0.18 0.08420097024
v -0.335 0.18 0.08672459497
v -0.05771939698 0.18 0.181
v -0.06548571811 0.18 0.181
v -0.335 0.18 0.08936514416
v -0.335 0.18 0.09188876889
v -0.07290814378 0.18 0.181
v -0.08067446491 0.18 0.181
v -0.335 0.18 0.09452931807
v -0.335 0.18 0.0970529428
v -0.08809689058 0.18 0.181
v -0.09586321172 0.18 0.181
v -0.335 0.18 0.09969349198
v -0.335 0.18 0.1022171167
v -0.1032856374 0.18 0.181
v -0.1110519585 0.18 0.181
v -0.335 0.18 0.1048576659
v -0.335 0.18 0.1073812906
v -0.1184743842 0.18 0.181
v -0.1262407053 0.18 0.181
v -0.335 0.18 0.1100218398
v -0.335 0.18 0.1125454645
v -0.133663131 0.18 0.181
v -0.1414294521 0.18 0.181
v -0.335 0.18 0.1151860137
v -0.335 0.18 0.1177096385
v -0.1488518778 0.18 0.181
v -0.1566181989 0.18 0.181
v -0.335 0.18 0.1203501876
v -0.335 0.18 0.1228738124
v -0.1640406246 0.18 0.181
v -0.1718069457 0.18 0.181
v -0.335 0.18 0.1255143615
v -0.335 0.18 0.1280379863
v -0.1792293714 0.18 0.181
v -0.1869956925 0.18 0.181
v -0.335 0.18 0.1306785355
v -0.335 0.18 0.1332021602
v -0.1944181182 0.18 0.181
v -0.2021844393 0.18 0.181
v -0.335 0.18 0.1358427094
v -0.335 0.18 0.1383663341
v -0.209606865 0.18 0.181
v -0.2173731861 0.18 0.181
v -0.335 0.18 0.1410068833
v -0.335 0.18 0.143530508
v -0.2247956118 0.18 0.181
v -0.2325619329 0.18 0.181
v -0.335 0.18 0.1461710572
v -0.335 0.18 0.1486946819
v -0.2399843586 0.18 0.181
v -0.2477506797 0.18 0.181
v -0.335 0.18 0.1513352311
v -0.335 0.18 0.1538588558
v -0.2551731054 0.18 0.181
v -0.2629394266 0.18 0.181
v -0.335 0.18 0.156499405
v -0.335 0.18 0.1590230298
v -0.2703618522 0.18 0.181
v -0.2781281734 0.18 0.181
v -0.335 0.18 0.1616635789
v -0.335 0.18 0.1641872037
v -0.285550599 0.18 0.181
v -0.2933169202 0.18 0.181
v -0.335 0.18 0.1668277529
v -0.335 0.18 0.1693513776
v -0.3007393458 0.18 0.181
v -0.308505667 0.18 0.181
v -0.335 0.18 0.1719919268
v -0.335 0.18 0.1745155515
v -0.3159280926 0.18 0.181
v -0.3236944138 0.18 0.181
v -0.335 0.18 0.1771561007
v -0.335 0.18 0.181
v -0.335 0.18 0.1796797254
v -0.3311168394 0.18 0.181
v -0.335 0.18 -0.181
v -0.3311168394 0.18 -0.181
v -0.335 0.18 -0.1796797254
v -0.335 0.18 -0.1771561007
v -0.3236944138 0.18 -0.181
v -0.3159280926 0.18 -0.181
v -0.335 0.18 -0.1745155515
v -0.335 0.18 -0.1719919268
v -0.308505667 0.18 -0.181
v -0.3007393458 0.18 -0.181
v -0.335 0.18 -0.1693513776
v -0.335 0.18 -0.1668277529
v -0.2933169202 0.18 -0.181
v -0.285550599 0.18 -0.181
v -0.335 0.18 -0.1641872037
v -0.335 0.18 -0.1616635789
v -0.2781281734 0.18 -0.181
v -0.2703618522 0.18 -0.181
v -0.335 0.18 -0.1590230298
v -0.335 0.18 -0.156499405
v -0.2629394266 0.18 -0.181
v -0.2551731054 0.18 -0.181
v -0.335 0.18 -0.1538588558
v -0.335 0.18 -0.1513352311
v -0.2477506797 0.18 -0.181
v -0.2399843586 0.18 -0.181
v -0.335 0.18 -0.1486946819
v -0.335 0.18 -0.1461710572
v -0.2325619329 0.18 -0.181
v -0.2247956118 0.18 -0.181
v -0.335 0.18 -0.143530508
v -0.335 0.18 -0.1410068833
v -0.2173731861 0.18 -0.181
v -0.209606865 0.18 -0.181
v -0.335 0.18 -0.1383663341
v -0.335 0.18 -0.1358427094
v -0.2021844393 0.18 -0.181
v -0.1944181182 0.18 -0.181
v -0.335 0.18 -0.1332021602
v -0.335 0.18 -0.1306785355
v -0.1869956925 0.18 -0.181
v -0.1792293714 0.18 -0.181
v -0.335 0.18 -0.1280379863
v -0.335 0.18 -0.1255143615
v -0.1718069457 0.18 -0.181
v -0.1640406246 0.18 -0.181
v -0.335 0.18 -0.1228738124
v -0.335 0.18 -0.1203501876
v -0.1566181989 0.18 -0.181
v -0.1488518778 0.18 -0.181
v -0.335 0.18 -0.1177096385
v -0.335 0.18 -0.1151860137
v -0.1414294521 0.18 -0.181
v -0.133663131 0.18 -0.181
v -0.335 0.18 -0.1125454645
v -0.335 0.18 -0.1100218398
v -0.1262407053 0.18 -0.181
v -0.1184743842 0.18 -0.181
v -0.335 0.18 -0.1073812906
v -0.335 0.18 -0.1048576659
v -0.1110519585 0.18 -0.181
v -0.1032856374 0.18 -0.181
v -0.335 0.18 -0.1022171167
v -0.335 0.18 -0.09969349198
v -0.09586321172 0.18 -0.181
v -0.08809689058 0.18 -0.181
v -0.335 0.18 -0.0970529428
v -0.335 0.18 -0.09452931807
v -0.08067446491 0.18 -0.181
v -0.07290814378 0.18 -0.181
v -0.335 0.18 -0.09188876889
v -0.335 0.18 -0.08936514416
v -0.06548571811 0.18 -0.181
v -0.05771939698 0.18 -0.181
v -0.335 0.18 -0.08672459497
v -0.335 0.18 -0.08420097024
v -0.05029697131 0.18 -0.181
v -0.04253065018 0.18 -0.181
v -0.335 0.18 -0.08156042106
v -0.335 0.18 -0.07903679633
v -0.03510822451 0.18 -0.181
v -0.02734190337 0.18 -0.181
v -0.335 0.18 -0.07639624715
v -0.335 0.18 -0.07387262242
v -0.0199194777 0.18 -0.181
v -0.01215315657 0.18 -0.181
v -0.335 0.18 -0.07123207323
v -0.335 0.18 -0.06870844851
v -0.004730730899 0.18 -0.181
v 0.003035590234 0.18 -0.181
v -0.335 0.18 -0.06606789932
v -0.335 0.18 -0.06354427459
v 0.0104580159 0.18 -0.181
v 0.01822433704 0.18 -0.181
v -0.335 0.18 -0.06090372541
v -0.335 0.18 -0.05838010068
v 0.02564676271 0.18 -0.181
v 0.03341308384 0.18 -0.181
v -0.335 0.18 -0.05573955149
v -0.335 0.18 -0.05321592677
v 0.04083550951 0.18 -0.181
v 0.04860183064 0.18 -0.181
v -0.335 0.18 -0.05057537758
v -0.335 0.18 -0.04805175285
v 0.05602425631 0.18 -0.181
v 0.06379057745 0.18 -0.181
v -0.335 0.18 -0.04541120367
v -0.335 0.18 -0.04288757894
v 0.07121300312 0.18 -0.181
v 0.07897932425 0.18 -0.181
v -0.335 0.18 -0.04024702976
v -0.335 0.18 -0.03772340503
v 0.08640174992 0.18 -0.181
v 0.09416807105 0.18 -0.181
v -0.335 0.18 -0.03508285584
v -0.335 0.18 -0.03255923111
v 0.1015904967 0.18 -0.181
v 0.1093568179 0.18 -0.181
v -0.335 0.18 -0.02991868193
v -0.335 0.18 -0.0273950572
v 0.1167792435 0.18 -0.181
v 0.1245455647 0.18 -0.181
v -0.335 0.18 -0.02475450802
v -0.335 0.18 -0.02223088329
v 0.1319679903 0.18 -0.181
v 0.1397343115 0.18 -0.181
v -0.335 0.18 -0.0195903341
v -0.335 0.18 -0.01706670938
v 0.1471567371 0.18 -0.181
v 0.1549230583 0.18 -0.181
v -0.335 0.18 -0.01442616019
v -0.335 0.18 -0.01190253546
v 0.1623454839 0.18 -0.181
v 0.1701118051 0.18 -0.181
v -0.335 0.18 -0.009261986277
v -0.335 0.18 -0.006738361549
v 0.1775342307 0.18 -0.181
v 0.1853005519 0.18 -0.181
v -0.335 0.18 -0.004097812364
v -0.335 0.18 -0.001574187636
v 0.1927229775 0.18 -0.181
v 0.2004892987 0.18 -0.181
v -0.335 0.18 0.001066361549
v -0.335 0.18 0.003589986277
v 0.2079117243 0.18 -0.181
v 0.2156780455 0.18 -0.181
v -0.335 0.18 0.006230535462
v -0.335 0.18 0.00875416019
v 0.2231004711 0.18 -0.181
v 0.2308667923 0.18 -0.181
v -0.335 0.18 0.01139470938
v -0.335 0.18 0.0139183341
v 0.238289218 0.18 -0.181
v 0.2460555391 0.18 -0.181
v -0.335 0.18 0.01655888329
v -0.335 0.18 0.01908250802
v 0.2534779648 0.18 -0.181
v 0.2612442859 0.18 -0.181
v -0.335 0.18 0.0217230572
v -0.335 0.18 0.02424668193
v 0.2686667116 0.18 -0.181
v 0.2764330327 0.18 -0.181
v -0.335 0.18 0.02688723111
v -0.335 0.18 0.02941085584
v 0.2838554584 0.18 -0.181
v 0.2916217795 0.18 -0.181
v -0.335 0.18 0.03205140503
v -0.335 0.18 0.03457502976
v 0.2990442052 0.18 -0.181
v 0.3068105263 0.18 -0.181
v -0.335 0.18 0.03721557894
v -0.335 0.18 0.03973920367
v 0.314232952 0.18 -0.181
v 0.3219992731 0.18 -0.181
v -0.335 0.18 0.04237975285
v -0.335 0.18 0.04490337758
v 0.3294216988 0.18 -0.181
v 0.3371880199 0.18 -0.181
v -0.335 0.18 0.04754392677
v -0.335 0.18 0.05006755149
v 0.3446104456 0.18 -0.181
v 0.347 0.18 -0.181
v 0.347 0.18 -0.1791718993
v -0.335 0.18 0.05270810068
v -0.335 0.18 0.05523172541
v 0.347 0.18 -0.1766482746
v 0.347 0.18 -0.1740077254
v -0.335 0.18 0.05787227459
v -0.335 0.18 0.06039589932
v 0.347 0.18 -0.1714841007
v 0.347 0.18 -0.1688435515
v -0.335 0.18 0.06303644851
v -0.335 0.18 0.06556007323
v 0.347 0.18 -0.1663199268
v 0.347 0.18 -0.1636793776
v -0.335 0.18 0.06820062242
v -0.335 0.18 0.07072424715
v 0.347 0.18 -0.1611557529
v 0.347 0.18 -0.1585152037
v -0.335 0.18 0.07336479633
v -0.335 0.18 0.07588842106
v 0.347 0.18 -0.1559915789
v 0.347 0.18 -0.1533510298
v -0.335 0.18 0.07852897024
v -0.335 0.18 0.08105259497
v 0.347 0.18 -0.150827405
v 0.347 0.18 -0.1481868558
v -0.335 0.18 0.08369314416
v -0.335 0.18 0.08621676889
v 0.347 0.18 -0.1456632311
v 0.347 0.18 -0.1430226819
v -0.335 0.18 0.08885731807
v -0.335 0.18 0.0913809428
v 0.347 0.18 -0.1404990572
v 0.347 0.18 -0.137858508
v -0.335 0.18 0.09402149198
v -0.335 0.18 0.09654511671
v 0.347 0.18 -0.1353348833
v 0.347 0.18 -0.1326943341
v -0.335 0.18 0.0991856659
v -0.335 0.18 0.1017092906
v 0.347 0.18 -0.1301707094
v 0.347 0.18 -0.1275301602
v -0.335 0.18 0.1043498398
v -0.335 0.18 0.1068734645
v 0.347 0.18 -0.1250065355
v 0.347 0.18 -0.1223659863
v -0.335 0.18 0.1095140137
v -0.335 0.18 0.1120376385
v 0.347 0.18 -0.1198423615
v 0.347 0.18 -0.1172018124
v -0.335 0.18 0.1146781876
v -0.335 0.18 0.1172018124
v 0.347 0.18 -0.1146781876
v 0.347 0.18 -0.1120376385
v -0.335 0.18 0.1198423615
v -0.335 0.18 0.1223659863
v 0.347 0.18 -0.1095140137
v 0.347 0.18 -0.1068734645
v -0.335 0.18 0.1250065355
v -0.335 0.18 0.1275301602
v 0.347 0.18 -0.1043498398
v 0.347 0.18 -0.1017092906
v -0.335 0.18 0.1301707094
v -0.335 0.18 0.1326943341
v 0.347 0.18 -0.0991856659
v 0.347 0.18 -0.09654511671
v -0.335 0.18 0.1353348833
v -0.335 0.18 0.137858508
v 0.347 0.18 -0.09402149198
v 0.347 0.18 -0.0913809428
v -0.335 0.18 0.1404990572
v -0.335 0.18 0.1430226819
v 0.347 0.18 -0.08885731807
v 0.347 0.18 -0.08621676889
v -0.335 0.18 0.1456632311
v -0.335 0.18 0.1481868558
v 0.347 0.18 -0.08369314416
v 0.347 0.18 -0.08105259497
v -0.335 0.18 0.150827405
v -0.335 0.18 0.1533510298
v 0.347 0.18 -0.07852897024
v 0.347 0.18 -0.07588842106
v -0.335 0.18 0.1559915789
v -0.335 0.18 0.1585152037
v 0.347 0.18 -0.07336479633
v 0.347 0.18 -0.07072424715
v -0.335 0.18 0.1611557529
v -0.335 0.18 0.1636793776
v 0.347 0.18 -0.06820062242
v 0.347 0.18 -0.06556007323
v -0.335 0.18 0.1663199268
v -0.335 0.18 0.1688435515
v 0.347 0.18 -0.06303644851
v 0.347 0.18 -0.06039589932
v -0.335 0.18 0.1714841007
v -0.335 0.18 0.1740077254
v 0.347 0.18 -0.05787227459
v 0.347 0.18 -0.05523172541
v -0.335 0.18 0.1766482746
v -0.335 0.18 0.181
v -0.335 0.18 0.1791718993
v 0.347 0.18 -0.05270810068
v 0.347 0.18 -0.05006755149
v -0.3326104456 0.18 0.181
v -0.3251880199 0.18 0.181
v 0.347 0.18 -0.04754392677
v 0.347 0.18 -0.04490337758
v -0.3174216988 0.18 0.181
v -0.3099992731 0.18 0.181
v 0.347 0.18 -0.04237975285
v 0.347 0.18 -0.03973920367
v -0.302232952 0.18 0.181
v -0.2948105263 0.18 0.181
v 0.347 0.18 -0.03721557894
v 0.347 0.18 -0.03457502976
v -0.2870442052 0.18 0.181
v -0.2796217795 0.18 0.181
v 0.347 0.18 -0.03205140503
v 0.347 0.18 -0.02941085584
v -0.2718554584 0.18 0.181
v -0.2644330327 0.18 0.181
v 0.347 0.18 -0.02688723111
v 0.347 0.18 -0.02424668193
v -0.2566667116 0.18 0.181
v -0.2492442859 0.18 0.181
v 0.347 0.18 -0.0217230572
v 0.347 0.18 -0.01908250802
v -0.2414779648 0.18 0.181
v -0.2340555391 0.18 0.181
v 0.347 0.18 -0.01655888329
v 0.347 0.18 -0.0139183341
v -0.226289218 0.18 0.181
v -0.2188667923 0.18 0.181
v 0.347 0.18 -0.01139470938
v 0.347 0.18 -0.00875416019
v -0.2111004711 0.18 0.181
v -0.2036780455 0.18 0.181
v 0.347 0.18 -0.006230535462
v 0.347 0.18 -0.003589986277
v -0.1959117243 0.18 0.181
v -0.1884892987 0.18 0.181
v 0.347 0.18 -0.001066361549
v 0.347 0.18 0.001574187636
v -0.1807229775 0.18 0.181
v -0.1733005519 0.18 0.181
v 0.347 0.18 0.004097812364
v 0.347 0.18 0.006738361549
v -0.1655342307 0.18 0.181
v -0.1581118051 0.18 0.181
v 0.347 0.18 0.009261986277
v 0.347 0.18 0.01190253546
v -0.1503454839 0.18 0.181
v -0.1429230583 0.18 0.181
v 0.347 0.18 0.01442616019
v 0.347 0.18 0.01706670938
v -0.1351567371 0.18 0.181
v -0.1277343115 0.18 0.181
v 0.347 0.18 0.0195903341
v 0.347 0.18 0.02223088329
v -0.1199679903 0.18 0.181
v -0.1125455647 0.18 0.181
v 0.347 0.18 0.02475450802
v 0.347 0.18 0.0273950572
v -0.1047792435 0.18 0.181
v -0.09735681786 0.18 0.181
v 0.347 0.18 0.02991868193
v 0.347 0.18 0.03255923111
v -0.08959049672 0.18 0.181
v -0.08216807105 0.18 0.181
v 0.347 0.18 0.03508285584
v 0.347 0.18 0.03772340503
v -0.07440174992 0.18 0.181
v -0.06697932425 0.18 0.181
v 0.347 0.18 0.04024702976
v 0.347 0.18 0.04288757894
v -0.05921300312 0.18 0.181
v -0.05179057745 0.18 0.181
v 0.347 0.18 0.04541120367
v 0.347 0.18 0.04805175285
v -0.04402425631 0.18 0.181
v -0.03660183064 0.18 0.181
v 0.347 0.18 0.05057537758
v 0.347 0.18 0.05321592677
v -0.02883550951 0.18 0.181
v -0.02141308384 0.18 0.181
v 0.347 0.18 0.05573955149
v 0.347 0.18 0.05838010068
v -0.01364676271 0.18 0.181
v -0.006224337037 0.18 0.181
v 0.347 0.18 0.06090372541
v 0.347 0.18 0.06354427459
v 0.001541984096 0.18 0.181
v 0.008964409766 0.18 0.181
v 0.347 0.18 0.06606789932
v 0.347 0.18 0.06870844851
v 0.0167307309 0.18 0.181
v 0.02415315657 0.18 0.181
v 0.347 0.18 0.07123207323
v 0.347 0.18 0.07387262242
v 0.0319194777 0.18 0.181
v 0.03934190337 0.18 0.181
v 0.347 0.18 0.07639624715
v 0.347 0.18 0.07903679633
v 0.04710822451 0.18 0.181
v 0.05453065018 0.18 0.181
v 0.347 0.18 0.08156042106
v 0.347 0.18 0.08420097024
v 0.06229697131 0.18 0.181
v 0.06971939698 0.18 0.181
v 0.347 0.18 0.08672459497
v 0.347 0.18 0.08936514416
v 0.07748571811 0.18 0.181
v 0.08490814378 0.18 0.181
v 0.347 0.18 0.09188876889
v 0.347 0.18 0.09452931807
v 0.09267446491 0.18 0.181
v 0.1000968906 0.18 0.181
v 0.347 0.18 0.0970529428
v 0.347 0.18 0.09969349198
v 0.1078632117 0.18 0.181
v 0.1152856374 0.18 0.181
v 0.347 0.18 0.1022171167
v 0.347 0.18 0.1048576659
v 0.1230519585 0.18 0.181
v 0.1304743842 0.18 0.181
v 0.347 0.18 0.1073812906
v 0.347 0.18 0.1100218398
v 0.1382407053 0.18 0.181
v 0.145663131 0.18 0.181
v 0.347 0.18 0.1125454645
v 0.347 0.18 0.1151860137
v 0.1534294521 0.18 0.181
v 0.1608518778 0.18 0.181
v 0.347 0.18 0.1177096385
v 0.347 0.18 0.1203501876
v 0.1686181989 0.18 0.181
v 0.1760406246 0.18 0.181
v 0.347 0.18 0.1228738124
v 0.347 0.18 0.1255143615
v 0.1838069457 0.18 0.181
v 0.1912293714 0.18 0.181
v 0.347 0.18 0.1280379863
v 0.347 0.18 0.1306785355
v 0.1989956925 0.18 0.181
v 0.2064181182 0.18 0.181
v 0.347 0.18 0.1332021602
v 0.347 0.18 0.1358427094
v 0.2141844393 0.18 0.181
v 0.221606865 0.18 0.181
v 0.347 0.18 0.1383663341
v 0.347 0.18 0.1410068833
v 0.2293731861 0.18 0.181
v 0.2367956118 0.18 0.181
v 0.347 0.18 0.143530508
v 0.347 0.18 0.1461710572
v 0.2445619329 0.18 0.181
v 0.2519843586 0.18 0.181
v 0.347 0.18 0.1486946819
v 0.347 0.18 0.1513352311
v 0.2597506797 0.18 0.181
v 0.2671731054 0.18 0.181
v 0.347 0.18 0.1538588558
v 0.347 0.18 0.156499405
v 0.2749394266 0.18 0.181
v 0.2823618522 0.18 0.181
v 0.347 0.18 0.1590230298
v 0.347 0.18 0.1616635789
v 0.2901281734 0.18 0.181
v 0.297550599 0.18 0.181
v 0.347 0.18 0.1641872037
v 0.347 0.18 0.1668277529
v 0.3053169202 0.18 0.181
v 0.3127393458 0.18 0.181
v 0.347 0.18 0.1693513776
v 0.347 0.18 0.1719919268
v 0.320505667 0.18 0.181
v 0.3279280926 0.18 0.181
v 0.347 0.18 0.1745155515
v 0.347 0.18 0.1771561007
v 0.3356944138 0.18 0.181
v 0.3431168394 0.18 0.181
v 0.347 0.18 0.1796797254
v 0.347 0.18 0.181
v 0.326 0.592 -0.181
v 0.326 0.592 -0.1796797254
v 0.3221168394 0.592 -0.181
v 0.3147813703 0.592 -0.181
v 0.326 0.592 -0.1771856659
v 0.326 0.592 -0.1745451167
v 0.3070150492 0.592 -0.181
v 0.29967958 0.592 -0.181
v 0.326 0.592 -0.1720510572
v 0.326 0.592 -0.169410508
v 0.2919132589 0.592 -0.181
v 0.2845777897 0.592 -0.181
v 0.326 0.592 -0.1669164485
v 0.326 0.592 -0.1642758993
v 0.2768114686 0.592 -0.181
v 0.2694759994 0.592 -0.181
v 0.326 0.592 -0.1617818398
v 0.326 0.592 -0.1591412906
v 0.2617096783 0.592 -0.181
v 0.2543742092 0.592 -0.181
v 0.326 0.592 -0.1566472311
v 0.326 0.592 -0.1540066819
v 0.246607888 0.592 -0.181
v 0.2392724189 0.592 -0.181
v 0.326 0.592 -0.1515126224
v 0.326 0.592 -0.1488720732
v 0.2315060977 0.592 -0.181
v 0.2241706286 0.592 -0.181
v 0.326 0.592 -0.1463780137
v 0.326 0.592 -0.1437374645
v 0.2164043075 0.592 -0.181
v 0.2090688383 0.592 -0.181
v 0.326 0.592 -0.141243405
v 0.326 0.592 -0.1386028558
v 0.2013025172 0.592 -0.181
v 0.193967048 0.592 -0.181
v 0.326 0.592 -0.1361087963
v 0.326 0.592 -0.1334682471
v 0.1862007269 0.592 -0.181
v 0.1788652578 0.592 -0.181
v 0.326 0.592 -0.1309741876
v 0.326 0.592 -0.1283336385
v 0.1710989366 0.592 -0.181
v 0.1637634675 0.592 -0.181
v 0.326 0.592 -0.1258395789
v 0.326 0.592 -0.1231990298
v 0.1559971463 0.592 -0.181
v 0.1486616772 0.592 -0.181
v 0.326 0.592 -0.1207049702
v 0.326 0.592 -0.1180644211
v 0.1408953561 0.592 -0.181
v 0.1335598869 0.592 -0.181
v 0.326 0.592 -0.1155703615
v 0.326 0.592 -0.1129298124
v 0.1257935658 0.592 -0.181
v 0.1184580966 0.592 -0.181
v 0.326 0.592 -0.1104357529
v 0.326 0.592 -0.1077952037
v 0.1106917755 0.592 -0.181
v 0.1033563063 0.592 -0.181
v 0.326 0.592 -0.1053011442
v 0.326 0.592 -0.102660595
v 0.09558998521 0.592 -0.181
v 0.08825451607 0.592 -0.181
v 0.326 0.592 -0.1001665355
v 0.326 0.592 -0.09752598628
v 0.08048819493 0.592 -0.181
v 0.07315272578 0.592 -0.181
v 0.326 0.592 -0.09503192677
v 0.326 0.592 -0.09239137758
v 0.06538640465 0.592 -0.181
v 0.0580509355 0.592 -0.181
v 0.326 0.592 -0.08989731807
v 0.326 0.592 -0.08725676889
v 0.05028461437 0.592 -0.181
v 0.04294914522 0.592 -0.181
v 0.326 0.592 -0.08476270938
v 0.326 0.592 -0.08212216019
v 0.03518282409 0.592 -0.181
v 0.02784735494 0.592 -0.181
v 0.326 0.592 -0.07962810068
v 0.326 0.592 -0.07698755149
v 0.02008103381 0.592 -0.181
v 0.01274556466 0.592 -0.181
v 0.326 0.592 -0.07449349198
v 0.326 0.592 -0.0718529428
v 0.004979243525 0.592 -0.181
v -0.002356225623 0.592 -0.181
v 0.326 0.592 -0.06935888329
v 0.326 0.592 -0.0667183341
v -0.01012254676 0.592 -0.181
v -0.0174580159 0.592 -0.181
v 0.326 0.592 -0.06422427459
v 0.326 0.592 -0.06158372541
v -0.02522433704 0.592 -0.181
v -0.03255980619 0.592 -0.181
v 0.326 0.592 -0.0590896659
v 0.326 0.592 -0.05644911671
v -0.04032612732 0.592 -0.181
v -0.04766159647 0.592 -0.181
v 0.326 0.592 -0.0539550572
v 0.326 0.592 -0.05131450802
v -0.0554279176 0.592 -0.181
v -0.06276338675 0.592 -0.181
v 0.326 0.592 -0.04882044851
v 0.326 0.592 -0.04617989932
v -0.07052970788 0.592 -0.181
v -0.07786517703 0.592 -0.181
v 0.326 0.592 -0.04368583981
v 0.326 0.592 -0.04104529062
v -0.08563149816 0.592 -0.181
v -0.09296696731 0.592 -0.181
v 0.326 0.592 -0.03855123111
v 0.326 0.592 -0.03591068193
v -0.1007332884 0.592 -0.181
v -0.1080687576 0.592 -0.181
v 0.326 0.592 -0.03341662242
v 0.326 0.592 -0.03077607323
v -0.1158350787 0.592 -0.181
v -0.1231705479 0.592 -0.181
v 0.326 0.592 -0.02828201372
v 0.326 0.592 -0.02564146454
v -0.130936869 0.592 -0.181
v -0.1382723382 0.592 -0.181
v 0.326 0.592 -0.02314740503
v 0.326 0.592 -0.02050685584
v -0.1460386593 0.592 -0.181
v -0.1533741284 0.592 -0.181
v 0.326 0.592 -0.01801279633
v 0.326 0.592 -0.01537224715
v -0.1611404496 0.592 -0.181
v -0.1684759187 0.592 -0.181
v 0.326 0.592 -0.01287818764
v 0.326 0.592 -0.01023763845
v -0.1762422399 0.592 -0.181
v -0.183577709 0.592 -0.181
v 0.326 0.592 -0.00774357894
v 0.326 0.592 -0.005103029755
v -0.1913440301 0.592 -0.181
v -0.1986794993 0.592 -0.181
v 0.326 0.592 -0.002608970245
v 0.326 0.592 3.157894048e-05
v -0.2064458204 0.592 -0.181
v -0.2137812896 0.592 -0.181
v 0.326 0.592 0.002525638451
v 0.326 0.592 0.005166187636
v -0.2215476107 0.592 -0.181
v -0.2288830798 0.592 -0.181
v 0.326 0.592 0.007660247146
v 0.326 0.592 0.01030079633
v -0.236649401 0.592 -0.181
v -0.2439848701 0.592 -0.181
v 0.326 0.592 0.01279485584
v 0.326 0.592 0.01543540503
v -0.2517511913 0.592 -0.181
v -0.2590866604 0.592 -0.181
v 0.326 0.592 0.01792946454
v 0.326 0.592 0.02057001372
v -0.2668529815 0.592 -0.181
v -0.2741884507 0.592 -0.181
v 0.326 0.592 0.02306407323
v 0.326 0.592 0.02570462242
v -0.2819547718 0.592 -0.181
v -0.289290241 0.592 -0.181
v 0.326 0.592 0.02819868193
v 0.326 0.592 0.03083923111
v -0.2970565621 0.592 -0.181
v -0.3043920312 0.592 -0.181
v 0.326 0.592 0.03333329062
v 0.326 0.592 0.03597383981
v -0.3121583524 0.592 -0.181
v -0.3194938215 0.592 -0.181
v 0.326 0.592 0.03846789932
v 0.326 0.592 0.04110844851
v -0.3272601427 0.592 -0.181
v -0.3345956118 0.592 -0.181
v 0.326 0.592 0.04360250802
v 0.326 0.592 0.0462430572
v -0.3423619329 0.592 -0.181
v -0.346 0.592 -0.1797428833
v 0.326 0.592 0.04873711671
v 0.326 0.592 0.0513776659
v -0.346 0.592 -0.1771023341
v -0.346 0.592 -0.1746082746
v 0.326 0.592 0.05387172541
v 0.326 0.592 0.05651227459
v -0.346 0.592 -0.1719677254
v -0.346 0.592 -0.1694736659
v 0.326 0.592 0.0590063341
v 0.326 0.592 0.06164688329
v -0.346 0.592 -0.1668331167
v -0.346 0.592 -0.1643390572
v 0.326 0.592 0.0641409428
v 0.326 0.592 0.06678149198
v -0.346 0.592 -0.161698508
v -0.346 0.592 -0.1592044485
v 0.326 0.592 0.06927555149
v 0.326 0.592 0.07191610068
v -0.346 0.592 -0.1565638993
v -0.346 0.592 -0.1540698398
v 0.326 0.592 0.07441016019
v 0.326 0.592 0.07705070938
v -0.346 0.592 -0.1514292906
v -0.346 0.592 -0.1489352311
v 0.326 0.592 0.07954476889
v 0.326 0.592 0.08218531807
v -0.346 0.592 -0.1462946819
v -0.346 0.592 -0.1438006224
v 0.326 0.592 0.08467937758
v 0.326 0.592 0.08731992677
v -0.346 0.592 -0.1411600732
v -0.346 0.592 -0.1386660137
v 0.326 0.592 0.08981398628
v 0.326 0.592 0.09245453546
v -0.346 0.592 -0.1360254645
v -0.346 0.592 -0.133531405
v 0.326 0.592 0.09494859497
v 0.326 0.592 0.09758914416
v -0.346 0.592 -0.1308908558
v -0.346 0.592 -0.1283967963
v 0.326 0.592 0.1000832037
v 0.326 0.592 0.1027237529
v -0.346 0.592 -0.1257562471
v -0.346 0.592 -0.1232621876
v 0.326 0.592 0.1052178124
v 0.326 0.592 0.1078583615
v -0.346 0.592 -0.1206216385
v -0.346 0.592 -0.1181275789
v 0.326 0.592 0.1103524211
v 0.326 0.592 0.1129929702
v -0.346 0.592 -0.1154870298
v -0.346 0.592 -0.1129929702
v 0.326 0.592 0.1154870298
v 0.326 0.592 0.1181275789
v -0.346 0.592 -0.1103524211
v -0.346 0.592 -0.1078583615
v 0.326 0.592 0.1206216385
v 0.326 0.592 0.1232621876
v -0.346 0.592 -0.1052178124
v -0.346 0.592 -0.1027237529
v 0.326 0.592 0.1257562471
v 0.326 0.592 0.1283967963
v -0.346 0.592 -0.1000832037
v -0.346 0.592 -0.09758914416
v 0.326 0.592 0.1308908558
v 0.326 0.592 0.133531405
v -0.346 0.592 -0.09494859497
v -0.346 0.592 -0.09245453546
v 0.326 0.592 0.1360254645
v 0.326 0.592 0.1386660137
v -0.346 0.592 -0.08981398628
v -0.346 0.592 -0.08731992677
v 0.326 0.592 0.1411600732
v 0.326 0.592 0.1438006224
v -0.346 0.592 -0.08467937758
v -0.346 0.592 -0.08218531807
v 0.326 0.592 0.1462946819
v 0.326 0.592 0.1489352311
v -0.346 0.592 -0.07954476889
v -0.346 0.592 -0.07705070938
v 0.326 0.592 0.1514292906
v 0.326 0.592 0.1540698398
v -0.346 0.592 -0.07441016019
v -0.346 0.592 -0.07191610068
v 0.326 0.592 0.1565638993
v 0.326 0.592 0.1592044485
v -0.346 0.592 -0.06927555149
v -0.346 0.592 -0.06678149198
v 0.326 0.592 0.161698508
v 0.326 0.592 0.1643390572
v -0.346 0.592 -0.0641409428
v -0.346 0.592 -0.06164688329
v 0.326 0.592 0.1668331167
v 0.326 0.592 0.1694736659
v -0.346 0.592 -0.0590063341
v -0.346 0.592 -0.05651227459
v 0.326 0.592 0.1719677254
v 0.326 0.592 0.1746082746
v -0.346 0.592 -0.05387172541
v -0.346 0.592 -0.0513776659
v 0.326 0.592 0.1771023341
v 0.326 0.592 0.1797428833
v -0.346 0.592 -0.04873711671
v -0.346 0.592 -0.0462430572
v 0.3223619329 0.592 0.181
v 0.3145956118 0.592 0.181
v -0.346 0.592 -0.04360250802
v -0.346 0.592 -0.04110844851
v 0.3072601427 0.592 0.181
v 0.2994938215 0.592 0.181
v -0.346 0.592 -0.03846789932
v -0.346 0.592 -0.03597383981
v 0.2921583524 0.592 0.181
v 0.2843920312 0.592 0.181
v -0.346 0.592 -0.03333329062
v -0.346 0.592 -0.03083923111
v 0.2770565621 0.592 0.181
v 0.269290241 0.592 0.181
v -0.346 0.592 -0.02819868193
v -0.346 0.592 -0.02570462242
v 0.2619547718 0.592 0.181
v 0.2541884507 0.592 0.181
v -0.346 0.592 -0.02306407323
v -0.346 0.592 -0.02057001372
v 0.2468529815 0.592 0.181
v 0.2390866604 0.592 0.181
v -0.346 0.592 -0.01792946454
v -0.346 0.592 -0.01543540503
v 0.2317511913 0.592 0.181
v 0.2239848701 0.592 0.181
v -0.346 0.592 -0.01279485584
v -0.346 0.592 -0.01030079633
v 0.216649401 0.592 0.181
v 0.2088830798 0.592 0.181
v -0.346 0.592 -0.007660247146
v -0.346 0.592 -0.005166187636
v 0.2015476107 0.592 0.181
v 0.1937812896 0.592 0.181
v -0.346 0.592 -0.002525638451
v -0.346 0.592 -3.157894048e-05
v 0.1864458204 0.592 0.181
v 0.1786794993 0.592 0.181
v -0.346 0.592 0.002608970245
v -0.346 0.592 0.005103029755
v 0.1713440301 0.592 0.181
v 0.163577709 0.592 0.181
v -0.346 0.592 0.00774357894
v -0.346 0.592 0.01023763845
v 0.1562422399 0.592 0.181
v 0.1484759187 0.592 0.181
v -0.346 0.592 0.01287818764
v -0.346 0.592 0.01537224715
v 0.1411404496 0.592 0.181
v 0.1333741284 0.592 0.181
v -0.346 0.592 0.01801279633
v -0.346 0.592 0.02050685584
v 0.1260386593 0.592 0.181
v 0.1182723382 0.592 0.181
v -0.346 0.592 0.02314740503
v -0.346 0.592 0.02564146454
v 0.110936869 0.592 0.181
v 0.1031705479 0.592 0.181
v -0.346 0.592 0.02828201372
v -0.346 0.592 0.03077607323
v 0.09583507873 0.592 0.181
v 0.08806875759 0.592 0.181
v -0.346 0.592 0.03341662242
v -0.346 0.592 0.03591068193
v 0.08073328844 0.592 0.181
v 0.07296696731 0.592 0.181
v -0.346 0.592 0.03855123111
v -0.346 0.592 0.04104529062
v 0.06563149816 0.592 0.181
v 0.05786517703 0.592 0.181
v -0.346 0.592 0.04368583981
v -0.346 0.592 0.04617989932
v 0.05052970788 0.592 0.181
v 0.04276338675 0.592 0.181
v -0.346 0.592 0.04882044851
v -0.346 0.592 0.05131450802
v 0.0354279176 0.592 0.181
v 0.02766159647 0.592 0.181
v -0.346 0.592 0.0539550572
v -0.346 0.592 0.05644911671
v 0.02032612732 0.592 0.181
v 0.01255980619 0.592 0.181
v -0.346 0.592 0.0590896659
v -0.346 0.592 0.06158372541
v 0.005224337037 0.592 0.181
v -0.002541984096 0.592 0.181
v -0.346 0.592 0.06422427459
v -0.346 0.592 0.0667183341
v -0.009877453244 0.592 0.181
v -0.01764377438 0.592 0.181
v -0.346 0.592 0.06935888329
v -0.346 0.592 0.0718529428
v -0.02497924353 0.592 0.181
v -0.03274556466 0.592 0.181
v -0.346 0.592 0.07449349198
v -0.346 0.592 0.07698755149
v -0.04008103381 0.592 0.181
v -0.04784735494 0.592 0.181
v -0.346 0.592 0.07962810068
v -0.346 0.592 0.08212216019
v -0.05518282409 0.592 0.181
v -0.06294914522 0.592 0.181
v -0.346 0.592 0.08476270938
v -0.346 0.592 0.08725676889
v -0.07028461437 0.592 0.181
v -0.0780509355 0.592 0.181
v -0.346 0.592 0.08989731807
v -0.346 0.592 0.09239137758
v -0.08538640465 0.592 0.181
v -0.09315272578 0.592 0.181
v -0.346 0.592 0.09503192677
v -0.346 0.592 0.09752598628
v -0.1004881949 0.592 0.181
v -0.1082545161 0.592 0.181
v -0.346 0.592 0.1001665355
v -0.346 0.592 0.102660595
v -0.1155899852 0.592 0.181
v -0.1233563063 0.592 0.181
v -0.346 0.592 0.1053011442
v -0.346 0.592 0.1077952037
v -0.1306917755 0.592 0.181
v -0.1384580966 0.592 0.181
v -0.346 0.592 0.1104357529
v -0.346 0.592 0.1129298124
v -0.1457935658 0.592 0.181
v -0.1535598869 0.592 0.181
v -0.346 0.592 0.1155703615
v -0.346 0.592 0.1180644211
v -0.1608953561 0.592 0.181
v -0.1686616772 0.592 0.181
v -0.346 0.592 0.1207049702
v -0.346 0.592 0.1231990298
v -0.1759971463 0.592 0.181
v -0.1837634675 0.592 0.181
v -0.346 0.592 0.1258395789
v -0.346 0.592 0.1283336385
v -0.1910989366 0.592 0.181
v -0.1988652578 0.592 0.181
v -0.346 0.592 0.1309741876
v -0.346 0.592 0.1334682471
v -0.2062007269 0.592 0.181
v -0.213967048 0.592 0.181
v -0.346 0.592 0.1361087963
v -0.346 0.592 0.1386028558
v -0.2213025172 0.592 0.181
v -0.2290688383 0.592 0.181
v -0.346 0.592 0.141243405
v -0.346 0.592 0.1437374645
v -0.2364043075 0.592 0.181
v -0.2441706286 0.592 0.181
v -0.346 0.592 0.1463780137
v -0.346 0.592 0.1488720732
v -0.2515060977 0.592 0.181
v -0.2592724189 0.592 0.181
v -0.346 0.592 0.1515126224
v -0.346 0.592 0.1540066819
v -0.266607888 0.592 0.181
v -0.2743742092 0.592 0.181
v -0.346 0.592 0.1566472311
v -0.346 0.592 0.1591412906
v -0.2817096783 0.592 0.181
v -0.2894759994 0.592 0.181
v -0.346 0.592 0.1617818398
v -0.346 0.592 0.1642758993
v -0.2968114686 0.592 0.181
v -0.3045777897 0.592 0.181
v -0.346 0.592 0.1669164485
v -0.346 0.592 0.169410508
v -0.3119132589 0.592 0.181
v -0.31967958 0.592 0.181
v -0.346 0.592 0.1720510572
v -0.346 0.592 0.1745451167
v -0.3270150492 0.592 0.181
v -0.3347813703 0.592 0.181
v -0.346 0.592 0.1771856659
v -0.346 0.592 0.181
v -0.346 0.592 0.1796797254
v -0.3421168394 0.592 0.181
v -0.346 0.592 -0.181
v -0.3421168394 0.592 -0.181
v -0.346 0.592 -0.1796797254
v -0.346 0.592 -0.1771856659
v -0.3347813703 0.592 -0.181
v -0.3270150492 0.592 -0.181
v -0.346 0.592 -0.1745451167
v -0.346 0.592 -0.1720510572
v -0.31967958 0.592 -0.181
v -0.3119132589 0.592 -0.181
v -0.346 0.592 -0.169410508
v -0.346 0.592 -0.1669164485
v -0.3045777897 0.592 -0.181
v -0.2968114686 0.592 -0.181
v -0.346 0.592 -0.1642758993
v -0.346 0.592 -0.1617818398
v -0.2894759994 0.592 -0.181
v -0.2817096783 0.592 -0.181
v -0.346 0.592 -0.1591412906
v -0.346 0.592 -0.1566472311
v -0.2743742092 0.592 -0.181
v -0.266607888 0.592 -0.181
v -0.346 0.592 -0.1540066819
v -0.346 0.592 -0.1515126224
v -0.2592724189 0.592 -0.181
v -0.2515060977 0.592 -0.181
v -0.346 0.592 -0.1488720732
v -0.346 0.592 -0.1463780137
v -0.2441706286 0.592 -0.181
v -0.2364043075 0.592 -0.181
v -0.346 0.592 -0.1437374645
v -0.346 0.592 -0.141243405
v -0.2290688383 0.592 -0.181
v -0.2213025172 0.592 -0.181
v -0.346 0.592 -0.1386028558
v -0.346 0.592 -0.1361087963
v -0.213967048 0.592 -0.181
v -0.2062007269 0.592 -0.181
v -0.346 0.592 -0.1334682471
v -0.346 0.592 -0.1309741876
v -0.1988652578 0.592 -0.181
v -0.1910989366 0.592 -0.181
v -0.346 0.592 -0.1283336385
v -0.346 0.592 -0.1258395789
v -0.1837634675 0.592 -0.181
v -0.1759971463 0.592 -0.181
v -0.346 0.592 -0.1231990298
v -0.346 0.592 -0.1207049702
v -0.1686616772 0.592 -0.181
v -0.1608953561 0.592 -0.181
v -0.346 0.592 -0.1180644211
v -0.346 0.592 -0.1155703615
v -0.1535598869 0.592 -0.181
v -0.1457935658 0.592 -0.181
v -0.346 0.592 -0.1129298124
v -0.346 0.592 -0.1104357529
v -0.1384580966 0.592 -0.181
v -0.1306917755 0.592 -0.181
v -0.346 0.592 -0.1077952037
v -0.346 0.592 -0.1053011442
v -0.1233563063 0.592 -0.181
v -0.1155899852 0.592 -0.181
v -0.346 0.592 -0.102660595
v -0.346 0.592 -0.1001665355
v -0.1082545161 0.592 -0.181
v -0.1004881949 0.592 -0.181
v -0.346 0.592 -0.09752598628
v -0.346 0.592 -0.09503192677
v -0.09315272578 0.592 -0.181
v -0.08538640465 0.592 -0.181
v -0.346 0.592 -0.09239137758
v -0.346 0.592 -0.08989731807
v -0.0780509355 0.592 -0.181
v -0.07028461437 0.592 -0.181
v -0.346 0.592 -0.08725676889
v -0.346 0.592 -0.08476270938
v -0.06294914522 0.592 -0.181
v -0.05518282409 0.592 -0.181
v -0.346 0.592 -0.08212216019
v -0.346 0.592 -0.07962810068
v -0.04784735494 0.592 -0.181
v -0.04008103381 0.592 -0.181
v -0.346 0.592 -0.07698755149
v -0.346 0.592 -0.07449349198
v -0.03274556466 0.592 -0.181
v -0.02497924353 0.592 -0.181
v -0.346 0.592 -0.0718529428
v -0.346 0.592 -0.06935888329
v -0.01764377438 0.592 -0.181
v -0.009877453244 0.592 -0.181
v -0.346 0.592 -0.0667183341
v -0.346 0.592 -0.06422427459
v -0.002541984096 0.592 -0.181
v 0.005224337037 0.592 -0.181
v -0.346 0.592 -0.06158372541
v -0.346 0.592 -0.0590896659
v 0.01255980619 0.592 -0.181
v 0.02032612732 0.592 -0.181
v -0.346 0.592 -0.05644911671
v -0.346 0.592 -0.0539550572
v 0.02766159647 0.592 -0.181
v 0.0354279176 0.592 -0.181
v -0.346 0.592 -0.05131450802
v -0.346 0.592 -0.04882044851
v 0.04276338675 0.592 -0.181
v 0.05052970788 0.592 -0.181
v -0.346 0.592 -0.04617989932
v -0.346 0.592 -0.04368583981
v 0.05786517703 0.592 -0.181
v 0.06563149816 0.592 -0.181
v -0.346 0.592 -0.04104529062
v -0.346 0.592 -0.03855123111
v 0.07296696731 0.592 -0.181
v 0.08073328844 0.592 -0.181
v -0.346 0.592 -0.03591068193
v -0.346 0.592 -0.03341662242
v 0.08806875759 0.592 -0.181
v 0.09583507873 0.592 -0.181
v -0.346 0.592 -0.03077607323
v -0.346 0.592 -0.02828201372
v 0.1031705479 0.592 -0.181
v 0.110936869 0.592 -0.181
v -0.346 0.592 -0.02564146454
v -0.346 0.592 -0.02314740503
v 0.1182723382 0.592 -0.181
v 0.1260386593 0.592 -0.181
v -0.346 0.592 -0.02050685584
v -0.346 0.592 -0.01801279633
v 0.1333741284 0.592 -0.181
v 0.1411404496 0.592 -0.181
v -0.346 0.592 -0.01537224715
v -0.346 0.592 -0.01287818764
v 0.1484759187 0.592 -0.181
v 0.1562422399 0.592 -0.181
v -0.346 0.592 -0.01023763845
v -0.346 0.592 -0.00774357894
v 0.163577709 0.592 -0.181
v 0.1713440301 0.592 -0.181
v -0.346 0.592 -0.005103029755
v -0.346 0.592 -0.002608970245
v 0.1786794993 0.592 -0.181
v 0.1864458204 0.592 -0.181
v -0.346 0.592 3.157894048e-05
v -0.346 0.592 0.002525638451
v 0.1937812896 0.592 -0.181
v 0.2015476107 0.592 -0.181
v -0.346 0.592 0.005166187636
v -0.346 0.592 0.007660247146
v 0.2088830798 0.592 -0.181
v 0.216649401 0.592 -0.181
v -0.346 0.592 0.01030079633
v -0.346 0.592 0.01279485584
v 0.2239848701 0.592 -0.181
v 0.2317511913 0.592 -0.181
v -0.346 0.592 0.01543540503
v -0.346 0.592 0.01792946454
v 0.2390866604 0.592 -0.181
v 0.2468529815 0.592 -0.181
v -0.346 0.592 0.02057001372
v -0.346 0.592 0.02306407323
v 0.2541884507 0.592 -0.181
v 0.2619547718 0.592 -0.181
v -0.346 0.592 0.02570462242
v -0.346 0.592 0.02819868193
v 0.269290241 0.592 -0.181
v 0.2770565621 0.592 -0.181
v -0.346 0.592 0.03083923111
v -0.346 0.592 0.03333329062
v 0.2843920312 0.592 -0.181
v 0.2921583524 0.592 -0.181
v -0.346 0.592 0.03597383981
v -0.346 0.592 0.03846789932
v 0.2994938215 0.592 -0.181
v 0.3072601427 0.592 -0.181
v -0.346 0.592 0.04110844851
v -0.346 0.592 0.04360250802
v 0.3145956118 0.592 -0.181
v 0.3223619329 0.592 -0.181
v -0.346 0.592 0.0462430572
v -0.346 0.592 0.04873711671
v 0.326 0.592 -0.1797428833
v 0.326 0.592 -0.1771023341
v -0.346 0.592 0.0513776659
v -0.346 0.592 0.05387172541
v 0.326 0.592 -0.1746082746
v 0.326 0.592 -0.1719677254
v -0.346 0.592 0.05651227459
v -0.346 0.592 0.0590063341
v 0.326 0.592 -0.1694736659
v 0.326 0.592 -0.1668331167
v -0.346 0.592 0.06164688329
v -0.346 0.592 0.0641409428
v 0.326 0.592 -0.1643390572
v 0.326 0.592 -0.161698508
v -0.346 0.592 0.06678149198
v -0.346 0.592 0.06927555149
v 0.326 0.592 -0.1592044485
v 0.326 0.592 -0.1565638993
v -0.346 0.592 0.07191610068
v -0.346 0.592 0.07441016019
v 0.326 0.592 -0.1540698398
v 0.326 0.592 -0.1514292906
v -0.346 0.592 0.07705070938
v -0.346 0.592 0.07954476889
v 0.326 0.592 -0.1489352311
v 0.326 0.592 -0.1462946819
v -0.346 0.592 0.08218531807
v -0.346 0.592 0.08467937758
v 0.326 0.592 -0.1438006224
v 0.326 0.592 -0.1411600732
v -0.346 0.592 0.08731992677
v -0.346 0.592 0.08981398628
v 0.326 0.592 -0.1386660137
v 0.326 0.592 -0.1360254645
v -0.346 0.592 0.09245453546
v -0.346 0.592 0.09494859497
v 0.326 0.592 -0.133531405
v 0.326 0.592 -0.1308908558
v -0.346 0.592 0.09758914416
v -0.346 0.592 0.1000832037
v 0.326 0.592 -0.1283967963
v 0.326 0.592 -0.1257562471
v -0.346 0.592 0.1027237529
v -0.346 0.592 0.1052178124
v 0.326 0.592 -0.1232621876
v 0.326 0.592 -0.1206216385
v -0.346 0.592 0.1078583615
v -0.346 0.592 0.1103524211
v 0.326 0.592 -0.1181275789
v 0.326 0.592 -0.1154870298
v -0.346 0.592 0.1129929702
v -0.346 0.592 0.1154870298
v 0.326 0.592 -0.1129929702
v 0.326 0.592 -0.1103524211
v -0.346 0.592 0.1181275789
v -0.346 0.592 0.1206216385
v 0.326 0.592 -0.1078583615
v 0.326 0.592 -0.1052178124
v -0.346 0.592 0.1232621876
v -0.346 0.592 0.1257562471
v 0.326 0.592 -0.1027237529
v 0.326 0.592 -0.1000832037
v -0.346 0.592 0.1283967963
v -0.346 0.592 0.1308908558
v 0.326 0.592 -0.09758914416
v 0.326 0.592 -0.09494859497
v -0.346 0.592 0.133531405
v -0.346 0.592 0.1360254645
v 0.326 0.592 -0.09245453546
v 0.326 0.592 -0.08981398628
v -0.346 0.592 0.1386660137
v -0.346 0.592 0.1411600732
v 0.326 0.592 -0.08731992677
v 0.326 0.592 -0.08467937758
v -0.346 0.592 0.1438006224
v -0.346 0.592 0.1462946819
v 0.326 0.592 -0.08218531807
v 0.326 0.592 -0.07954476889
v -0.346 0.592 0.1489352311
v -0.346 0.592 0.1514292906
v 0.326 0.592 -0.07705070938
v 0.326 0.592 -0.07441016019
v -0.346 0.592 0.1540698398
v -0.346 0.592 0.1565638993
v 0.326 0.592 -0.07191610068
v 0.326 0.592 -0.06927555149
v -0.346 0.592 0.1592044485
v -0.346 0.592 0.161698508
v 0.326 0.592 -0.06678149198
v 0.326 0.592 -0.0641409428
v -0.346 0.592 0.1643390572
v -0.346 0.592 0.1668331167
v 0.326 0.592 -0.06164688329
v 0.326 0.592 -0.0590063341
v -0.346 0.592 0.1694736659
v -0.346 0.592 0.1719677254
v 0.326 0.592 -0.05651227459
v 0.326 0.592 -0.05387172541
v -0.346 0.592 0.1746082746
v -0.346 0.592 0.1771023341
v 0.326 0.592 -0.0513776659
v 0.326 0.592 -0.04873711671
v -0.346 0.592 0.1797428833
v -0.3423619329 0.592 0.181
v 0.326 0.592 -0.0462430572
v 0.326 0.592 -0.04360250802
v -0.3345956118 0.592 0.181
v -0.3272601427 0.592 0.181
v 0.326 0.592 -0.04110844851
v 0.326 0.592 -0.03846789932
v -0.3194938215 0.592 0.181
v -0.3121583524 0.592 0.181
v 0.326 0.592 -0.03597383981
v 0.326 0.592 -0.03333329062
v -0.3043920312 0.592 0.181
v -0.2970565621 0.592 0.181
v 0.326 0.592 -0.03083923111
v 0.326 0.592 -0.02819868193
v -0.289290241 0.592 0.181
v -0.2819547718 0.592 0.181
v 0.326 0.592 -0.02570462242
v 0.326 0.592 -0.02306407323
v -0.2741884507 0.592 0.181
v -0.2668529815 0.592 0.181
v 0.326 0.592 -0.02057001372
v 0.326 0.592 -0.01792946454
v -0.2590866604 0.592 0.181
v -0.2517511913 0.592 0.181
v 0.326 0.592 -0.01543540503
v 0.326 0.592 -0.01279485584
v -0.2439848701 0.592 0.181
v -0.236649401 0.592 0.181
v 0.326 0.592 -0.01030079633
v 0.326 0.592 -0.007660247146
v -0.2288830798 0.592 0.181
v -0.2215476107 0.592 0.181
v 0.326 0.592 -0.005166187636
v 0.326 0.592 -0.002525638451
v -0.2137812896 0.592 0.181
v -0.2064458204 0.592 0.181
v 0.326 0.592 -3.157894048e-05
v 0.326 0.592 0.002608970245
v -0.1986794993 0.592 0.181
v -0.1913440301 0.592 0.181
v 0.326 0.592 0.005103029755
v 0.326 0.592 0.00774357894
v -0.183577709 0.592 0.181
v -0.1762422399 0.592 0.181
v 0.326 0.592 0.01023763845
v 0.326 0.592 0.01287818764
v -0.1684759187 0.592 0.181
v -0.1611404496 0.592 0.181
v 0.326 0.592 0.01537224715
v 0.326 0.592 0.01801279633
v -0.1533741284 0.592 0.181
v -0.1460386593 0.592 0.181
v 0.326 0.592 0.02050685584
v 0.326 0.592 0.02314740503
v -0.1382723382 0.592 0.181
v -0.130936869 0.592 0.181
v 0.326 0.592 0.02564146454
v 0.326 0.592 0.02828201372
v -0.1231705479 0.592 0.181
v -0.1158350787 0.592 0.181
v 0.326 0.592 0.03077607323
v 0.326 0.592 0.03341662242
v -0.1080687576 0.592 0.181
v -0.1007332884 0.592 0.181
v 0.326 0.592 0.03591068193
v 0.326 0.592 0.03855123111
v -0.09296696731 0.592 0.181
v -0.08563149816 0.592 0.181
v 0.326 0.592 0.04104529062
v 0.326 0.592 0.04368583981
v -0.07786517703 0.592 0.181
v -0.07052970788 0.592 0.181
v 0.326 0.592 0.04617989932
v 0.326 0.592 0.04882044851
v -0.06276338675 0.592 0.181
v -0.0554279176 0.592 0.181
v 0.326 0.592 0.05131450802
v 0.326 0.592 0.0539550572
v -0.04766159647 0.592 0.181
v -0.04032612732 0.592 0.181
v 0.326 0.592 0.05644911671
v 0.326 0.592 0.0590896659
v -0.03255980619 0.592 0.181
v -0.02522433704 0.592 0.181
v 0.326 0.592 0.06158372541
v 0.326 0.592 0.06422427459
v -0.0174580159 0.592 0.181
v -0.01012254676 0.592 0.181
v 0.326 0.592 0.0667183341
v 0.326 0.592 0.06935888329
v -0.002356225623 0.592 0.181
v 0.004979243525 0.592 0.181
v 0.326 0.592 0.0718529428
v 0.326 0.592 0.07449349198
v 0.01274556466 0.592 0.181
v 0.02008103381 0.592 0.181
v 0.326 0.592 0.07698755149
v 0.326 0.592 0.07962810068
v 0.02784735494 0.592 0.181
v 0.03518282409 0.592 0.181
v 0.326 0.592 0.08212216019
v 0.326 0.592 0.08476270938
v 0.04294914522 0.592 0.181
v 0.05028461437 0.592 0.181
v 0.326 0.592 0.08725676889
v 0.326 0.592 0.08989731807
v 0.0580509355 0.592 0.181
v 0.06538640465 0.592 0.181
v 0.326 0.592 0.09239137758
v 0.326 0.592 0.09503192677
v 0.07315272578 0.592 0.181
v 0.08048819493 0.592 0.181
v 0.326 0.592 0.09752598628
v 0.326 0.592 0.1001665355
v 0.08825451607 0.592 0.181
v 0.09558998521 0.592 0.181
v 0.326 0.592 0.102660595
v 0.326 0.592 0.1053011442
v 0.1033563063 0.592 0.181
v 0.1106917755 0.592 0.181
v 0.326 0.592 0.1077952037
v 0.326 0.592 0.1104357529
v 0.1184580966 0.592 0.181
v 0.1257935658 0.592 0.181
v 0.326 0.592 0.1129298124
v 0.326 0.592 0.1155703615
v 0.1335598869 0.592 0.181
v 0.1408953561 0.592 0.181
v 0.326 0.592 0.1180644211
v 0.326 0.592 0.1207049702
v 0.1486616772 0.592 0.181
v 0.1559971463 0.592 0.181
v 0.326 0.592 0.1231990298
v 0.326 0.592 0.1258395789
v 0.1637634675 0.592 0.181
v 0.1710989366 0.592 0.181
v 0.326 0.592 0.1283336385
v 0.326 0.592 0.1309741876
v 0.1788652578 0.592 0.181
v 0.1862007269 0.592 0.181
v 0.326 0.592 0.1334682471
v 0.326 0.592 0.1361087963
v 0.193967048 0.592 0.181
v 0.2013025172 0.592 0.181
v 0.326 0.592 0.1386028558
v 0.326 0.592 0.141243405
v 0.2090688383 0.592 0.181
v 0.2164043075 0.592 0.181
v 0.326 0.592 0.1437374645
v 0.326 0.592 0.1463780137
v 0.2241706286 0.592 0.181
v 0.2315060977 0.592 0.181
v 0.326 0.592 0.1488720732
v 0.326 0.592 0.1515126224
v 0.2392724189 0.592 0.181
v 0.246607888 0.592 0.181
v 0.326 0.592 0.1540066819
v 0.326 0.592 0.1566472311
v 0.2543742092 0.592 0.181
v 0.2617096783 0.592 0.181
v 0.326 0.592 0.1591412906
v 0.326 0.592 0.1617818398
v 0.2694759994 0.592 0.181
v 0.2768114686 0.592 0.181
v 0.326 0.592 0.1642758993
v 0.326 0.592 0.1669164485
v 0.2845777897 0.592 0.181
v 0.2919132589 0.592 0.181
v 0.326 0.592 0.169410508
v 0.326 0.592 0.1720510572
v 0.29967958 0.592 0.181
v 0.3070150492 0.592 0.181
v 0.326 0.592 0.1745451167
v 0.326 0.592 0.1771856659
v 0.3147813703 0.592 0.181
v 0.3221168394 0.592 0.181
v 0.326 0.592 0.1796797254
v 0.326 0.592 0.181
v 0.311 1 -0.181
v 0.311 1 -0.1796797254
v 0.3071168394 1 -0.181
v 0.2998683268 1 -0.181
v 0.311 1 -0.1772152311
v 0.311 1 -0.1745746819
v 0.2921020057 1 -0.181
v 0.284853493 1 -0.181
v 0.311 1 -0.1721101876
v 0.311 1 -0.1694696385
v 0.2770871719 1 -0.181
v 0.2698386593 1 -0.181
v 0.311 1 -0.1670051442
v 0.311 1 -0.164364595
v 0.2620723382 1 -0.181
v 0.2548238255 1 -0.181
v 0.311 1 -0.1619001007
v 0.311 1 -0.1592595515
v 0.2470575044 1 -0.181
v 0.2398089918 1 -0.181
v 0.311 1 -0.1567950572
v 0.311 1 -0.154154508
v 0.2320426706 1 -0.181
v 0.224794158 1 -0.181
v 0.311 1 -0.1516900137
v 0.311 1 -0.1490494645
v 0.2170278369 1 -0.181
v 0.2097793242 1 -0.181
v 0.311 1 -0.1465849702
v 0.311 1 -0.1439444211
v 0.2020130031 1 -0.181
v 0.1947644905 1 -0.181
v 0.311 1 -0.1414799268
v 0.311 1 -0.1388393776
v 0.1869981694 1 -0.181
v 0.1797496567 1 -0.181
v 0.311 1 -0.1363748833
v 0.311 1 -0.1337343341
v 0.1719833356 1 -0.181
v 0.164734823 1 -0.181
v 0.311 1 -0.1312698398
v 0.311 1 -0.1286292906
v 0.1569685018 1 -0.181
v 0.1497199892 1 -0.181
v 0.311 1 -0.1261647963
v 0.311 1 -0.1235242471
v 0.1419536681 1 -0.181
v 0.1347051555 1 -0.181
v 0.311 1 -0.1210597529
v 0.311 1 -0.1184192037
v 0.1269388343 1 -0.181
v 0.1196903217 1 -0.181
v 0.311 1 -0.1159547094
v 0.311 1 -0.1133141602
v 0.1119240006 1 -0.181
v 0.1046754879 1 -0.181
v 0.311 1 -0.1108496659
v 0.311 1 -0.1082091167
v 0.0969091668 1 -0.181
v 0.08966065417 1 -0.181
v 0.311 1 -0.1057446224
v 0.311 1 -0.1031040732
v 0.08189433304 1 -0.181
v 0.07464582041 1 -0.181
v 0.311 1 -0.1006395789
v 0.311 1 -0.09799902976
v 0.06687949928 1 -0.181
v 0.05963098665 1 -0.181
v 0.311 1 -0.09553453546
v 0.311 1 -0.09289398628
v 0.05186466552 1 -0.181
v 0.04461615289 1 -0.181
v 0.311 1 -0.09042949198
v 0.311 1 -0.0877889428
v 0.03684983176 1 -0.181
v 0.02960131913 1 -0.181
v 0.311 1 -0.08532444851
v 0.311 1 -0.08268389932
v 0.021834998 1 -0.181
v 0.01458648537 1 -0.181
v 0.311 1 -0.08021940503
v 0.311 1 -0.07757885584
v 0.006820164242 1 -0.181
v -0.0004283483848 1 -0.181
v 0.311 1 -0.07511436155
v 0.311 1 -0.07247381236
v -0.008194669518 1 -0.181
v -0.01544318214 1 -0.181
v 0.311 1 -0.07000931807
v 0.311 1 -0.06736876889
v -0.02320950328 1 -0.181
v -0.0304580159 1 -0.181
v 0.311 1 -0.06490427459
v 0.311 1 -0.06226372541
v -0.03822433704 1 -0.181
v -0.04547284966 1 -0.181
v 0.311 1 -0.05979923111
v 0.311 1 -0.05715868193
v -0.0532391708 1 -0.181
v -0.06048768342 1 -0.181
v 0.311 1 -0.05469418764
v 0.311 1 -0.05205363845
v -0.06825400456 1 -0.181
v -0.07550251718 1 -0.181
v 0.311 1 -0.04958914416
v 0.311 1 -0.04694859497
v -0.08326883832 1 -0.181
v -0.09051735094 1 -0.181
v 0.311 1 -0.04448410068
v 0.311 1 -0.04184355149
v -0.09828367208 1 -0.181
v -0.1055321847 1 -0.181
v 0.311 1 -0.0393790572
v 0.311 1 -0.03673850802
v -0.1132985058 1 -0.181
v -0.1205470185 1 -0.181
v 0.311 1 -0.03427401372
v 0.311 1 -0.03163346454
v -0.1283133396 1 -0.181
v -0.1355618522 1 -0.181
v 0.311 1 -0.02916897024
v 0.311 1 -0.02652842106
v -0.1433281734 1 -0.181
v -0.150576686 1 -0.181
v 0.311 1 -0.02406392677
v 0.311 1 -0.02142337758
v -0.1583430071 1 -0.181
v -0.1655915197 1 -0.181
v 0.311 1 -0.01895888329
v 0.311 1 -0.0163183341
v -0.1733578409 1 -0.181
v -0.1806063535 1 -0.181
v 0.311 1 -0.01385383981
v 0.311 1 -0.01121329062
v -0.1883726746 1 -0.181
v -0.1956211873 1 -0.181
v 0.311 1 -0.008748796332
v 0.311 1 -0.006108247146
v -0.2033875084 1 -0.181
v -0.210636021 1 -0.181
v 0.311 1 -0.003643752854
v 0.311 1 -0.001003203668
v -0.2184023422 1 -0.181
v -0.2256508548 1 -0.181
v 0.311 1 0.001461290625
v 0.311 1 0.00410183981
v -0.2334171759 1 -0.181
v -0.2406656885 1 -0.181
v 0.311 1 0.006566334103
v 0.311 1 0.009206883288
v -0.2484320097 1 -0.181
v -0.2556805223 1 -0.181
v 0.311 1 0.01167137758
v 0.311 1 0.01431192677
v -0.2634468434 1 -0.181
v -0.2706953561 1 -0.181
v 0.311 1 0.01677642106
v 0.311 1 0.01941697024
v -0.2784616772 1 -0.181
v -0.2857101898 1 -0.181
v 0.311 1 0.02188146454
v 0.311 1 0.02452201372
v -0.293476511 1 -0.181
v -0.3007250236 1 -0.181
v 0.311 1 0.02698650802
v 0.311 1 0.0296270572
v -0.3084913447 1 -0.181
v -0.3157398573 1 -0.181
v 0.311 1 0.03209155149
v 0.311 1 0.03473210068
v -0.3235061785 1 -0.181
v -0.3307546911 1 -0.181
v 0.311 1 0.03719659497
v 0.311 1 0.03983714416
v -0.3385210122 1 -0.181
v -0.351 1 -0.181
v -0.3457695249 1 -0.181
v 0.311 1 0.04230163845
v 0.311 1 0.04494218764
v -0.351 1 -0.1801378124
v -0.351 1 -0.1776733181
v 0.311 1 0.04740668193
v 0.311 1 0.05004723111
v -0.351 1 -0.1750327689
v -0.351 1 -0.1725682746
v 0.311 1 0.05251172541
v 0.311 1 0.05515227459
v -0.351 1 -0.1699277254
v -0.351 1 -0.1674632311
v 0.311 1 0.05761676889
v 0.311 1 0.06025731807
v -0.351 1 -0.1648226819
v -0.351 1 -0.1623581876
v 0.311 1 0.06272181236
v 0.311 1 0.06536236155
v -0.351 1 -0.1597176385
v -0.351 1 -0.1572531442
v 0.311 1 0.06782685584
v 0.311 1 0.07046740503
v -0.351 1 -0.154612595
v -0.351 1 -0.1521481007
v 0.311 1 0.07293189932
v 0.311 1 0.07557244851
v -0.351 1 -0.1495075515
v -0.351 1 -0.1470430572
v 0.311 1 0.0780369428
v 0.311 1 0.08067749198
v -0.351 1 -0.144402508
v -0.351 1 -0.1419380137
v 0.311 1 0.08314198628
v 0.311 1 0.08578253546
v -0.351 1 -0.1392974645
v -0.351 1 -0.1368329702
v 0.311 1 0.08824702976
v 0.311 1 0.09088757894
v -0.351 1 -0.1341924211
v -0.351 1 -0.1317279268
v 0.311 1 0.09335207323
v 0.311 1 0.09599262242
v -0.351 1 -0.1290873776
v -0.351 1 -0.1266228833
v 0.311 1 0.09845711671
v 0.311 1 0.1010976659
v -0.351 1 -0.1239823341
v -0.351 1 -0.1215178398
v 0.311 1 0.1035621602
v 0.311 1 0.1062027094
v -0.351 1 -0.1188772906
v -0.351 1 -0.1164127963
v 0.311 1 0.1086672037
v 0.311 1 0.1113077529
v -0.351 1 -0.1137722471
v -0.351 1 -0.1113077529
v 0.311 1 0.1137722471
v 0.311 1 0.1164127963
v -0.351 1 -0.1086672037
v -0.351 1 -0.1062027094
v 0.311 1 0.1188772906
v 0.311 1 0.1215178398
v -0.351 1 -0.1035621602
v -0.351 1 -0.1010976659
v 0.311 1 0.1239823341
v 0.311 1 0.1266228833
v -0.351 1 -0.09845711671
v -0.351 1 -0.09599262242
v 0.311 1 0.1290873776
v 0.311 1 0.1317279268
v -0.351 1 -0.09335207323
v -0.351 1 -0.09088757894
v 0.311 1 0.1341924211
v 0.311 1 0.1368329702
v -0.351 1 -0.08824702976
v -0.351 1 -0.08578253546
v 0.311 1 0.1392974645
v 0.311 1 0.1419380137
v -0.351 1 -0.08314198628
v -0.351 1 -0.08067749198
v 0.311 1 0.144402508
v 0.311 1 0.1470430572
v -0.351 1 -0.0780369428
v -0.351 1 -0.07557244851
v 0.311 1 0.1495075515
v 0.311 1 0.1521481007
v -0.351 1 -0.07293189932
v -0.351 1 -0.07046740503
v 0.311 1 0.154612595
v 0.311 1 0.1572531442
v -0.351 1 -0.06782685584
v -0.351 1 -0.06536236155
v 0.311 1 0.1597176385
v 0.311 1 0.1623581876
v -0.351 1 -0.06272181236
v -0.351 1 -0.06025731807
v 0.311 1 0.1648226819
v 0.311 1 0.1674632311
v -0.351 1 -0.05761676889
v -0.351 1 -0.05515227459
v 0.311 1 0.1699277254
v 0.311 1 0.1725682746
v -0.351 1 -0.05251172541
v -0.351 1 -0.05004723111
v 0.311 1 0.1750327689
v 0.311 1 0.1776733181
v -0.351 1 -0.04740668193
v -0.351 1 -0.04494218764
v 0.311 1 0.1801378124
v 0.311 1 0.181
v 0.3057695249 1 0.181
v -0.351 1 -0.04230163845
v -0.351 1 -0.03983714416
v 0.2985210122 1 0.181
v 0.2907546911 1 0.181
v -0.351 1 -0.03719659497
v -0.351 1 -0.03473210068
v 0.2835061785 1 0.181
v 0.2757398573 1 0.181
v -0.351 1 -0.03209155149
v -0.351 1 -0.0296270572
v 0.2684913447 1 0.181
v 0.2607250236 1 0.181
v -0.351 1 -0.02698650802
v -0.351 1 -0.02452201372
v 0.253476511 1 0.181
v 0.2457101898 1 0.181
v -0.351 1 -0.02188146454
v -0.351 1 -0.01941697024
v 0.2384616772 1 0.181
v 0.2306953561 1 0.181
v -0.351 1 -0.01677642106
v -0.351 1 -0.01431192677
v 0.2234468434 1 0.181
v 0.2156805223 1 0.181
v -0.351 1 -0.01167137758
v -0.351 1 -0.009206883288
v 0.2084320097 1 0.181
v 0.2006656885 1 0.181
v -0.351 1 -0.006566334103
v -0.351 1 -0.00410183981
v 0.1934171759 1 0.181
v 0.1856508548 1 0.181
v -0.351 1 -0.001461290625
v -0.351 1 0.001003203668
v 0.1784023422 1 0.181
v 0.170636021 1 0.181
v -0.351 1 0.003643752854
v -0.351 1 0.006108247146
v 0.1633875084 1 0.181
v 0.1556211873 1 0.181
v -0.351 1 0.008748796332
v -0.351 1 0.01121329062
v 0.1483726746 1 0.181
v 0.1406063535 1 0.181
v -0.351 1 0.01385383981
v -0.351 1 0.0163183341
v 0.1333578409 1 0.181
v 0.1255915197 1 0.181
v -0.351 1 0.01895888329
v -0.351 1 0.02142337758
v 0.1183430071 1 0.181
v 0.110576686 1 0.181
v -0.351 1 0.02406392677
v -0.351 1 0.02652842106
v 0.1033281734 1 0.181
v 0.09556185222 1 0.181
v -0.351 1 0.02916897024
v -0.351 1 0.03163346454
v 0.08831333959 1 0.181
v 0.08054701846 1 0.181
v -0.351 1 0.03427401372
v -0.351 1 0.03673850802
v 0.07329850584 1 0.181
v 0.0655321847 1 0.181
v -0.351 1 0.0393790572
v -0.351 1 0.04184355149
v 0.05828367208 1 0.181
v 0.05051735094 1 0.181
v -0.351 1 0.04448410068
v -0.351 1 0.04694859497
v 0.04326883832 1 0.181
v 0.03550251718 1 0.181
v -0.351 1 0.04958914416
v -0.351 1 0.05205363845
v 0.02825400456 1 0.181
v 0.02048768342 1 0.181
v -0.351 1 0.05469418764
v -0.351 1 0.05715868193
v 0.0132391708 1 0.181
v 0.005472849664 1 0.181
v -0.351 1 0.05979923111
v -0.351 1 0.06226372541
v -0.001775662963 1 0.181
v -0.009541984096 1 0.181
v -0.351 1 0.06490427459
v -0.351 1 0.06736876889
v -0.01679049672 1 0.181
v -0.02455681786 1 0.181
v -0.351 1 0.07000931807
v -0.351 1 0.07247381236
v -0.03180533048 1 0.181
v -0.03957165162 1 0.181
v -0.351 1 0.07511436155
v -0.351 1 0.07757885584
v -0.04682016424 1 0.181
v -0.05458648537 1 0.181
v -0.351 1 0.08021940503
v -0.351 1 0.08268389932
v -0.061834998 1 0.181
v -0.06960131913 1 0.181
v -0.351 1 0.08532444851
v -0.351 1 0.0877889428
v -0.07684983176 1 0.181
v -0.08461615289 1 0.181
v -0.351 1 0.09042949198
v -0.351 1 0.09289398628
v -0.09186466552 1 0.181
v -0.09963098665 1 0.181
v -0.351 1 0.09553453546
v -0.351 1 0.09799902976
v -0.1068794993 1 0.181
v -0.1146458204 1 0.181
v -0.351 1 0.1006395789
v -0.351 1 0.1031040732
v -0.121894333 1 0.181
v -0.1296606542 1 0.181
v -0.351 1 0.1057446224
v -0.351 1 0.1082091167
v -0.1369091668 1 0.181
v -0.1446754879 1 0.181
v -0.351 1 0.1108496659
v -0.351 1 0.1133141602
v -0.1519240006 1 0.181
v -0.1596903217 1 0.181
v -0.351 1 0.1159547094
v -0.351 1 0.1184192037
v -0.1669388343 1 0.181
v -0.1747051555 1 0.181
v -0.351 1 0.1210597529
v -0.351 1 0.1235242471
v -0.1819536681 1 0.181
v -0.1897199892 1 0.181
v -0.351 1 0.1261647963
v -0.351 1 0.1286292906
v -0.1969685018 1 0.181
v -0.204734823 1 0.181
v -0.351 1 0.1312698398
v -0.351 1 0.1337343341
v -0.2119833356 1 0.181
v -0.2197496567 1 0.181
v -0.351 1 0.1363748833
v -0.351 1 0.1388393776
v -0.2269981694 1 0.181
v -0.2347644905 1 0.181
v -0.351 1 0.1414799268
v -0.351 1 0.1439444211
v -0.2420130031 1 0.181
v -0.2497793242 1 0.181
v -0.351 1 0.1465849702
v -0.351 1 0.1490494645
v -0.2570278369 1 0.181
v -0.264794158 1 0.181
v -0.351 1 0.1516900137
v -0.351 1 0.154154508
v -0.2720426706 1 0.181
v -0.2798089918 1 0.181
v -0.351 1 0.1567950572
v -0.351 1 0.1592595515
v -0.2870575044 1 0.181
v -0.2948238255 1 0.181
v -0.351 1 0.1619001007
v -0.351 1 0.164364595
v -0.3020723382 1 0.181
v -0.3098386593 1 0.181
v -0.351 1 0.1670051442
v -0.351 1 0.1694696385
v -0.3170871719 1 0.181
v -0.324853493 1 0.181
v -0.351 1 0.1721101876
v -0.351 1 0.1745746819
v -0.3321020057 1 0.181
v -0.3398683268 1 0.181
v -0.351 1 0.1772152311
v -0.351 1 0.181
v -0.351 1 0.1796797254
v -0.3471168394 1 0.181
v -0.351 1 -0.181
v -0.3471168394 1 -0.181
v -0.351 1 -0.1796797254
v -0.351 1 -0.1772152311
v -0.3398683268 1 -0.181
v -0.3321020057 1 -0.181
v -0.351 1 -0.1745746819
v -0.351 1 -0.1721101876
v -0.324853493 1 -0.181
v -0.3170871719 1 -0.181
v -0.351 1 -0.1694696385
v -0.351 1 -0.1670051442
v -0.3098386593 1 -0.181
v -0.3020723382 1 -0.181
v -0.351 1 -0.164364595
v -0.351 1 -0.1619001007
v -0.2948238255 1 -0.181
v -0.2870575044 1 -0.181
v -0.351 1 -0.1592595515
v -0.351 1 -0.1567950572
v -0.2798089918 1 -0.181
v -0.2720426706 1 -0.181
v -0.351 1 -0.154154508
v -0.351 1 -0.1516900137
v -0.264794158 1 -0.181
v -0.2570278369 1 -0.181
v -0.351 1 -0.1490494645
v -0.351 1 -0.1465849702
v -0.2497793242 1 -0.181
v -0.2420130031 1 -0.181
v -0.351 1 -0.1439444211
v -0.351 1 -0.1414799268
v -0.2347644905 1 -0.181
v -0.2269981694 1 -0.181
v -0.351 1 -0.1388393776
v -0.351 1 -0.1363748833
v -0.2197496567 1 -0.181
v -0.2119833356 1 -0.181
v -0.351 1 -0.1337343341
v -0.351 1 -0.1312698398
v -0.204734823 1 -0.181
v -0.1969685018 1 -0.181
v -0.351 1 -0.1286292906
v -0.351 1 -0.1261647963
v -0.1897199892 1 -0.181
v -0.1819536681 1 -0.181
v -0.351 1 -0.1235242471
v -0.351 1 -0.1210597529
v -0.1747051555 1 -0.181
v -0.1669388343 1 -0.181
v -0.351 1 -0.1184192037
v -0.351 1 -0.1159547094
v -0.1596903217 1 -0.181
v -0.1519240006 1 -0.181
v -0.351 1 -0.1133141602
v -0.351 1 -0.1108496659
v -0.1446754879 1 -0.181
v -0.1369091668 1 -0.181
v -0.351 1 -0.1082091167
v -0.351 1 -0.1057446224
v -0.1296606542 1 -0.181
v -0.121894333 1 -0.181
v -0.351 1 -0.1031040732
v -0.351 1 -0.1006395789
v -0.1146458204 1 -0.181
v -0.1068794993 1 -0.181
v -0.351 1 -0.09799902976
v -0.351 1 -0.09553453546
v -0.09963098665 1 -0.181
v -0.09186466552 1 -0.181
v -0.351 1 -0.09289398628
v -0.351 1 -0.09042949198
v -0.08461615289 1 -0.181
v -0.07684983176 1 -0.181
v -0.351 1 -0.0877889428
v -0.351 1 -0.08532444851
v -0.06960131913 1 -0.181
v -0.061834998 1 -0.181
v -0.351 1 -0.08268389932
v -0.351 1 -0.08021940503
v -0.05458648537 1 -0.181
v -0.04682016424 1 -0.181
v -0.351 1 -0.07757885584
v -0.351 1 -0.07511436155
v -0.03957165162 1 -0.181
v -0.03180533048 1 -0.181
v -0.351 1 -0.07247381236
v -0.351 1 -0.07000931807
v -0.02455681786 1 -0.181
v -0.01679049672 1 -0.181
v -0.351 1 -0.06736876889
v -0.351 1 -0.06490427459
v -0.009541984096 1 -0.181
v -0.001775662963 1 -0.181
v -0.351 1 -0.06226372541
v -0.351 1 -0.05979923111
v 0.005472849664 1 -0.181
v 0.0132391708 1 -0.181
v -0.351 1 -0.05715868193
v -0.351 1 -0.05469418764
v 0.02048768342 1 -0.181
v 0.02825400456 1 -0.181
v -0.351 1 -0.05205363845
v -0.351 1 -0.04958914416
v 0.03550251718 1 -0.181
v 0.04326883832 1 -0.181
v -0.351 1 -0.04694859497
v -0.351 1 -0.04448410068
v 0.05051735094 1 -0.181
v 0.05828367208 1 -0.181
v -0.351 1 -0.04184355149
v -0.351 1 -0.0393790572
v 0.0655321847 1 -0.181
v 0.07329850584 1 -0.181
v -0.351 1 -0.03673850802
v -0.351 1 -0.03427401372
v 0.08054701846 1 -0.181
v 0.08831333959 1 -0.181
v -0.351 1 -0.03163346454
v -0.351 1 -0.02916897024
v 0.09556185222 1 -0.181
v 0.1033281734 1 -0.181
v -0.351 1 -0.02652842106
v -0.351 1 -0.02406392677
v 0.110576686 1 -0.181
v 0.1183430071 1 -0.181
v -0.351 1 -0.02142337758
v -0.351 1 -0.01895888329
v 0.1255915197 1 -0.181
v 0.1333578409 1 -0.181
v -0.351 1 -0.0163183341
v -0.351 1 -0.01385383981
v 0.1406063535 1 -0.181
v 0.1483726746 1 -0.181
v -0.351 1 -0.01121329062
v -0.351 1 -0.008748796332
v 0.1556211873 1 -0.181
v 0.1633875084 1 -0.181
v -0.351 1 -0.006108247146
v -0.351 1 -0.003643752854
v 0.170636021 1 -0.181
v 0.1784023422 1 -0.181
v -0.351 1 -0.001003203668
v -0.351 1 0.001461290625
v 0.1856508548 1 -0.181
v 0.1934171759 1 -0.181
v -0.351 1 0.00410183981
v -0.351 1 0.006566334103
v 0.2006656885 1 -0.181
v 0.2084320097 1 -0.181
v -0.351 1 0.009206883288
v -0.351 1 0.01167137758
v 0.2156805223 1 -0.181
v 0.2234468434 1 -0.181
v -0.351 1 0.01431192677
v -0.351 1 0.01677642106
v 0.2306953561 1 -0.181
v 0.2384616772 1 -0.181
v -0.351 1 0.01941697024
v -0.351 1 0.02188146454
v 0.2457101898 1 -0.181
v 0.253476511 1 -0.181
v -0.351 1 0.02452201372
v -0.351 1 0.02698650802
v 0.2607250236 1 -0.181
v 0.2684913447 1 -0.181
v -0.351 1 0.0296270572
v -0.351 1 0.03209155149
v 0.2757398573 1 -0.181
v 0.2835061785 1 -0.181
v -0.351 1 0.03473210068
v -0.351 1 0.03719659497
v 0.2907546911 1 -0.181
v 0.2985210122 1 -0.181
v -0.351 1 0.03983714416
v -0.351 1 0.04230163845
v 0.3057695249 1 -0.181
v 0.311 1 -0.181
v 0.311 1 -0.1801378124
v -0.351 1 0.04494218764
v -0.351 1 0.04740668193
v 0.311 1 -0.1776733181
v 0.311 1 -0.1750327689
v -0.351 1 0.05004723111
v -0.351 1 0.05251172541
v 0.311 1 -0.1725682746
v 0.311 1 -0.1699277254
v -0.351 1 0.05515227459
v -0.351 1 0.05761676889
v 0.311 1 -0.1674632311
v 0.311 1 -0.1648226819
v -0.351 1 0.06025731807
v -0.351 1 0.06272181236
v 0.311 1 -0.1623581876
v 0.311 1 -0.1597176385
v -0.351 1 0.06536236155
v -0.351 1 0.06782685584
v 0.311 1 -0.1572531442
v 0.311 1 -0.154612595
v -0.351 1 0.07046740503
v -0.351 1 0.07293189932
v 0.311 1 -0.1521481007
v 0.311 1 -0.1495075515
v -0.351 1 0.07557244851
v -0.351 1 0.0780369428
v 0.311 1 -0.1470430572
v 0.311 1 -0.144402508
v -0.351 1 0.08067749198
v -0.351 1 0.08314198628
v 0.311 1 -0.1419380137
v 0.311 1 -0.1392974645
v -0.351 1 0.08578253546
v -0.351 1 0.08824702976
v 0.311 1 -0.1368329702
v 0.311 1 -0.1341924211
v -0.351 1 0.09088757894
v -0.351 1 0.09335207323
v 0.311 1 -0.1317279268
v 0.311 1 -0.1290873776
v -0.351 1 0.09599262242
v -0.351 1 0.09845711671
v 0.311 1 -0.1266228833
v 0.311 1 -0.1239823341
v -0.351 1 0.1010976659
v -0.351 1 0.1035621602
v 0.311 1 -0.1215178398
v 0.311 1 -0.1188772906
v -0.351 1 0.1062027094
v -0.351 1 0.1086672037
v 0.311 1 -0.1164127963
v 0.311 1 -0.1137722471
v -0.351 1 0.1113077529
v -0.351 1 0.1137722471
v 0.311 1 -0.1113077529
v 0.311 1 -0.1086672037
v -0.351 1 0.1164127963
v -0.351 1 0.1188772906
v 0.311 1 -0.1062027094
v 0.311 1 -0.1035621602
v -0.351 1 0.1215178398
v -0.351 1 0.1239823341
v 0.311 1 -0.1010976659
v 0.311 1 -0.09845711671
v -0.351 1 0.1266228833
v -0.351 1 0.1290873776
v 0.311 1 -0.09599262242
v 0.311 1 -0.09335207323
v -0.351 1 0.1317279268
v -0.351 1 0.1341924211
v 0.311 1 -0.09088757894
v 0.311 1 -0.08824702976
v -0.351 1 0.1368329702
v -0.351 1 0.1392974645
v 0.311 1 -0.08578253546
v 0.311 1 -0.08314198628
v -0.351 1 0.1419380137
v -0.351 1 0.144402508
v 0.311 1 -0.08067749198
v 0.311 1 -0.0780369428
v -0.351 1 0.1470430572
v -0.351 1 0.1495075515
v 0.311 1 -0.07557244851
v 0.311 1 -0.07293189932
v -0.351 1 0.1521481007
v -0.351 1 0.154612595
v 0.311 1 -0.07046740503
v 0.311 1 -0.06782685584
v -0.351 1 0.1572531442
v -0.351 1 0.1597176385
v 0.311 1 -0.06536236155
v 0.311 1 -0.06272181236
v -0.351 1 0.1623581876
v -0.351 1 0.1648226819
v 0.311 1 -0.06025731807
v 0.311 1 -0.05761676889
v -0.351 1 0.1674632311
v -0.351 1 0.1699277254
v 0.311 1 -0.05515227459
v 0.311 1 -0.05251172541
v -0.351 1 0.1725682746
v -0.351 1 0.1750327689
v 0.311 1 -0.05004723111
v 0.311 1 -0.04740668193
v -0.351 1 0.1776733181
v -0.351 1 0.181
v -0.351 1 0.1801378124
v 0.311 1 -0.04494218764
v 0.311 1 -0.04230163845
v -0.3457695249 1 0.181
v -0.3385210122 1 0.181
v 0.311 1 -0.03983714416
v 0.311 1 -0.03719659497
v -0.3307546911 1 0.181
v -0.3235061785 1 0.181
v 0.311 1 -0.03473210068
v 0.311 1 -0.03209155149
v -0.3157398573 1 0.181
v -0.3084913447 1 0.181
v 0.311 1 -0.0296270572
v 0.311 1 -0.02698650802
v -0.3007250236 1 0.181
v -0.293476511 1 0.181
v 0.311 1 -0.02452201372
v 0.311 1 -0.02188146454
v -0.2857101898 1 0.181
v -0.2784616772 1 0.181
v 0.311 1 -0.01941697024
v 0.311 1 -0.01677642106
v -0.2706953561 1 0.181
v -0.2634468434 1 0.181
v 0.311 1 -0.01431192677
v 0.311 1 -0.01167137758
v -0.2556805223 1 0.181
v -0.2484320097 1 0.181
v 0.311 1 -0.009206883288
v 0.311 1 -0.006566334103
v -0.2406656885 1 0.181
v -0.2334171759 1 0.181
v 0.311 1 -0.00410183981
v 0.311 1 -0.001461290625
v -0.2256508548 1 0.181
v -0.2184023422 1 0.181
v 0.311 1 0.001003203668
v 0.311 1 0.003643752854
v -0.210636021 1 0.181
v -0.2033875084 1 0.181
v 0.311 1 0.006108247146
v 0.311 1 0.008748796332
v -0.1956211873 1 0.181
v -0.1883726746 1 0.181
v 0.311 1 0.01121329062
v 0.311 1 0.01385383981
v -0.1806063535 1 0.181
v -0.1733578409 1 0.181
v 0.311 1 0.0163183341
v 0.311 1 0.01895888329
v -0.1655915197 1 0.181
v -0.1583430071 1 0.181
v 0.311 1 0.02142337758
v 0.311 1 0.02406392677
v -0.150576686 1 0.181
v -0.1433281734 1 0.181
v 0.311 1 0.02652842106
v 0.311 1 0.02916897024
v -0.1355618522 1 0.181
v -0.1283133396 1 0.181
v 0.311 1 0.03163346454
v 0.311 1 0.03427401372
v -0.1205470185 1 0.181
v -0.1132985058 1 0.181
v 0.311 1 0.03673850802
v 0.311 1 0.0393790572
v -0.1055321847 1 0.181
v -0.09828367208 1 0.181
v 0.311 1 0.04184355149
v 0.311 1 0.04448410068
v -0.09051735094 1 0.181
v -0.08326883832 1 0.181
v 0.311 1 0.04694859497
v 0.311 1 0.04958914416
v -0.07550251718 1 0.181
v -0.06825400456 1 0.181
v 0.311 1 0.05205363845
v 0.311 1 0.05469418764
v -0.06048768342 1 0.181
v -0.0532391708 1 0.181
v 0.311 1 0.05715868193
v 0.311 1 0.05979923111
v -0.04547284966 1 0.181
v -0.03822433704 1 0.181
v 0.311 1 0.06226372541
v 0.311 1 0.06490427459
v -0.0304580159 1 0.181
v -0.02320950328 1 0.181
v 0.311 1 0.06736876889
v 0.311 1 0.07000931807
v -0.01544318214 1 0.181
v -0.008194669518 1 0.181
v 0.311 1 0.07247381236
v 0.311 1 0.07511436155
v -0.0004283483848 1 0.181
v 0.006820164242 1 0.181
v 0.311 1 0.07757885584
v 0.311 1 0.08021940503
v 0.01458648537 1 0.181
v 0.021834998 1 0.181
v 0.311 1 0.08268389932
v 0.311 1 0.08532444851
v 0.02960131913 1 0.181
v 0.03684983176 1 0.181
v 0.311 1 0.0877889428
v 0.311 1 0.09042949198
v 0.04461615289 1 0.181
v 0.05186466552 1 0.181
v 0.311 1 0.09289398628
v 0.311 1 0.09553453546
v 0.05963098665 1 0.181
v 0.06687949928 1 0.181
v 0.311 1 0.09799902976
v 0.311 1 0.1006395789
v 0.07464582041 1 0.181
v 0.08189433304 1 0.181
v 0.311 1 0.1031040732
v 0.311 1 0.1057446224
v 0.08966065417 1 0.181
v 0.0969091668 1 0.181
v 0.311 1 0.1082091167
v 0.311 1 0.1108496659
v 0.1046754879 1 0.181
v 0.1119240006 1 0.181
v 0.311 1 0.1133141602
v 0.311 1 0.1159547094
v 0.1196903217 1 0.181
v 0.1269388343 1 0.181
v 0.311 1 0.1184192037
v 0.311 1 0.1210597529
v 0.1347051555 1 0.181
v 0.1419536681 1 0.181
v 0.311 1 0.1235242471
v 0.311 1 0.1261647963
v 0.1497199892 1 0.181
v 0.1569685018 1 0.181
v 0.311 1 0.1286292906
v 0.311 1 0.1312698398
v 0.164734823 1 0.181
v 0.1719833356 1 0.181
v 0.311 1 0.1337343341
v 0.311 1 0.1363748833
v 0.1797496567 1 0.181
v 0.1869981694 1 0.181
v 0.311 1 0.1388393776
v 0.311 1 0.1414799268
v 0.1947644905 1 0.181
v 0.2020130031 1 0.181
v 0.311 1 0.1439444211
v 0.311 1 0.1465849702
v 0.2097793242 1 0.181
v 0.2170278369 1 0.181
v 0.311 1 0.1490494645
v 0.311 1 0.1516900137
v 0.224794158 1 0.181
v 0.2320426706 1 0.181
v 0.311 1 0.154154508
v 0.311 1 0.1567950572
v 0.2398089918 1 0.181
v 0.2470575044 1 0.181
v 0.311 1 0.1592595515
v 0.311 1 0.1619001007
v 0.2548238255 1 0.181
v 0.2620723382 1 0.181
v 0.311 1 0.164364595
v 0.311 1 0.1670051442
v 0.2698386593 1 0.181
v 0.2770871719 1 0.181
v 0.311 1 0.1694696385
v 0.311 1 0.1721101876
v 0.284853493 1 0.181
v 0.2921020057 1 0.181
v 0.311 1 0.1745746819
v 0.311 1 0.1772152311
v 0.2998683268 1 0.181
v 0.3071168394 1 0.181
v 0.311 1 0.1796797254
v 0.311 1 0.181
v 0.298 1.4 -0.181
v 0.298 1.4 -0.1796797254
v 0.2941168394 1.4 -0.181
v 0.2869552833 1.4 -0.181
v 0.298 1.4 -0.1772447963
v 0.298 1.4 -0.1746042471
v 0.2791889622 1.4 -0.181
v 0.2720274061 1.4 -0.181
v 0.298 1.4 -0.1721693181
v 0.298 1.4 -0.1695287689
v 0.264261085 1.4 -0.181
v 0.2570995289 1.4 -0.181
v 0.298 1.4 -0.1670938398
v 0.298 1.4 -0.1644532906
v 0.2493332077 1.4 -0.181
v 0.2421716516 1.4 -0.181
v 0.298 1.4 -0.1620183615
v 0.298 1.4 -0.1593778124
v 0.2344053305 1.4 -0.181
v 0.2272437744 1.4 -0.181
v 0.298 1.4 -0.1569428833
v 0.298 1.4 -0.1543023341
v 0.2194774532 1.4 -0.181
v 0.2123158971 1.4 -0.181
v 0.298 1.4 -0.151867405
v 0.298 1.4 -0.1492268558
v 0.204549576 1.4 -0.181
v 0.1973880199 1.4 -0.181
v 0.298 1.4 -0.1467919268
v 0.298 1.4 -0.1441513776
v 0.1896216988 1.4 -0.181
v 0.1824601427 1.4 -0.181
v 0.298 1.4 -0.1417164485
v 0.298 1.4 -0.1390758993
v 0.1746938215 1.4 -0.181
v 0.1675322654 1.4 -0.181
v 0.298 1.4 -0.1366409702
v 0.298 1.4 -0.1340004211
v 0.1597659443 1.4 -0.181
v 0.1526043882 1.4 -0.181
v 0.298 1.4 -0.131565492
v 0.298 1.4 -0.1289249428
v 0.1448380671 1.4 -0.181
v 0.137676511 1.4 -0.181
v 0.298 1.4 -0.1264900137
v 0.298 1.4 -0.1238494645
v 0.1299101898 1.4 -0.181
v 0.1227486337 1.4 -0.181
v 0.298 1.4 -0.1214145355
v 0.298 1.4 -0.1187739863
v 0.1149823126 1.4 -0.181
v 0.1078207565 1.4 -0.181
v 0.298 1.4 -0.1163390572
v 0.298 1.4 -0.113698508
v 0.1000544353 1.4 -0.181
v 0.09289287924 1.4 -0.181
v 0.298 1.4 -0.1112635789
v 0.298 1.4 -0.1086230298
v 0.0851265581 1.4 -0.181
v 0.077965002 1.4 -0.181
v 0.298 1.4 -0.1061881007
v 0.298 1.4 -0.1035475515
v 0.07019868087 1.4 -0.181
v 0.06303712476 1.4 -0.181
v 0.298 1.4 -0.1011126224
v 0.298 1.4 -0.09847207323
v 0.05527080363 1.4 -0.181
v 0.04810924752 1.4 -0.181
v 0.298 1.4 -0.09603714416
v 0.298 1.4 -0.09339659497
v 0.04034292639 1.4 -0.181
v 0.03318137029 1.4 -0.181
v 0.298 1.4 -0.0909616659
v 0.298 1.4 -0.08832111671
v 0.02541504915 1.4 -0.181
v 0.01825349305 1.4 -0.181
v 0.298 1.4 -0.08588618764
v 0.298 1.4 -0.08324563845
v 0.01048717191 1.4 -0.181
v 0.00332561581 1.4 -0.181
v 0.298 1.4 -0.08081070938
v 0.298 1.4 -0.07817016019
v -0.004440705324 1.4 -0.181
v -0.01160226143 1.4 -0.181
v 0.298 1.4 -0.07573523111
v 0.298 1.4 -0.07309468193
v -0.01936858256 1.4 -0.181
v -0.02653013867 1.4 -0.181
v 0.298 1.4 -0.07065975285
v 0.298 1.4 -0.06801920367
v -0.0342964598 1.4 -0.181
v -0.0414580159 1.4 -0.181
v 0.298 1.4 -0.06558427459
v 0.298 1.4 -0.06294372541
v -0.04922433704 1.4 -0.181
v -0.05638589314 1.4 -0.181
v 0.298 1.4 -0.06050879633
v 0.298 1.4 -0.05786824715
v -0.06415221428 1.4 -0.181
v -0.07131377038 1.4 -0.181
v 0.298 1.4 -0.05543331807
v 0.298 1.4 -0.05279276889
v -0.07908009151 1.4 -0.181
v -0.08624164762 1.4 -0.181
v 0.298 1.4 -0.05035783981
v 0.298 1.4 -0.04771729062
v -0.09400796875 1.4 -0.181
v -0.1011695249 1.4 -0.181
v 0.298 1.4 -0.04528236155
v 0.298 1.4 -0.04264181236
v -0.108935846 1.4 -0.181
v -0.1160974021 1.4 -0.181
v 0.298 1.4 -0.04020688329
v 0.298 1.4 -0.0375663341
v -0.1238637232 1.4 -0.181
v -0.1310252793 1.4 -0.181
v 0.298 1.4 -0.03513140503
v 0.298 1.4 -0.03249085584
v -0.1387916005 1.4 -0.181
v -0.1459531566 1.4 -0.181
v 0.298 1.4 -0.03005592677
v 0.298 1.4 -0.02741537758
v -0.1537194777 1.4 -0.181
v -0.1608810338 1.4 -0.181
v 0.298 1.4 -0.02498044851
v 0.298 1.4 -0.02233989932
v -0.1686473549 1.4 -0.181
v -0.175808911 1.4 -0.181
v 0.298 1.4 -0.01990497024
v 0.298 1.4 -0.01726442106
v -0.1835752322 1.4 -0.181
v -0.1907367883 1.4 -0.181
v 0.298 1.4 -0.01482949198
v 0.298 1.4 -0.0121889428
v -0.1985031094 1.4 -0.181
v -0.2056646655 1.4 -0.181
v 0.298 1.4 -0.009754013723
v 0.298 1.4 -0.007113464538
v -0.2134309867 1.4 -0.181
v -0.2205925428 1.4 -0.181
v 0.298 1.4 -0.004678535462
v 0.298 1.4 -0.002037986277
v -0.2283588639 1.4 -0.181
v -0.23552042 1.4 -0.181
v 0.298 1.4 0.0003969427987
v 0.298 1.4 0.003037491984
v -0.2432867411 1.4 -0.181
v -0.2504482972 1.4 -0.181
v 0.298 1.4 0.00547242106
v 0.298 1.4 0.008112970245
v -0.2582146184 1.4 -0.181
v -0.2653761745 1.4 -0.181
v 0.298 1.4 0.01054789932
v 0.298 1.4 0.01318844851
v -0.2731424956 1.4 -0.181
v -0.2803040517 1.4 -0.181
v 0.298 1.4 0.01562337758
v 0.298 1.4 0.01826392677
v -0.2880703728 1.4 -0.181
v -0.2952319289 1.4 -0.181
v 0.298 1.4 0.02069885584
v 0.298 1.4 0.02333940503
v -0.3029982501 1.4 -0.181
v -0.3101598062 1.4 -0.181
v 0.298 1.4 0.0257743341
v 0.298 1.4 0.02841488329
v -0.3179261273 1.4 -0.181
v -0.3250876834 1.4 -0.181
v 0.298 1.4 0.03084981236
v 0.298 1.4 0.03349036155
v -0.3328540046 1.4 -0.181
v -0.3400155607 1.4 -0.181
v 0.298 1.4 0.03592529062
v 0.298 1.4 0.03856583981
v -0.3477818818 1.4 -0.181
v -0.354 1.4 -0.1806792311
v 0.298 1.4 0.04100076889
v 0.298 1.4 0.04364131807
v -0.354 1.4 -0.1780386819
v -0.354 1.4 -0.1756037529
v 0.298 1.4 0.04607624715
v 0.298 1.4 0.04871679633
v -0.354 1.4 -0.1729632037
v -0.354 1.4 -0.1705282746
v 0.298 1.4 0.05115172541
v 0.298 1.4 0.05379227459
v -0.354 1.4 -0.1678877254
v -0.354 1.4 -0.1654527963
v 0.298 1.4 0.05622720367
v 0.298 1.4 0.05886775285
v -0.354 1.4 -0.1628122471
v -0.354 1.4 -0.1603773181
v 0.298 1.4 0.06130268193
v 0.298 1.4 0.06394323111
v -0.354 1.4 -0.1577367689
v -0.354 1.4 -0.1553018398
v 0.298 1.4 0.06637816019
v 0.298 1.4 0.06901870938
v -0.354 1.4 -0.1526612906
v -0.354 1.4 -0.1502263615
v 0.298 1.4 0.07145363845
v 0.298 1.4 0.07409418764
v -0.354 1.4 -0.1475858124
v -0.354 1.4 -0.1451508833
v 0.298 1.4 0.07652911671
v 0.298 1.4 0.0791696659
v -0.354 1.4 -0.1425103341
v -0.354 1.4 -0.140075405
v 0.298 1.4 0.08160459497
v 0.298 1.4 0.08424514416
v -0.354 1.4 -0.1374348558
v -0.354 1.4 -0.1349999268
v 0.298 1.4 0.08668007323
v 0.298 1.4 0.08932062242
v -0.354 1.4 -0.1323593776
v -0.354 1.4 -0.1299244485
v 0.298 1.4 0.09175555149
v 0.298 1.4 0.09439610068
v -0.354 1.4 -0.1272838993
v -0.354 1.4 -0.1248489702
v 0.298 1.4 0.09683102976
v 0.298 1.4 0.09947157894
v -0.354 1.4 -0.1222084211
v -0.354 1.4 -0.119773492
v 0.298 1.4 0.101906508
v 0.298 1.4 0.1045470572
v -0.354 1.4 -0.1171329428
v -0.354 1.4 -0.1146980137
v 0.298 1.4 0.1069819863
v 0.298 1.4 0.1096225355
v -0.354 1.4 -0.1120574645
v -0.354 1.4 -0.1096225355
v 0.298 1.4 0.1120574645
v 0.298 1.4 0.1146980137
v -0.354 1.4 -0.1069819863
v -0.354 1.4 -0.1045470572
v 0.298 1.4 0.1171329428
v 0.298 1.4 0.119773492
v -0.354 1.4 -0.101906508
v -0.354 1.4 -0.09947157894
v 0.298 1.4 0.1222084211
v 0.298 1.4 0.1248489702
v -0.354 1.4 -0.09683102976
v -0.354 1.4 -0.09439610068
v 0.298 1.4 0.1272838993
v 0.298 1.4 0.1299244485
v -0.354 1.4 -0.09175555149
v -0.354 1.4 -0.08932062242
v 0.298 1.4 0.1323593776
v 0.298 1.4 0.1349999268
v -0.354 1.4 -0.08668007323
v -0.354 1.4 -0.08424514416
v 0.298 1.4 0.1374348558
v 0.298 1.4 0.140075405
v -0.354 1.4 -0.08160459497
v -0.354 1.4 -0.0791696659
v 0.298 1.4 0.1425103341
v 0.298 1.4 0.1451508833
v -0.354 1.4 -0.07652911671
v -0.354 1.4 -0.07409418764
v 0.298 1.4 0.1475858124
v 0.298 1.4 0.1502263615
v -0.354 1.4 -0.07145363845
v -0.354 1.4 -0.06901870938
v 0.298 1.4 0.1526612906
v 0.298 1.4 0.1553018398
v -0.354 1.4 -0.06637816019
v -0.354 1.4 -0.06394323111
v 0.298 1.4 0.1577367689
v 0.298 1.4 0.1603773181
v -0.354 1.4 -0.06130268193
v -0.354 1.4 -0.05886775285
v 0.298 1.4 0.1628122471
v 0.298 1.4 0.1654527963
v -0.354 1.4 -0.05622720367
v -0.354 1.4 -0.05379227459
v 0.298 1.4 0.1678877254
v 0.298 1.4 0.1705282746
v -0.354 1.4 -0.05115172541
v -0.354 1.4 -0.04871679633
v 0.298 1.4 0.1729632037
v 0.298 1.4 0.1756037529
v -0.354 1.4 -0.04607624715
v -0.354 1.4 -0.04364131807
v 0.298 1.4 0.1780386819
v 0.298 1.4 0.1806792311
v -0.354 1.4 -0.04100076889
v -0.354 1.4 -0.03856583981
v 0.2917818818 1.4 0.181
v 0.2840155607 1.4 0.181
v -0.354 1.4 -0.03592529062
v -0.354 1.4 -0.03349036155
v 0.2768540046 1.4 0.181
v 0.2690876834 1.4 0.181
v -0.354 1.4 -0.03084981236
v -0.354 1.4 -0.02841488329
v 0.2619261273 1.4 0.181
v 0.2541598062 1.4 0.181
v -0.354 1.4 -0.0257743341
v -0.354 1.4 -0.02333940503
v 0.2469982501 1.4 0.181
v 0.2392319289 1.4 0.181
v -0.354 1.4 -0.02069885584
v -0.354 1.4 -0.01826392677
v 0.2320703728 1.4 0.181
v 0.2243040517 1.4 0.181
v -0.354 1.4 -0.01562337758
v -0.354 1.4 -0.01318844851
v 0.2171424956 1.4 0.181
v 0.2093761745 1.4 0.181
v -0.354 1.4 -0.01054789932
v -0.354 1.4 -0.008112970245
v 0.2022146184 1.4 0.181
v 0.1944482972 1.4 0.181
v -0.354 1.4 -0.00547242106
v -0.354 1.4 -0.003037491984
v 0.1872867411 1.4 0.181
v 0.17952042 1.4 0.181
v -0.354 1.4 -0.0003969427987
v -0.354 1.4 0.002037986277
v 0.1723588639 1.4 0.181
v 0.1645925428 1.4 0.181
v -0.354 1.4 0.004678535462
v -0.354 1.4 0.007113464538
v 0.1574309867 1.4 0.181
v 0.1496646655 1.4 0.181
v -0.354 1.4 0.009754013723
v -0.354 1.4 0.0121889428
v 0.1425031094 1.4 0.181
v 0.1347367883 1.4 0.181
v -0.354 1.4 0.01482949198
v -0.354 1.4 0.01726442106
v 0.1275752322 1.4 0.181
v 0.119808911 1.4 0.181
v -0.354 1.4 0.01990497024
v -0.354 1.4 0.02233989932
v 0.1126473549 1.4 0.181
v 0.1048810338 1.4 0.181
v -0.354 1.4 0.02498044851
v -0.354 1.4 0.02741537758
v 0.0977194777 1.4 0.181
v 0.08995315657 1.4 0.181
v -0.354 1.4 0.03005592677
v -0.354 1.4 0.03249085584
v 0.08279160046 1.4 0.181
v 0.07502527933 1.4 0.181
v -0.354 1.4 0.03513140503
v -0.354 1.4 0.0375663341
v 0.06786372323 1.4 0.181
v 0.06009740209 1.4 0.181
v -0.354 1.4 0.04020688329
v -0.354 1.4 0.04264181236
v 0.05293584599 1.4 0.181
v 0.04516952486 1.4 0.181
v -0.354 1.4 0.04528236155
v -0.354 1.4 0.04771729062
v 0.03800796875 1.4 0.181
v 0.03024164762 1.4 0.181
v -0.354 1.4 0.05035783981
v -0.354 1.4 0.05279276889
v 0.02308009151 1.4 0.181
v 0.01531377038 1.4 0.181
v -0.354 1.4 0.05543331807
v -0.354 1.4 0.05786824715
v 0.008152214275 1.4 0.181
v 0.0003858931418 1.4 0.181
v -0.354 1.4 0.06050879633
v -0.354 1.4 0.06294372541
v -0.006775662963 1.4 0.181
v -0.0145419841 1.4 0.181
v -0.354 1.4 0.06558427459
v -0.354 1.4 0.06801920367
v -0.0217035402 1.4 0.181
v -0.02946986133 1.4 0.181
v -0.354 1.4 0.07065975285
v -0.354 1.4 0.07309468193
v -0.03663141744 1.4 0.181
v -0.04439773857 1.4 0.181
v -0.354 1.4 0.07573523111
v -0.354 1.4 0.07817016019
v -0.05155929468 1.4 0.181
v -0.05932561581 1.4 0.181
v -0.354 1.4 0.08081070938
v -0.354 1.4 0.08324563845
v -0.06648717191 1.4 0.181
v -0.07425349305 1.4 0.181
v -0.354 1.4 0.08588618764
v -0.354 1.4 0.08832111671
v -0.08141504915 1.4 0.181
v -0.08918137029 1.4 0.181
v -0.354 1.4 0.0909616659
v -0.354 1.4 0.09339659497
v -0.09634292639 1.4 0.181
v -0.1041092475 1.4 0.181
v -0.354 1.4 0.09603714416
v -0.354 1.4 0.09847207323
v -0.1112708036 1.4 0.181
v -0.1190371248 1.4 0.181
v -0.354 1.4 0.1011126224
v -0.354 1.4 0.1035475515
v -0.1261986809 1.4 0.181
v -0.133965002 1.4 0.181
v -0.354 1.4 0.1061881007
v -0.354 1.4 0.1086230298
v -0.1411265581 1.4 0.181
v -0.1488928792 1.4 0.181
v -0.354 1.4 0.1112635789
v -0.354 1.4 0.113698508
v -0.1560544353 1.4 0.181
v -0.1638207565 1.4 0.181
v -0.354 1.4 0.1163390572
v -0.354 1.4 0.1187739863
v -0.1709823126 1.4 0.181
v -0.1787486337 1.4 0.181
v -0.354 1.4 0.1214145355
v -0.354 1.4 0.1238494645
v -0.1859101898 1.4 0.181
v -0.193676511 1.4 0.181
v -0.354 1.4 0.1264900137
v -0.354 1.4 0.1289249428
v -0.2008380671 1.4 0.181
v -0.2086043882 1.4 0.181
v -0.354 1.4 0.131565492
v -0.354 1.4 0.1340004211
v -0.2157659443 1.4 0.181
v -0.2235322654 1.4 0.181
v -0.354 1.4 0.1366409702
v -0.354 1.4 0.1390758993
v -0.2306938215 1.4 0.181
v -0.2384601427 1.4 0.181
v -0.354 1.4 0.1417164485
v -0.354 1.4 0.1441513776
v -0.2456216988 1.4 0.181
v -0.2533880199 1.4 0.181
v -0.354 1.4 0.1467919268
v -0.354 1.4 0.1492268558
v -0.260549576 1.4 0.181
v -0.2683158971 1.4 0.181
v -0.354 1.4 0.151867405
v -0.354 1.4 0.1543023341
v -0.2754774532 1.4 0.181
v -0.2832437744 1.4 0.181
v -0.354 1.4 0.1569428833
v -0.354 1.4 0.1593778124
v -0.2904053305 1.4 0.181
v -0.2981716516 1.4 0.181
v -0.354 1.4 0.1620183615
v -0.354 1.4 0.1644532906
v -0.3053332077 1.4 0.181
v -0.3130995289 1.4 0.181
v -0.354 1.4 0.1670938398
v -0.354 1.4 0.1695287689
v -0.320261085 1.4 0.181
v -0.3280274061 1.4 0.181
v -0.354 1.4 0.1721693181
v -0.354 1.4 0.1746042471
v -0.3351889622 1.4 0.181
v -0.3429552833 1.4 0.181
v -0.354 1.4 0.1772447963
v -0.354 1.4 0.181
v -0.354 1.4 0.1796797254
v -0.3501168394 1.4 0.181
v -0.354 1.4 -0.181
v -0.3501168394 1.4 -0.181
v -0.354 1.4 -0.1796797254
v -0.354 1.4 -0.1772447963
v -0.3429552833 1.4 -0.181
v -0.3351889622 1.4 -0.181
v -0.354 1.4 -0.1746042471
v -0.354 1.4 -0.1721693181
v -0.3280274061 1.4 -0.181
v -0.320261085 1.4 -0.181
v -0.354 1.4 -0.1695287689
v -0.354 1.4 -0.1670938398
v -0.3130995289 1.4 -0.181
v -0.3053332077 1.4 -0.181
v -0.354 1.4 -0.1644532906
v -0.354 1.4 -0.1620183615
v -0.2981716516 1.4 -0.181
v -0.2904053305 1.4 -0.181
v -0.354 1.4 -0.1593778124
v -0.354 1.4 -0.1569428833
v -0.2832437744 1.4 -0.181
v -0.2754774532 1.4 -0.181
v -0.354 1.4 -0.1543023341
v -0.354 1.4 -0.151867405
v -0.2683158971 1.4 -0.181
v -0.260549576 1.4 -0.181
v -0.354 1.4 -0.1492268558
v -0.354 1.4 -0.1467919268
v -0.2533880199 1.4 -0.181
v -0.2456216988 1.4 -0.181
v -0.354 1.4 -0.1441513776
v -0.354 1.4 -0.1417164485
v -0.2384601427 1.4 -0.181
v -0.2306938215 1.4 -0.181
v -0.354 1.4 -0.1390758993
v -0.354 1.4 -0.1366409702
v -0.2235322654 1.4 -0.181
v -0.2157659443 1.4 -0.181
v -0.354 1.4 -0.1340004211
v -0.354 1.4 -0.131565492
v -0.2086043882 1.4 -0.181
v -0.2008380671 1.4 -0.181
v -0.354 1.4 -0.1289249428
v -0.354 1.4 -0.1264900137
v -0.193676511 1.4 -0.181
v -0.1859101898 1.4 -0.181
v -0.354 1.4 -0.1238494645
v -0.354 1.4 -0.1214145355
v -0.1787486337 1.4 -0.181
v -0.1709823126 1.4 -0.181
v -0.354 1.4 -0.1187739863
v -0.354 1.4 -0.1163390572
v -0.1638207565 1.4 -0.181
v -0.1560544353 1.4 -0.181
v -0.354 1.4 -0.113698508
v -0.354 1.4 -0.1112635789
v -0.1488928792 1.4 -0.181
v -0.1411265581 1.4 -0.181
v -0.354 1.4 -0.1086230298
v -0.354 1.4 -0.1061881007
v -0.133965002 1.4 -0.181
v -0.1261986809 1.4 -0.181
v -0.354 1.4 -0.1035475515
v -0.354 1.4 -0.1011126224
v -0.1190371248 1.4 -0.181
v -0.1112708036 1.4 -0.181
v -0.354 1.4 -0.09847207323
v -0.354 1.4 -0.09603714416
v -0.1041092475 1.4 -0.181
v -0.09634292639 1.4 -0.181
v -0.354 1.4 -0.09339659497
v -0.354 1.4 -0.0909616659
v -0.08918137029 1.4 -0.181
v -0.08141504915 1.4 -0.181
v -0.354 1.4 -0.08832111671
v -0.354 1.4 -0.08588618764
v -0.07425349305 1.4 -0.181
v -0.06648717191 1.4 -0.181
v -0.354 1.4 -0.08324563845
v -0.354 1.4 -0.08081070938
v -0.05932561581 1.4 -0.181
v -0.05155929468 1.4 -0.181
v -0.354 1.4 -0.07817016019
v -0.354 1.4 -0.07573523111
v -0.04439773857 1.4 -0.181
v -0.03663141744 1.4 -0.181
v -0.354 1.4 -0.07309468193
v -0.354 1.4 -0.07065975285
v -0.02946986133 1.4 -0.181
v -0.0217035402 1.4 -0.181
v -0.354 1.4 -0.06801920367
v -0.354 1.4 -0.06558427459
v -0.0145419841 1.4 -0.181
v -0.006775662963 1.4 -0.181
v -0.354 1.4 -0.06294372541
v -0.354 1.4 -0.06050879633
v 0.0003858931418 1.4 -0.181
v 0.008152214275 1.4 -0.181
v -0.354 1.4 -0.05786824715
v -0.354 1.4 -0.05543331807
v 0.01531377038 1.4 -0.181
v 0.02308009151 1.4 -0.181
v -0.354 1.4 -0.05279276889
v -0.354 1.4 -0.05035783981
v 0.03024164762 1.4 -0.181
v 0.03800796875 1.4 -0.181
v -0.354 1.4 -0.04771729062
v -0.354 1.4 -0.04528236155
v 0.04516952486 1.4 -0.181
v 0.05293584599 1.4 -0.181
v -0.354 1.4 -0.04264181236
v -0.354 1.4 -0.04020688329
v 0.06009740209 1.4 -0.181
v 0.06786372323 1.4 -0.181
v -0.354 1.4 -0.0375663341
v -0.354 1.4 -0.03513140503
v 0.07502527933 1.4 -0.181
v 0.08279160046 1.4 -0.181
v -0.354 1.4 -0.03249085584
v -0.354 1.4 -0.03005592677
v 0.08995315657 1.4 -0.181
v 0.0977194777 1.4 -0.181
v -0.354 1.4 -0.02741537758
v -0.354 1.4 -0.02498044851
v 0.1048810338 1.4 -0.181
v 0.1126473549 1.4 -0.181
v -0.354 1.4 -0.02233989932
v -0.354 1.4 -0.01990497024
v 0.119808911 1.4 -0.181
v 0.1275752322 1.4 -0.181
v -0.354 1.4 -0.01726442106
v -0.354 1.4 -0.01482949198
v 0.1347367883 1.4 -0.181
v 0.1425031094 1.4 -0.181
v -0.354 1.4 -0.0121889428
v -0.354 1.4 -0.009754013723
v 0.1496646655 1.4 -0.181
v 0.1574309867 1.4 -0.181
v -0.354 1.4 -0.007113464538
v -0.354 1.4 -0.004678535462
v 0.1645925428 1.4 -0.181
v 0.1723588639 1.4 -0.181
v -0.354 1.4 -0.002037986277
v -0.354 1.4 0.0003969427987
v 0.17952042 1.4 -0.181
v 0.1872867411 1.4 -0.181
v -0.354 1.4 0.003037491984
v -0.354 1.4 0.00547242106
v 0.1944482972 1.4 -0.181
v 0.2022146184 1.4 -0.181
v -0.354 1.4 0.008112970245
v -0.354 1.4 0.01054789932
v 0.2093761745 1.4 -0.181
v 0.2171424956 1.4 -0.181
v -0.354 1.4 0.01318844851
v -0.354 1.4 0.01562337758
v 0.2243040517 1.4 -0.181
v 0.2320703728 1.4 -0.181
v -0.354 1.4 0.01826392677
v -0.354 1.4 0.02069885584
v 0.2392319289 1.4 -0.181
v 0.2469982501 1.4 -0.181
v -0.354 1.4 0.02333940503
v -0.354 1.4 0.0257743341
v 0.2541598062 1.4 -0.181
v 0.2619261273 1.4 -0.181
v -0.354 1.4 0.02841488329
v -0.354 1.4 0.03084981236
v 0.2690876834 1.4 -0.181
v 0.2768540046 1.4 -0.181
v -0.354 1.4 0.03349036155
v -0.354 1.4 0.03592529062
v 0.2840155607 1.4 -0.181
v 0.2917818818 1.4 -0.181
v -0.354 1.4 0.03856583981
v -0.354 1.4 0.04100076889
v 0.298 1.4 -0.1806792311
v 0.298 1.4 -0.1780386819
v -0.354 1.4 0.04364131807
v -0.354 1.4 0.04607624715
v 0.298 1.4 -0.1756037529
v 0.298 1.4 -0.1729632037
v -0.354 1.4 0.04871679633
v -0.354 1.4 0.05115172541
v 0.298 1.4 -0.1705282746
v 0.298 1.4 -0.1678877254
v -0.354 1.4 0.05379227459
v -0.354 1.4 0.05622720367
v 0.298 1.4 -0.1654527963
v 0.298 1.4 -0.1628122471
v -0.354 1.4 0.05886775285
v -0.354 1.4 0.06130268193
v 0.298 1.4 -0.1603773181
v 0.298 1.4 -0.1577367689
v -0.354 1.4 0.06394323111
v -0.354 1.4 0.06637816019
v 0.298 1.4 -0.1553018398
v 0.298 1.4 -0.1526612906
v -0.354 1.4 0.06901870938
v -0.354 1.4 0.07145363845
v 0.298 1.4 -0.1502263615
v 0.298 1.4 -0.1475858124
v -0.354 1.4 0.07409418764
v -0.354 1.4 0.07652911671
v 0.298 1.4 -0.1451508833
v 0.298 1.4 -0.1425103341
v -0.354 1.4 0.0791696659
v -0.354 1.4 0.08160459497
v 0.298 1.4 -0.140075405
v 0.298 1.4 -0.1374348558
v -0.354 1.4 0.08424514416
v -0.354 1.4 0.08668007323
v 0.298 1.4 -0.1349999268
v 0.298 1.4 -0.1323593776
v -0.354 1.4 0.08932062242
v -0.354 1.4 0.09175555149
v 0.298 1.4 -0.1299244485
v 0.298 1.4 -0.1272838993
v -0.354 1.4 0.09439610068
v -0.354 1.4 0.09683102976
v 0.298 1.4 -0.1248489702
v 0.298 1.4 -0.1222084211
v -0.354 1.4 0.09947157894
v -0.354 1.4 0.101906508
v 0.298 1.4 -0.119773492
v 0.298 1.4 -0.1171329428
v -0.354 1.4 0.1045470572
v -0.354 1.4 0.1069819863
v 0.298 1.4 -0.1146980137
v 0.298 1.4 -0.1120574645
v -0.354 1.4 0.1096225355
v -0.354 1.4 0.1120574645
v 0.298 1.4 -0.1096225355
v 0.298 1.4 -0.1069819863
v -0.354 1.4 0.1146980137
v -0.354 1.4 0.1171329428
v 0.298 1.4 -0.1045470572
v 0.298 1.4 -0.101906508
v -0.354 1.4 0.119773492
v -0.354 1.4 0.1222084211
v 0.298 1.4 -0.09947157894
v 0.298 1.4 -0.09683102976
v -0.354 1.4 0.1248489702
v -0.354 1.4 0.1272838993
v 0.298 1.4 -0.09439610068
v 0.298 1.4 -0.09175555149
v -0.354 1.4 0.1299244485
v -0.354 1.4 0.1323593776
v 0.298 1.4 -0.08932062242
v 0.298 1.4 -0.08668007323
v -0.354 1.4 0.1349999268
v -0.354 1.4 0.1374348558
v 0.298 1.4 -0.08424514416
v 0.298 1.4 -0.08160459497
v -0.354 1.4 0.140075405
v -0.354 1.4 0.1425103341
v 0.298 1.4 -0.0791696659
v 0.298 1.4 -0.07652911671
v -0.354 1.4 0.1451508833
v -0.354 1.4 0.1475858124
v 0.298 1.4 -0.07409418764
v 0.298 1.4 -0.07145363845
v -0.354 1.4 0.1502263615
v -0.354 1.4 0.1526612906
v 0.298 1.4 -0.06901870938
v 0.298 1.4 -0.06637816019
v -0.354 1.4 0.1553018398
v -0.354 1.4 0.1577367689
v 0.298 1.4 -0.06394323111
v 0.298 1.4 -0.06130268193
v -0.354 1.4 0.1603773181
v -0.354 1.4 0.1628122471
v 0.298 1.4 -0.05886775285
v 0.298 1.4 -0.05622720367
v -0.354 1.4 0.1654527963
v -0.354 1.4 0.1678877254
v 0.298 1.4 -0.05379227459
v 0.298 1.4 -0.05115172541
v -0.354 1.4 0.1705282746
v -0.354 1.4 0.1729632037
v 0.298 1.4 -0.04871679633
v 0.298 1.4 -0.04607624715
v -0.354 1.4 0.1756037529
v -0.354 1.4 0.1780386819
v 0.298 1.4 -0.04364131807
v 0.298 1.4 -0.04100076889
v -0.354 1.4 0.1806792311
v -0.3477818818 1.4 0.181
v 0.298 1.4 -0.03856583981
v 0.298 1.4 -0.03592529062
v -0.3400155607 1.4 0.181
v -0.3328540046 1.4 0.181
v 0.298 1.4 -0.03349036155
v 0.298 1.4 -0.03084981236
v -0.3250876834 1.4 0.181
v -0.3179261273 1.4 0.181
v 0.298 1.4 -0.02841488329
v 0.298 1.4 -0.0257743341
v -0.3101598062 1.4 0.181
v -0.3029982501 1.4 0.181
v 0.298 1.4 -0.02333940503
v 0.298 1.4 -0.02069885584
v -0.2952319289 1.4 0.181
v -0.2880703728 1.4 0.181
v 0.298 1.4 -0.01826392677
v 0.298 1.4 -0.01562337758
v -0.2803040517 1.4 0.181
v -0.2731424956 1.4 0.181
v 0.298 1.4 -0.01318844851
v 0.298 1.4 -0.01054789932
v -0.2653761745 1.4 0.181
v -0.2582146184 1.4 0.181
v 0.298 1.4 -0.008112970245
v 0.298 1.4 -0.00547242106
v -0.2504482972 1.4 0.181
v -0.2432867411 1.4 0.181
v 0.298 1.4 -0.003037491984
v 0.298 1.4 -0.0003969427987
v -0.23552042 1.4 0.181
v -0.2283588639 1.4 0.181
v 0.298 1.4 0.002037986277
v 0.298 1.4 0.004678535462
v -0.2205925428 1.4 0.181
v -0.2134309867 1.4 0.181
v 0.298 1.4 0.007113464538
v 0.298 1.4 0.009754013723
v -0.2056646655 1.4 0.181
v -0.1985031094 1.4 0.181
v 0.298 1.4 0.0121889428
v 0.298 1.4 0.01482949198
v -0.1907367883 1.4 0.181
v -0.1835752322 1.4 0.181
v 0.298 1.4 0.01726442106
v 0.298 1.4 0.01990497024
v -0.175808911 1.4 0.181
v -0.1686473549 1.4 0.181
v 0.298 1.4 0.02233989932
v 0.298 1.4 0.02498044851
v -0.1608810338 1.4 0.181
v -0.1537194777 1.4 0.181
v 0.298 1.4 0.02741537758
v 0.298 1.4 0.03005592677
v -0.1459531566 1.4 0.181
v -0.1387916005 1.4 0.181
v 0.298 1.4 0.03249085584
v 0.298 1.4 0.03513140503
v -0.1310252793 1.4 0.181
v -0.1238637232 1.4 0.181
v 0.298 1.4 0.0375663341
v 0.298 1.4 0.04020688329
v -0.1160974021 1.4 0.181
v -0.108935846 1.4 0.181
v 0.298 1.4 0.04264181236
v 0.298 1.4 0.04528236155
v -0.1011695249 1.4 0.181
v -0.09400796875 1.4 0.181
v 0.298 1.4 0.04771729062
v 0.298 1.4 0.05035783981
v -0.08624164762 1.4 0.181
v -0.07908009151 1.4 0.181
v 0.298 1.4 0.05279276889
v 0.298 1.4 0.05543331807
v -0.07131377038 1.4 0.181
v -0.06415221428 1.4 0.181
v 0.298 1.4 0.05786824715
v 0.298 1.4 0.06050879633
v -0.05638589314 1.4 0.181
v -0.04922433704 1.4 0.181
v 0.298 1.4 0.06294372541
v 0.298 1.4 0.06558427459
v -0.0414580159 1.4 0.181
v -0.0342964598 1.4 0.181
v 0.298 1.4 0.06801920367
v 0.298 1.4 0.07065975285
v -0.02653013867 1.4 0.181
v -0.01936858256 1.4 0.181
v 0.298 1.4 0.07309468193
v 0.298 1.4 0.07573523111
v -0.01160226143 1.4 0.181
v -0.004440705324 1.4 0.181
v 0.298 1.4 0.07817016019
v 0.298 1.4 0.08081070938
v 0.00332561581 1.4 0.181
v 0.01048717191 1.4 0.181
v 0.298 1.4 0.08324563845
v 0.298 1.4 0.08588618764
v 0.01825349305 1.4 0.181
v 0.02541504915 1.4 0.181
v 0.298 1.4 0.08832111671
v 0.298 1.4 0.0909616659
v 0.03318137029 1.4 0.181
v 0.04034292639 1.4 0.181
v 0.298 1.4 0.09339659497
v 0.298 1.4 0.09603714416
v 0.04810924752 1.4 0.181
v 0.05527080363 1.4 0.181
v 0.298 1.4 0.09847207323
v 0.298 1.4 0.1011126224
v 0.06303712476 1.4 0.181
v 0.07019868087 1.4 0.181
v 0.298 1.4 0.1035475515
v 0.298 1.4 0.1061881007
v 0.077965002 1.4 0.181
v 0.0851265581 1.4 0.181
v 0.298 1.4 0.1086230298
v 0.298 1.4 0.1112635789
v 0.09289287924 1.4 0.181
v 0.1000544353 1.4 0.181
v 0.298 1.4 0.113698508
v 0.298 1.4 0.1163390572
v 0.1078207565 1.4 0.181
v 0.1149823126 1.4 0.181
v 0.298 1.4 0.1187739863
v 0.298 1.4 0.1214145355
v 0.1227486337 1.4 0.181
v 0.1299101898 1.4 0.181
v 0.298 1.4 0.1238494645
v 0.298 1.4 0.1264900137
v 0.137676511 1.4 0.181
v 0.1448380671 1.4 0.181
v 0.298 1.4 0.1289249428
v 0.298 1.4 0.131565492
v 0.1526043882 1.4 0.181
v 0.1597659443 1.4 0.181
v 0.298 1.4 0.1340004211
v 0.298 1.4 0.1366409702
v 0.1675322654 1.4 0.181
v 0.1746938215 1.4 0.181
v 0.298 1.4 0.1390758993
v 0.298 1.4 0.1417164485
v 0.1824601427 1.4 0.181
v 0.1896216988 1.4 0.181
v 0.298 1.4 0.1441513776
v 0.298 1.4 0.1467919268
v 0.1973880199 1.4 0.181
v 0.204549576 1.4 0.181
v 0.298 1.4 0.1492268558
v 0.298 1.4 0.151867405
v 0.2123158971 1.4 0.181
v 0.2194774532 1.4 0.181
v 0.298 1.4 0.1543023341
v 0.298 1.4 0.1569428833
v 0.2272437744 1.4 0.181
v 0.2344053305 1.4 0.181
v 0.298 1.4 0.1593778124
v 0.298 1.4 0.1620183615
v 0.2421716516 1.4 0.181
v 0.2493332077 1.4 0.181
v 0.298 1.4 0.1644532906
v 0.298 1.4 0.1670938398
v 0.2570995289 1.4 0.181
v 0.264261085 1.4 0.181
v 0.298 1.4 0.1695287689
v 0.298 1.4 0.1721693181
v 0.2720274061 1.4 0.181
v 0.2791889622 1.4 0.181
v 0.298 1.4 0.1746042471
v 0.298 1.4 0.1772447963
v 0.2869552833 1.4 0.181
v 0.2941168394 1.4 0.181
v 0.298 1.4 0.1796797254
v 0.298 1.4 0.181
v 0.293 1.8 -0.181
v 0.293 1.8 -0.1796797254
v 0.2891168394 1.8 -0.181
v 0.2819552833 1.8 -0.181
v 0.293 1.8 -0.1772447963
v 0.293 1.8 -0.1746042471
v 0.2741889622 1.8 -0.181
v 0.2670274061 1.8 -0.181
v 0.293 1.8 -0.1721693181
v 0.293 1.8 -0.1695287689
v 0.259261085 1.8 -0.181
v 0.2520995289 1.8 -0.181
v 0.293 1.8 -0.1670938398
v 0.293 1.8 -0.1644532906
v 0.2443332077 1.8 -0.181
v 0.2371716516 1.8 -0.181
v 0.293 1.8 -0.1620183615
v 0.293 1.8 -0.1593778124
v 0.2294053305 1.8 -0.181
v 0.2222437744 1.8 -0.181
v 0.293 1.8 -0.1569428833
v 0.293 1.8 -0.1543023341
v 0.2144774532 1.8 -0.181
v 0.2073158971 1.8 -0.181
v 0.293 1.8 -0.151867405
v 0.293 1.8 -0.1492268558
v 0.199549576 1.8 -0.181
v 0.1923880199 1.8 -0.181
v 0.293 1.8 -0.1467919268
v 0.293 1.8 -0.1441513776
v 0.1846216988 1.8 -0.181
v 0.1774601427 1.8 -0.181
v 0.293 1.8 -0.1417164485
v 0.293 1.8 -0.1390758993
v 0.1696938215 1.8 -0.181
v 0.1625322654 1.8 -0.181
v 0.293 1.8 -0.1366409702
v 0.293 1.8 -0.1340004211
v 0.1547659443 1.8 -0.181
v 0.1476043882 1.8 -0.181
v 0.293 1.8 -0.131565492
v 0.293 1.8 -0.1289249428
v 0.1398380671 1.8 -0.181
v 0.132676511 1.8 -0.181
v 0.293 1.8 -0.1264900137
v 0.293 1.8 -0.1238494645
v 0.1249101898 1.8 -0.181
v 0.1177486337 1.8 -0.181
v 0.293 1.8 -0.1214145355
v 0.293 1.8 -0.1187739863
v 0.1099823126 1.8 -0.181
v 0.1028207565 1.8 -0.181
v 0.293 1.8 -0.1163390572
v 0.293 1.8 -0.113698508
v 0.09505443534 1.8 -0.181
v 0.08789287924 1.8 -0.181
v 0.293 1.8 -0.1112635789
v 0.293 1.8 -0.1086230298
v 0.0801265581 1.8 -0.181
v 0.072965002 1.8 -0.181
v 0.293 1.8 -0.1061881007
v 0.293 1.8 -0.1035475515
v 0.06519868087 1.8 -0.181
v 0.05803712476 1.8 -0.181
v 0.293 1.8 -0.1011126224
v 0.293 1.8 -0.09847207323
v 0.05027080363 1.8 -0.181
v 0.04310924752 1.8 -0.181
v 0.293 1.8 -0.09603714416
v 0.293 1.8 -0.09339659497
v 0.03534292639 1.8 -0.181
v 0.02818137029 1.8 -0.181
v 0.293 1.8 -0.0909616659
v 0.293 1.8 -0.08832111671
v 0.02041504915 1.8 -0.181
v 0.01325349305 1.8 -0.181
v 0.293 1.8 -0.08588618764
v 0.293 1.8 -0.08324563845
v 0.005487171914 1.8 -0.181
v -0.00167438419 1.8 -0.181
v 0.293 1.8 -0.08081070938
v 0.293 1.8 -0.07817016019
v -0.009440705324 1.8 -0.181
v -0.01660226143 1.8 -0.181
v 0.293 1.8 -0.07573523111
v 0.293 1.8 -0.07309468193
v -0.02436858256 1.8 -0.181
v -0.03153013867 1.8 -0.181
v 0.293 1.8 -0.07065975285
v 0.293 1.8 -0.06801920367
v -0.0392964598 1.8 -0.181
v -0.0464580159 1.8 -0.181
v 0.293 1.8 -0.06558427459
v 0.293 1.8 -0.06294372541
v -0.05422433704 1.8 -0.181
v -0.06138589314 1.8 -0.181
v 0.293 1.8 -0.06050879633
v 0.293 1.8 -0.05786824715
v -0.06915221428 1.8 -0.181
v -0.07631377038 1.8 -0.181
v 0.293 1.8 -0.05543331807
v 0.293 1.8 -0.05279276889
v -0.08408009151 1.8 -0.181
v -0.09124164762 1.8 -0.181
v 0.293 1.8 -0.05035783981
v 0.293 1.8 -0.04771729062
v -0.09900796875 1.8 -0.181
v -0.1061695249 1.8 -0.181
v 0.293 1.8 -0.04528236155
v 0.293 1.8 -0.04264181236
v -0.113935846 1.8 -0.181
v -0.1210974021 1.8 -0.181
v 0.293 1.8 -0.04020688329
v 0.293 1.8 -0.0375663341
v -0.1288637232 1.8 -0.181
v -0.1360252793 1.8 -0.181
v 0.293 1.8 -0.03513140503
v 0.293 1.8 -0.03249085584
v -0.1437916005 1.8 -0.181
v -0.1509531566 1.8 -0.181
v 0.293 1.8 -0.03005592677
v 0.293 1.8 -0.02741537758
v -0.1587194777 1.8 -0.181
v -0.1658810338 1.8 -0.181
v 0.293 1.8 -0.02498044851
v 0.293 1.8 -0.02233989932
v -0.1736473549 1.8 -0.181
v -0.180808911 1.8 -0.181
v 0.293 1.8 -0.01990497024
v 0.293 1.8 -0.01726442106
v -0.1885752322 1.8 -0.181
v -0.1957367883 1.8 -0.181
v 0.293 1.8 -0.01482949198
v 0.293 1.8 -0.0121889428
v -0.2035031094 1.8 -0.181
v -0.2106646655 1.8 -0.181
v 0.293 1.8 -0.009754013723
v 0.293 1.8 -0.007113464538
v -0.2184309867 1.8 -0.181
v -0.2255925428 1.8 -0.181
v 0.293 1.8 -0.004678535462
v 0.293 1.8 -0.002037986277
v -0.2333588639 1.8 -0.181
v -0.24052042 1.8 -0.181
v 0.293 1.8 0.0003969427987
v 0.293 1.8 0.003037491984
v -0.2482867411 1.8 -0.181
v -0.2554482972 1.8 -0.181
v 0.293 1.8 0.00547242106
v 0.293 1.8 0.008112970245
v -0.2632146184 1.8 -0.181
v -0.2703761745 1.8 -0.181
v 0.293 1.8 0.01054789932
v 0.293 1.8 0.01318844851
v -0.2781424956 1.8 -0.181
v -0.2853040517 1.8 -0.181
v 0.293 1.8 0.01562337758
v 0.293 1.8 0.01826392677
v -0.2930703728 1.8 -0.181
v -0.3002319289 1.8 -0.181
v 0.293 1.8 0.02069885584
v 0.293 1.8 0.02333940503
v -0.3079982501 1.8 -0.181
v -0.3151598062 1.8 -0.181
v 0.293 1.8 0.0257743341
v 0.293 1.8 0.02841488329
v -0.3229261273 1.8 -0.181
v -0.3300876834 1.8 -0.181
v 0.293 1.8 0.03084981236
v 0.293 1.8 0.03349036155
v -0.3378540046 1.8 -0.181
v -0.3450155607 1.8 -0.181
v 0.293 1.8 0.03592529062
v 0.293 1.8 0.03856583981
v -0.3527818818 1.8 -0.181
v -0.359 1.8 -0.1806792311
v 0.293 1.8 0.04100076889
v 0.293 1.8 0.04364131807
v -0.359 1.8 -0.1780386819
v -0.359 1.8 -0.1756037529
v 0.293 1.8 0.04607624715
v 0.293 1.8 0.04871679633
v -0.359 1.8 -0.1729632037
v -0.359 1.8 -0.1705282746
v 0.293 1.8 0.05115172541
v 0.293 1.8 0.05379227459
v -0.359 1.8 -0.1678877254
v -0.359 1.8 -0.1654527963
v 0.293 1.8 0.05622720367
v 0.293 1.8 0.05886775285
v -0.359 1.8 -0.1628122471
v -0.359 1.8 -0.1603773181
v 0.293 1.8 0.06130268193
v 0.293 1.8 0.06394323111
v -0.359 1.8 -0.1577367689
v -0.359 1.8 -0.1553018398
v 0.293 1.8 0.06637816019
v 0.293 1.8 0.06901870938
v -0.359 1.8 -0.1526612906
v -0.359 1.8 -0.1502263615
v 0.293 1.8 0.07145363845
v 0.293 1.8 0.07409418764
v -0.359 1.8 -0.1475858124
v -0.359 1.8 -0.1451508833
v 0.293 1.8 0.07652911671
v 0.293 1.8 0.0791696659
v -0.359 1.8 -0.1425103341
v -0.359 1.8 -0.140075405
v 0.293 1.8 0.08160459497
v 0.293 1.8 0.08424514416
v -0.359 1.8 -0.1374348558
v -0.359 1.8 -0.1349999268
v 0.293 1.8 0.08668007323
v 0.293 1.8 0.08932062242
v -0.359 1.8 -0.1323593776
v -0.359 1.8 -0.1299244485
v 0.293 1.8 0.09175555149
v 0.293 1.8 0.09439610068
v -0.359 1.8 -0.1272838993
v -0.359 1.8 -0.1248489702
v 0.293 1.8 0.09683102976
v 0.293 1.8 0.09947157894
v -0.359 1.8 -0.1222084211
v -0.359 1.8 -0.119773492
v 0.293 1.8 0.101906508
v 0.293 1.8 0.1045470572
v -0.359 1.8 -0.1171329428
v -0.359 1.8 -0.1146980137
v 0.293 1.8 0.1069819863
v 0.293 1.8 0.1096225355
v -0.359 1.8 -0.1120574645
v -0.359 1.8 -0.1096225355
v 0.293 1.8 0.1120574645
v 0.293 1.8 0.1146980137
v -0.359 1.8 -0.1069819863
v -0.359 1.8 -0.1045470572
v 0.293 1.8 0.1171329428
v 0.293 1.8 0.119773492
v -0.359 1.8 -0.101906508
v -0.359 1.8 -0.09947157894
v 0.293 1.8 0.1222084211
v 0.293 1.8 0.1248489702
v -0.359 1.8 -0.09683102976
v -0.359 1.8 -0.09439610068
v 0.293 1.8 0.1272838993
v 0.293 1.8 0.1299244485
v -0.359 1.8 -0.09175555149
v -0.359 1.8 -0.08932062242
v 0.293 1.8 0.1323593776
v 0.293 1.8 0.1349999268
v -0.359 1.8 -0.08668007323
v -0.359 1.8 -0.08424514416
v 0.293 1.8 0.1374348558
v 0.293 1.8 0.140075405
v -0.359 1.8 -0.08160459497
v -0.359 1.8 -0.0791696659
v 0.293 1.8 0.1425103341
v 0.293 1.8 0.1451508833
v -0.359 1.8 -0.07652911671
v -0.359 1.8 -0.07409418764
v 0.293 1.8 0.1475858124
v 0.293 1.8 0.1502263615
v -0.359 1.8 -0.07145363845
v -0.359 1.8 -0.06901870938
v 0.293 1.8 0.1526612906
v 0.293 1.8 0.1553018398
v -0.359 1.8 -0.06637816019
v -0.359 1.8 -0.06394323111
v 0.293 1.8 0.1577367689
v 0.293 1.8 0.1603773181
v -0.359 1.8 -0.06130268193
v -0.359 1.8 -0.05886775285
v 0.293 1.8 0.1628122471
v 0.293 1.8 0.1654527963
v -0.359 1.8 -0.05622720367
v -0.359 1.8 -0.05379227459
v 0.293 1.8 0.1678877254
v 0.293 1.8 0.1705282746
v -0.359 1.8 -0.05115172541
v -0.359 1.8 -0.04871679633
v 0.293 1.8 0.1729632037
v 0.293 1.8 0.1756037529
v -0.359 1.8 -0.04607624715
v -0.359 1.8 -0.04364131807
v 0.293 1.8 0.1780386819
v 0.293 1.8 0.1806792311
v -0.359 1.8 -0.04100076889
v -0.359 1.8 -0.03856583981
v 0.2867818818 1.8 0.181
v 0.2790155607 1.8 0.181
v -0.359 1.8 -0.03592529062
v -0.359 1.8 -0.03349036155
v 0.2718540046 1.8 0.181
v 0.2640876834 1.8 0.181
v -0.359 1.8 -0.03084981236
v -0.359 1.8 -0.02841488329
v 0.2569261273 1.8 0.181
v 0.2491598062 1.8 0.181
v -0.359 1.8 -0.0257743341
v -0.359 1.8 -0.02333940503
v 0.2419982501 1.8 0.181
v 0.2342319289 1.8 0.181
v -0.359 1.8 -0.02069885584
v -0.359 1.8 -0.01826392677
v 0.2270703728 1.8 0.181
v 0.2193040517 1.8 0.181
v -0.359 1.8 -0.01562337758
v -0.359 1.8 -0.01318844851
v 0.2121424956 1.8 0.181
v 0.2043761745 1.8 0.181
v -0.359 1.8 -0.01054789932
v -0.359 1.8 -0.008112970245
v 0.1972146184 1.8 0.181
v 0.1894482972 1.8 0.181
v -0.359 1.8 -0.00547242106
v -0.359 1.8 -0.003037491984
v 0.1822867411 1.8 0.181
v 0.17452042 1.8 0.181
v -0.359 1.8 -0.0003969427987
v -0.359 1.8 0.002037986277
v 0.1673588639 1.8 0.181
v 0.1595925428 1.8 0.181
v -0.359 1.8 0.004678535462
v -0.359 1.8 0.007113464538
v 0.1524309867 1.8 0.181
v 0.1446646655 1.8 0.181
v -0.359 1.8 0.009754013723
v -0.359 1.8 0.0121889428
v 0.1375031094 1.8 0.181
v 0.1297367883 1.8 0.181
v -0.359 1.8 0.01482949198
v -0.359 1.8 0.01726442106
v 0.1225752322 1.8 0.181
v 0.114808911 1.8 0.181
v -0.359 1.8 0.01990497024
v -0.359 1.8 0.02233989932
v 0.1076473549 1.8 0.181
v 0.09988103381 1.8 0.181
v -0.359 1.8 0.02498044851
v -0.359 1.8 0.02741537758
v 0.0927194777 1.8 0.181
v 0.08495315657 1.8 0.181
v -0.359 1.8 0.03005592677
v -0.359 1.8 0.03249085584
v 0.07779160046 1.8 0.181
v 0.07002527933 1.8 0.181
v -0.359 1.8 0.03513140503
v -0.359 1.8 0.0375663341
v 0.06286372323 1.8 0.181
v 0.05509740209 1.8 0.181
v -0.359 1.8 0.04020688329
v -0.359 1.8 0.04264181236
v 0.04793584599 1.8 0.181
v 0.04016952486 1.8 0.181
v -0.359 1.8 0.04528236155
v -0.359 1.8 0.04771729062
v 0.03300796875 1.8 0.181
v 0.02524164762 1.8 0.181
v -0.359 1.8 0.05035783981
v -0.359 1.8 0.05279276889
v 0.01808009151 1.8 0.181
v 0.01031377038 1.8 0.181
v -0.359 1.8 0.05543331807
v -0.359 1.8 0.05786824715
v 0.003152214275 1.8 0.181
v -0.004614106858 1.8 0.181
v -0.359 1.8 0.06050879633
v -0.359 1.8 0.06294372541
v -0.01177566296 1.8 0.181
v -0.0195419841 1.8 0.181
v -0.359 1.8 0.06558427459
v -0.359 1.8 0.06801920367
v -0.0267035402 1.8 0.181
v -0.03446986133 1.8 0.181
v -0.359 1.8 0.07065975285
v -0.359 1.8 0.07309468193
v -0.04163141744 1.8 0.181
v -0.04939773857 1.8 0.181
v -0.359 1.8 0.07573523111
v -0.359 1.8 0.07817016019
v -0.05655929468 1.8 0.181
v -0.06432561581 1.8 0.181
v -0.359 1.8 0.08081070938
v -0.359 1.8 0.08324563845
v -0.07148717191 1.8 0.181
v -0.07925349305 1.8 0.181
v -0.359 1.8 0.08588618764
v -0.359 1.8 0.08832111671
v -0.08641504915 1.8 0.181
v -0.09418137029 1.8 0.181
v -0.359 1.8 0.0909616659
v -0.359 1.8 0.09339659497
v -0.1013429264 1.8 0.181
v -0.1091092475 1.8 0.181
v -0.359 1.8 0.09603714416
v -0.359 1.8 0.09847207323
v -0.1162708036 1.8 0.181
v -0.1240371248 1.8 0.181
v -0.359 1.8 0.1011126224
v -0.359 1.8 0.1035475515
v -0.1311986809 1.8 0.181
v -0.138965002 1.8 0.181
v -0.359 1.8 0.1061881007
v -0.359 1.8 0.1086230298
v -0.1461265581 1.8 0.181
v -0.1538928792 1.8 0.181
v -0.359 1.8 0.1112635789
v -0.359 1.8 0.113698508
v -0.1610544353 1.8 0.181
v -0.1688207565 1.8 0.181
v -0.359 1.8 0.1163390572
v -0.359 1.8 0.1187739863
v -0.1759823126 1.8 0.181
v -0.1837486337 1.8 0.181
v -0.359 1.8 0.1214145355
v -0.359 1.8 0.1238494645
v -0.1909101898 1.8 0.181
v -0.198676511 1.8 0.181
v -0.359 1.8 0.1264900137
v -0.359 1.8 0.1289249428
v -0.2058380671 1.8 0.181
v -0.2136043882 1.8 0.181
v -0.359 1.8 0.131565492
v -0.359 1.8 0.1340004211
v -0.2207659443 1.8 0.181
v -0.2285322654 1.8 0.181
v -0.359 1.8 0.1366409702
v -0.359 1.8 0.1390758993
v -0.2356938215 1.8 0.181
v -0.2434601427 1.8 0.181
v -0.359 1.8 0.1417164485
v -0.359 1.8 0.1441513776
v -0.2506216988 1.8 0.181
v -0.2583880199 1.8 0.181
v -0.359 1.8 0.1467919268
v -0.359 1.8 0.1492268558
v -0.265549576 1.8 0.181
v -0.2733158971 1.8 0.181
v -0.359 1.8 0.151867405
v -0.359 1.8 0.1543023341
v -0.2804774532 1.8 0.181
v -0.2882437744 1.8 0.181
v -0.359 1.8 0.1569428833
v -0.359 1.8 0.1593778124
v -0.2954053305 1.8 0.181
v -0.3031716516 1.8 0.181
v -0.359 1.8 0.1620183615
v -0.359 1.8 0.1644532906
v -0.3103332077 1.8 0.181
v -0.3180995289 1.8 0.181
v -0.359 1.8 0.1670938398
v -0.359 1.8 0.1695287689
v -0.325261085 1.8 0.181
v -0.3330274061 1.8 0.181
v -0.359 1.8 0.1721693181
v -0.359 1.8 0.1746042471
v -0.3401889622 1.8 0.181
v -0.3479552833 1.8 0.181
v -0.359 1.8 0.1772447963
v -0.359 1.8 0.181
v -0.359 1.8 0.1796797254
v -0.3551168394 1.8 0.181
v -0.359 1.8 -0.181
v -0.3551168394 1.8 -0.181
v -0.359 1.8 -0.1796797254
v -0.359 1.8 -0.1772447963
v -0.3479552833 1.8 -0.181
v -0.3401889622 1.8 -0.181
v -0.359 1.8 -0.1746042471
v -0.359 1.8 -0.1721693181
v -0.3330274061 1.8 -0.181
v -0.325261085 1.8 -0.181
v -0.359 1.8 -0.1695287689
v -0.359 1.8 -0.1670938398
v -0.3180995289 1.8 -0.181
v -0.3103332077 1.8 -0.181
v -0.359 1.8 -0.1644532906
v -0.359 1.8 -0.1620183615
v -0.3031716516 1.8 -0.181
v -0.2954053305 1.8 -0.181
v -0.359 1.8 -0.1593778124
v -0.359 1.8 -0.1569428833
v -0.2882437744 1.8 -0.181
v -0.2804774532 1.8 -0.181
v -0.359 1.8 -0.1543023341
v -0.359 1.8 -0.151867405
v -0.2733158971 1.8 -0.181
v -0.265549576 1.8 -0.181
v -0.359 1.8 -0.1492268558
v -0.359 1.8 -0.1467919268
v -0.2583880199 1.8 -0.181
v -0.2506216988 1.8 -0.181
v -0.359 1.8 -0.1441513776
v -0.359 1.8 -0.1417164485
v -0.2434601427 1.8 -0.181
v -0.2356938215 1.8 -0.181
v -0.359 1.8 -0.1390758993
v -0.359 1.8 -0.1366409702
v -0.2285322654 1.8 -0.181
v -0.2207659443 1.8 -0.181
v -0.359 1.8 -0.1340004211
v -0.359 1.8 -0.131565492
v -0.2136043882 1.8 -0.181
v -0.2058380671 1.8 -0.181
v -0.359 1.8 -0.1289249428
v -0.359 1.8 -0.1264900137
v -0.198676511 1.8 -0.181
v -0.1909101898 1.8 -0.181
v -0.359 1.8 -0.1238494645
v -0.359 1.8 -0.1214145355
v -0.1837486337 1.8 -0.181
v -0.1759823126 1.8 -0.181
v -0.359 1.8 -0.1187739863
v -0.359 1.8 -0.1163390572
v -0.1688207565 1.8 -0.181
v -0.1610544353 1.8 -0.181
v -0.359 1.8 -0.113698508
v -0.359 1.8 -0.1112635789
v -0.1538928792 1.8 -0.181
v -0.1461265581 1.8 -0.181
v -0.359 1.8 -0.1086230298
v -0.359 1.8 -0.1061881007
v -0.138965002 1.8 -0.181
v -0.1311986809 1.8 -0.181
v -0.359 1.8 -0.1035475515
v -0.359 1.8 -0.1011126224
v -0.1240371248 1.8 -0.181
v -0.1162708036 1.8 -0.181
v -0.359 1.8 -0.09847207323
v -0.359 1.8 -0.09603714416
v -0.1091092475 1.8 -0.181
v -0.1013429264 1.8 -0.181
v -0.359 1.8 -0.09339659497
v -0.359 1.8 -0.0909616659
v -0.09418137029 1.8 -0.181
v -0.08641504915 1.8 -0.181
v -0.359 1.8 -0.08832111671
v -0.359 1.8 -0.08588618764
v -0.07925349305 1.8 -0.181
v -0.07148717191 1.8 -0.181
v -0.359 1.8 -0.08324563845
v -0.359 1.8 -0.08081070938
v -0.06432561581 1.8 -0.181
v -0.05655929468 1.8 -0.181
v -0.359 1.8 -0.07817016019
v -0.359 1.8 -0.07573523111
v -0.04939773857 1.8 -0.181
v -0.04163141744 1.8 -0.181
v -0.359 1.8 -0.07309468193
v -0.359 1.8 -0.07065975285
v -0.03446986133 1.8 -0.181
v -0.0267035402 1.8 -0.181
v -0.359 1.8 -0.06801920367
v -0.359 1.8 -0.06558427459
v -0.0195419841 1.8 -0.181
v -0.01177566296 1.8 -0.181
v -0.359 1.8 -0.06294372541
v -0.359 1.8 -0.06050879633
v -0.004614106858 1.8 -0.181
v 0.003152214275 1.8 -0.181
v -0.359 1.8 -0.05786824715
v -0.359 1.8 -0.05543331807
v 0.01031377038 1.8 -0.181
v 0.01808009151 1.8 -0.181
v -0.359 1.8 -0.05279276889
v -0.359 1.8 -0.05035783981
v 0.02524164762 1.8 -0.181
v 0.03300796875 1.8 -0.181
v -0.359 1.8 -0.04771729062
v -0.359 1.8 -0.04528236155
v 0.04016952486 1.8 -0.181
v 0.04793584599 1.8 -0.181
v -0.359 1.8 -0.04264181236
v -0.359 1.8 -0.04020688329
v 0.05509740209 1.8 -0.181
v 0.06286372323 1.8 -0.181
v -0.359 1.8 -0.0375663341
v -0.359 1.8 -0.03513140503
v 0.07002527933 1.8 -0.181
v 0.07779160046 1.8 -0.181
v -0.359 1.8 -0.03249085584
v -0.359 1.8 -0.03005592677
v 0.08495315657 1.8 -0.181
v 0.0927194777 1.8 -0.181
v -0.359 1.8 -0.02741537758
v -0.359 1.8 -0.02498044851
v 0.09988103381 1.8 -0.181
v 0.1076473549 1.8 -0.181
v -0.359 1.8 -0.02233989932
v -0.359 1.8 -0.01990497024
v 0.114808911 1.8 -0.181
v 0.1225752322 1.8 -0.181
v -0.359 1.8 -0.01726442106
v -0.359 1.8 -0.01482949198
v 0.1297367883 1.8 -0.181
v 0.1375031094 1.8 -0.181
v -0.359 1.8 -0.0121889428
v -0.359 1.8 -0.009754013723
v 0.1446646655 1.8 -0.181
v 0.1524309867 1.8 -0.181
v -0.359 1.8 -0.007113464538
v -0.359 1.8 -0.004678535462
v 0.1595925428 1.8 -0.181
v 0.1673588639 1.8 -0.181
v -0.359 1.8 -0.002037986277
v -0.359 1.8 0.0003969427987
v 0.17452042 1.8 -0.181
v 0.1822867411 1.8 -0.181
v -0.359 1.8 0.003037491984
v -0.359 1.8 0.00547242106
v 0.1894482972 1.8 -0.181
v 0.1972146184 1.8 -0.181
v -0.359 1.8 0.008112970245
v -0.359 1.8 0.01054789932
v 0.2043761745 1.8 -0.181
v 0.2121424956 1.8 -0.181
v -0.359 1.8 0.01318844851
v -0.359 1.8 0.01562337758
v 0.2193040517 1.8 -0.181
v 0.2270703728 1.8 -0.181
v -0.359 1.8 0.01826392677
v -0.359 1.8 0.02069885584
v 0.2342319289 1.8 -0.181
v 0.2419982501 1.8 -0.181
v -0.359 1.8 0.02333940503
v -0.359 1.8 0.0257743341
v 0.2491598062 1.8 -0.181
v 0.2569261273 1.8 -0.181
v -0.359 1.8 0.02841488329
v -0.359 1.8 0.03084981236
v 0.2640876834 1.8 -0.181
v 0.2718540046 1.8 -0.181
v -0.359 1.8 0.03349036155
v -0.359 1.8 0.03592529062
v 0.2790155607 1.8 -0.181
v 0.2867818818 1.8 -0.181
v -0.359 1.8 0.03856583981
v -0.359 1.8 0.04100076889
v 0.293 1.8 -0.1806792311
v 0.293 1.8 -0.1780386819
v -0.359 1.8 0.04364131807
v -0.359 1.8 0.04607624715
v 0.293 1.8 -0.1756037529
v 0.293 1.8 -0.1729632037
v -0.359 1.8 0.04871679633
v -0.359 1.8 0.05115172541
v 0.293 1.8 -0.1705282746
v 0.293 1.8 -0.1678877254
v -0.359 1.8 0.05379227459
v -0.359 1.8 0.05622720367
v 0.293 1.8 -0.1654527963
v 0.293 1.8 -0.1628122471
v -0.359 1.8 0.05886775285
v -0.359 1.8 0.06130268193
v 0.293 1.8 -0.1603773181
v 0.293 1.8 -0.1577367689
v -0.359 1.8 0.06394323111
v -0.359 1.8 0.06637816019
v 0.293 1.8 -0.1553018398
v 0.293 1.8 -0.1526612906
v -0.359 1.8 0.06901870938
v -0.359 1.8 0.07145363845
v 0.293 1.8 -0.1502263615
v 0.293 1.8 -0.1475858124
v -0.359 1.8 0.07409418764
v -0.359 1.8 0.07652911671
v 0.293 1.8 -0.1451508833
v 0.293 1.8 -0.1425103341
v -0.359 1.8 0.0791696659
v -0.359 1.8 0.08160459497
v 0.293 1.8 -0.140075405
v 0.293 1.8 -0.1374348558
v -0.359 1.8 0.08424514416
v -0.359 1.8 0.08668007323
v 0.293 1.8 -0.1349999268
v 0.293 1.8 -0.1323593776
v -0.359 1.8 0.08932062242
v -0.359 1.8 0.09175555149
v 0.293 1.8 -0.1299244485
v 0.293 1.8 -0.1272838993
v -0.359 1.8 0.09439610068
v -0.359 1.8 0.09683102976
v 0.293 1.8 -0.1248489702
v 0.293 1.8 -0.1222084211
v -0.359 1.8 0.09947157894
v -0.359 1.8 0.101906508
v 0.293 1.8 -0.119773492
v 0.293 1.8 -0.1171329428
v -0.359 1.8 0.1045470572
v -0.359 1.8 0.1069819863
v 0.293 1.8 -0.1146980137
v 0.293 1.8 -0.1120574645
v -0.359 1.8 0.1096225355
v -0.359 1.8 0.1120574645
v 0.293 1.8 -0.1096225355
v 0.293 1.8 -0.1069819863
v -0.359 1.8 0.1146980137
v -0.359 1.8 0.1171329428
v 0.293 1.8 -0.1045470572
v 0.293 1.8 -0.101906508
v -0.359 1.8 0.119773492
v -0.359 1.8 0.1222084211
v 0.293 1.8 -0.09947157894
v 0.293 1.8 -0.09683102976
v -0.359 1.8 0.1248489702
v -0.359 1.8 0.1272838993
v 0.293 1.8 -0.09439610068
v 0.293 1.8 -0.09175555149
v -0.359 1.8 0.1299244485
v -0.359 1.8 0.1323593776
v 0.293 1.8 -0.08932062242
v 0.293 1.8 -0.08668007323
v -0.359 1.8 0.1349999268
v -0.359 1.8 0.1374348558
v 0.293 1.8 -0.08424514416
v 0.293 1.8 -0.08160459497
v -0.359 1.8 0.140075405
v -0.359 1.8 0.1425103341
v 0.293 1.8 -0.0791696659
v 0.293 1.8 -0.07652911671
v -0.359 1.8 0.1451508833
v -0.359 1.8 0.1475858124
v 0.293 1.8 -0.07409418764
v 0.293 1.8 -0.07145363845
v -0.359 1.8 0.1502263615
v -0.359 1.8 0.1526612906
v 0.293 1.8 -0.06901870938
v 0.293 1.8 -0.06637816019
v -0.359 1.8 0.1553018398
v -0.359 1.8 0.1577367689
v 0.293 1.8 -0.06394323111
v 0.293 1.8 -0.06130268193
v -0.359 1.8 0.1603773181
v -0.359 1.8 0.1628122471
v 0.293 1.8 -0.05886775285
v 0.293 1.8 -0.05622720367
v -0.359 1.8 0.1654527963
v -0.359 1.8 0.1678877254
v 0.293 1.8 -0.05379227459
v 0.293 1.8 -0.05115172541
v -0.359 1.8 0.1705282746
v -0.359 1.8 0.1729632037
v 0.293 1.8 -0.04871679633
v 0.293 1.8 -0.04607624715
v -0.359 1.8 0.1756037529
v -0.359 1.8 0.1780386819
v 0.293 1.8 -0.04364131807
v 0.293 1.8 -0.04100076889
v -0.359 1.8 0.1806792311
v -0.3527818818 1.8 0.181
v 0.293 1.8 -0.03856583981
v 0.293 1.8 -0.03592529062
v -0.3450155607 1.8 0.181
v -0.3378540046 1.8 0.181
v 0.293 1.8 -0.03349036155
v 0.293 1.8 -0.03084981236
v -0.3300876834 1.8 0.181
v -0.3229261273 1.8 0.181
v 0.293 1.8 -0.02841488329
v 0.293 1.8 -0.0257743341
v -0.3151598062 1.8 0.181
v -0.3079982501 1.8 0.181
v 0.293 1.8 -0.02333940503
v 0.293 1.8 -0.02069885584
v -0.3002319289 1.8 0.181
v -0.2930703728 1.8 0.181
v 0.293 1.8 -0.01826392677
v 0.293 1.8 -0.01562337758
v -0.2853040517 1.8 0.181
v -0.2781424956 1.8 0.181
v 0.293 1.8 -0.01318844851
v 0.293 1.8 -0.01054789932
v -0.2703761745 1.8 0.181
v -0.2632146184 1.8 0.181
v 0.293 1.8 -0.008112970245
v 0.293 1.8 -0.00547242106
v -0.2554482972 1.8 0.181
v -0.2482867411 1.8 0.181
v 0.293 1.8 -0.003037491984
v 0.293 1.8 -0.0003969427987
v -0.24052042 1.8 0.181
v -0.2333588639 1.8 0.181
v 0.293 1.8 0.002037986277
v 0.293 1.8 0.004678535462
v -0.2255925428 1.8 0.181
v -0.2184309867 1.8 0.181
v 0.293 1.8 0.007113464538
v 0.293 1.8 0.009754013723
v -0.2106646655 1.8 0.181
v -0.2035031094 1.8 0.181
v 0.293 1.8 0.0121889428
v 0.293 1.8 0.01482949198
v -0.1957367883 1.8 0.181
v -0.1885752322 1.8 0.181
v 0.293 1.8 0.01726442106
v 0.293 1.8 0.01990497024
v -0.180808911 1.8 0.181
v -0.1736473549 1.8 0.181
v 0.293 1.8 0.02233989932
v 0.293 1.8 0.02498044851
v -0.1658810338 1.8 0.181
v -0.1587194777 1.8 0.181
v 0.293 1.8 0.02741537758
v 0.293 1.8 0.03005592677
v -0.1509531566 1.8 0.181
v -0.1437916005 1.8 0.181
v 0.293 1.8 0.03249085584
v 0.293 1.8 0.03513140503
v -0.1360252793 1.8 0.181
v -0.1288637232 1.8 0.181
v 0.293 1.8 0.0375663341
v 0.293 1.8 0.04020688329
v -0.1210974021 1.8 0.181
v -0.113935846 1.8 0.181
v 0.293 1.8 0.04264181236
v 0.293 1.8 0.04528236155
v -0.1061695249 1.8 0.181
v -0.09900796875 1.8 0.181
v 0.293 1.8 0.04771729062
v 0.293 1.8 0.05035783981
v -0.09124164762 1.8 0.181
v -0.08408009151 1.8 0.181
v 0.293 1.8 0.05279276889
v 0.293 1.8 0.05543331807
v -0.07631377038 1.8 0.181
v -0.06915221428 1.8 0.181
v 0.293 1.8 0.05786824715
v 0.293 1.8 0.06050879633
v -0.06138589314 1.8 0.181
v -0.05422433704 1.8 0.181
v 0.293 1.8 0.06294372541
v 0.293 1.8 0.06558427459
v -0.0464580159 1.8 0.181
v -0.0392964598 1.8 0.181
v 0.293 1.8 0.06801920367
v 0.293 1.8 0.07065975285
v -0.03153013867 1.8 0.181
v -0.02436858256 1.8 0.181
v 0.293 1.8 0.07309468193
v 0.293 1.8 0.07573523111
v -0.01660226143 1.8 0.181
v -0.009440705324 1.8 0.181
v 0.293 1.8 0.07817016019
v 0.293 1.8 0.08081070938
v -0.00167438419 1.8 0.181
v 0.005487171914 1.8 0.181
v 0.293 1.8 0.08324563845
v 0.293 1.8 0.08588618764
v 0.01325349305 1.8 0.181
v 0.02041504915 1.8 0.181
v 0.293 1.8 0.08832111671
v 0.293 1.8 0.0909616659
v 0.02818137029 1.8 0.181
v 0.03534292639 1.8 0.181
v 0.293 1.8 0.09339659497
v 0.293 1.8 0.09603714416
v 0.04310924752 1.8 0.181
v 0.05027080363 1.8 0.181
v 0.293 1.8 0.09847207323
v 0.293 1.8 0.1011126224
v 0.05803712476 1.8 0.181
v 0.06519868087 1.8 0.181
v 0.293 1.8 0.1035475515
v 0.293 1.8 0.1061881007
v 0.072965002 1.8 0.181
v 0.0801265581 1.8 0.181
v 0.293 1.8 0.1086230298
v 0.293 1.8 0.1112635789
v 0.08789287924 1.8 0.181
v 0.09505443534 1.8 0.181
v 0.293 1.8 0.113698508
v 0.293 1.8 0.1163390572
v 0.1028207565 1.8 0.181
v 0.1099823126 1.8 0.181
v 0.293 1.8 0.1187739863
v 0.293 1.8 0.1214145355
v 0.1177486337 1.8 0.181
v 0.1249101898 1.8 0.181
v 0.293 1.8 0.1238494645
v 0.293 1.8 0.1264900137
v 0.132676511 1.8 0.181
v 0.1398380671 1.8 0.181
v 0.293 1.8 0.1289249428
v 0.293 1.8 0.131565492
v 0.1476043882 1.8 0.181
v 0.1547659443 1.8 0.181
v 0.293 1.8 0.1340004211
v 0.293 1.8 0.1366409702
v 0.1625322654 1.8 0.181
v 0.1696938215 1.8 0.181
v 0.293 1.8 0.1390758993
v 0.293 1.8 0.1417164485
v 0.1774601427 1.8 0.181
v 0.1846216988 1.8 0.181
v 0.293 1.8 0.1441513776
v 0.293 1.8 0.1467919268
v 0.1923880199 1.8 0.181
v 0.199549576 1.8 0.181
v 0.293 1.8 0.1492268558
v 0.293 1.8 0.151867405
v 0.2073158971 1.8 0.181
v 0.2144774532 1.8 0.181
v 0.293 1.8 0.1543023341
v 0.293 1.8 0.1569428833
v 0.2222437744 1.8 0.181
v 0.2294053305 1.8 0.181
v 0.293 1.8 0.1593778124
v 0.293 1.8 0.1620183615
v 0.2371716516 1.8 0.181
v 0.2443332077 1.8 0.181
v 0.293 1.8 0.1644532906
v 0.293 1.8 0.1670938398
v 0.2520995289 1.8 0.181
v 0.259261085 1.8 0.181
v 0.293 1.8 0.1695287689
v 0.293 1.8 0.1721693181
v 0.2670274061 1.8 0.181
v 0.2741889622 1.8 0.181
v 0.293 1.8 0.1746042471
v 0.293 1.8 0.1772447963
v 0.2819552833 1.8 0.181
v 0.2891168394 1.8 0.181
v 0.293 1.8 0.1796797254
v 0.293 1.8 0.181
f 1 2 3
f 1 3 2
f 4 5 6
f 4 6 5
f 4 6 7
f 4 7 6
f 8 9 10
f 8 10 9
f 8 10 11
f 8 11 10
f 12 13 14
f 12 14 13
f 12 14 15
f 12 15 14
f 16 17 18
f 16 18 17
f 16 18 19
f 16 19 18
f 20 21 22
f 20 22 21
f 20 22 23
f 20 23 22
f 24 25 26
f 24 26 25
f 24 26 27
f 24 27 26
f 28 29 30
f 28 30 29
f 28 30 31
f 28 31 30
f 32 33 34
f 32 34 33
f 32 34 35
f 32 35 34
f 36 37 38
f 36 38 37
f 36 38 39
f 36 39 38
f 40 41 42
f 40 42 41
f 40 42 43
f 40 43 42
f 44 45 46
f 44 46 45
f 44 46 47
f 44 47 46
f 48 49 50
f 48 50 49
f 48 50 51
f 48 51 50
f 52 53 54
f 52 54 53
f 52 54 55
f 52 55 54
f 56 57 58
f 56 58 57
f 56 58 59
f 56 59 58
f 60 61 62
f 60 62 61
f 60 62 63
f 60 63 62
f 64 65 66
f 64 66 65
f 64 66 67
f 64 67 66
f 68 69 70
f 68 70 69
f 68 70 71
f 68 71 70
f 72 73 74
f 72 74 73
f 72 74 75
f 72 75 74
f 76 77 78
f 76 78 77
f 76 78 79
f 76 79 78
f 80 81 82
f 80 82 81
f 80 82 83
f 80 83 82
f 84 85 86
f 84 86 85
f 84 86 87
f 84 87 86
f 88 89 90
f 88 90 89
f 88 90 91
f 88 91 90
f 92 93 94
f 92 94 93
f 92 94 95
f 92 95 94
f 96 97 98
f 96 98 97
f 96 98 99
f 96 99 98
f 100 101 102
f 100 102 101
f 100 102 103
f 100 103 102
f 104 105 106
f 104 106 105
f 104 106 107
f 104 107 106
f 108 109 110
f 108 110 109
f 108 110 111
f 108 111 110
f 112 113 114
f 112 114 113
f 112 114 115
f 112 115 114
f 116 117 118
f 116 118 117
f 116 118 119
f 116 119 118
f 120 121 122
f 120 122 121
f 120 122 123
f 120 123 122
f 124 125 126
f 124 126 125
f 124 126 127
f 124 127 126
f 128 129 130
f 128 130 129
f 128 130 131
f 128 131 130
f 132 133 134
f 132 134 133
f 132 134 135
f 132 135 134
f 136 137 138
f 136 138 137
f 136 138 139
f 136 139 138
f 140 141 142
f 140 142 141
f 140 142 143
f 140 143 142
f 144 145 146
f 144 146 145
f 144 146 147
f 144 147 146
f 148 149 150
f 148 150 149
f 148 150 151
f 148 151 150
f 152 153 154
f 152 154 153
f 152 154 155
f 152 155 154
f 156 157 158
f 156 158 157
f 156 158 159
f 156 159 158
f 160 161 162
f 160 162 161
f 160 162 163
f 160 163 162
f 164 165 166
f 164 166 165
f 164 166 167
f 164 167 166
f 168 169 170
f 168 170 169
f 168 170 171
f 168 171 170
f 172 173 174
f 172 174 173
f 172 174 175
f 172 175 174
f 176 177 178
f 176 178 177
f 176 178 179
f 176 179 178
f 180 181 182
f 180 182 181
f 180 182 183
f 180 183 182
f 180 183 184
f 180 184 183
f 185 186 187
f 185 187 186
f 185 187 188
f 185 188 187
f 189 190 191
f 189 191 190
f 189 191 192
f 189 192 191
f 193 194 195
f 193 195 194
f 193 195 196
f 193 196 195
f 197 198 199
f 197 199 198
f 197 199 200
f 197 200 199
f 201 202 203
f 201 203 202
f 201 203 204
f 201 204 203
f 205 206 207
f 205 207 206
f 205 207 208
f 205 208 207
f 209 210 211
f 209 211 210
f 209 211 212
f 209 212 211
f 213 214 215
f 213 215 214
f 213 215 216
f 213 216 215
f 217 218 219
f 217 219 218
f 217 219 220
f 217 220 219
f 221 222 223
f 221 223 222
f 221 223 224
f 221 224 223
f 225 226 227
f 225 227 226
f 225 227 228
f 225 228 227
f 229 230 231
f 229 231 230
f 229 231 232
f 229 232 231
f 233 234 235
f 233 235 234
f 233 235 236
f 233 236 235
f 237 238 239
f 237 239 238
f 237 239 240
f 237 240 239
f 241 242 243
f 241 243 242
f 241 243 244
f 241 244 243
f 245 246 247
f 245 247 246
f 245 247 248
f 245 248 247
f 249 250 251
f 249 251 250
f 249 251 252
f 249 252 251
f 253 254 255
f 253 255 254
f 253 255 256
f 253 256 255
f 257 258 259
f 257 259 258
f 257 259 260
f 257 260 259
f 261 262 263
f 261 263 262
f 261 263 264
f 261 264 263
f 265 266 267
f 265 267 266
f 265 267 268
f 265 268 267
f 269 270 271
f 269 271 270
f 269 271 272
f 269 272 271
f 273 274 275
f 273 275 274
f 273 275 276
f 273 276 275
f 277 278 279
f 277 279 278
f 277 279 280
f 277 280 279
f 281 282 283
f 281 283 282
f 281 283 284
f 281 284 283
f 281 284 285
f 281 285 284
f 286 287 288
f 286 288 287
f 286 288 289
f 286 289 288
f 290 291 292
f 290 292 291
f 290 292 293
f 290 293 292
f 294 295 296
f 294 296 295
f 294 296 297
f 294 297 296
f 298 299 300
f 298 300 299
f 298 300 301
f 298 301 300
f 302 303 304
f 302 304 303
f 302 304 305
f 302 305 304
f 306 307 308
f 306 308 307
f 306 308 309
f 306 309 308
f 310 311 312
f 310 312 311
f 310 312 313
f 310 313 312
f 314 315 316
f 314 316 315
f 314 316 317
f 314 317 316
f 318 319 320
f 318 320 319
f 318 320 321
f 318 321 320
f 322 323 324
f 322 324 323
f 322 324 325
f 322 325 324
f 326 327 328
f 326 328 327
f 326 328 329
f 326 329 328
f 330 331 332
f 330 332 331
f 330 332 333
f 330 333 332
f 334 335 336
f 334 336 335
f 334 336 337
f 334 337 336
f 338 339 340
f 338 340 339
f 338 340 341
f 338 341 340
f 342 343 344
f 342 344 343
f 342 344 345
f 342 345 344
f 346 347 348
f 346 348 347
f 346 348 349
f 346 349 348
f 350 351 352
f 350 352 351
f 350 352 353
f 350 353 352
f 354 355 356
f 354 356 355
f 354 356 357
f 354 357 356
f 358 359 360
f 358 360 359
f 358 360 361
f 358 361 360
f 362 363 364
f 362 364 363
f 362 364 365
f 362 365 364
f 366 367 368
f 366 368 367
f 366 368 369
f 366 369 368
f 370 371 372
f 370 372 371
f 370 372 373
f 370 373 372
f 374 375 376
f 374 376 375
f 374 376 377
f 374 377 376
f 378 379 380
f 378 380 379
f 378 380 381
f 378 381 380
f 382 383 384
f 382 384 383
f 382 384 385
f 382 385 384
f 386 387 388
f 386 388 387
f 386 388 389
f 386 389 388
f 390 391 392
f 390 392 391
f 390 392 393
f 390 393 392
f 394 395 396
f 394 396 395
f 394 396 397
f 394 397 396
f 398 399 400
f 398 400 399
f 398 400 401
f 398 401 400
f 402 403 404
f 402 404 403
f 402 404 405
f 402 405 404
f 406 407 408
f 406 408 407
f 406 408 409
f 406 409 408
f 410 411 412
f 410 412 411
f 410 412 413
f 410 413 412
f 414 415 416
f 414 416 415
f 414 416 417
f 414 417 416
f 418 419 420
f 418 420 419
f 418 420 421
f 418 421 420
f 422 423 424
f 422 424 423
f 422 424 425
f 422 425 424
f 426 427 428
f 426 428 427
f 426 428 429
f 426 429 428
f 430 431 432
f 430 432 431
f 430 432 433
f 430 433 432
f 434 435 436
f 434 436 435
f 434 436 437
f 434 437 436
f 438 439 440
f 438 440 439
f 438 440 441
f 438 441 440
f 442 443 444
f 442 444 443
f 442 444 445
f 442 445 444
f 446 447 448
f 446 448 447
f 446 448 449
f 446 449 448
f 450 451 452
f 450 452 451
f 450 452 453
f 450 453 452
f 454 455 456
f 454 456 455
f 454 456 457
f 454 457 456
f 458 459 460
f 458 460 459
f 458 460 461
f 458 461 460
f 462 463 464
f 462 464 463
f 465 466 467
f 465 467 466
f 468 469 470
f 468 470 469
f 468 470 471
f 468 471 470
f 472 473 474
f 472 474 473
f 472 474 475
f 472 475 474
f 476 477 478
f 476 478 477
f 476 478 479
f 476 479 478
f 480 481 482
f 480 482 481
f 480 482 483
f 480 483 482
f 484 485 486
f 484 486 485
f 484 486 487
f 484 487 486
f 488 489 490
f 488 490 489
f 488 490 491
f 488 491 490
f 492 493 494
f 492 494 493
f 492 494 495
f 492 495 494
f 496 497 498
f 496 498 497
f 496 498 499
f 496 499 498
f 500 501 502
f 500 502 501
f 500 502 503
f 500 503 502
f 504 505 506
f 504 506 505
f 504 506 507
f 504 507 506
f 508 509 510
f 508 510 509
f 508 510 511
f 508 511 510
f 512 513 514
f 512 514 513
f 512 514 515
f 512 515 514
f 516 517 518
f 516 518 517
f 516 518 519
f 516 519 518
f 520 521 522
f 520 522 521
f 520 522 523
f 520 523 522
f 524 525 526
f 524 526 525
f 524 526 527
f 524 527 526
f 528 529 530
f 528 530 529
f 528 530 531
f 528 531 530
f 532 533 534
f 532 534 533
f 532 534 535
f 532 535 534
f 536 537 538
f 536 538 537
f 536 538 539
f 536 539 538
f 540 541 542
f 540 542 541
f 540 542 543
f 540 543 542
f 544 545 546
f 544 546 545
f 544 546 547
f 544 547 546
f 548 549 550
f 548 550 549
f 548 550 551
f 548 551 550
f 552 553 554
f 552 554 553
f 552 554 555
f 552 555 554
f 556 557 558
f 556 558 557
f 556 558 559
f 556 559 558
f 560 561 562
f 560 562 561
f 560 562 563
f 560 563 562
f 564 565 566
f 564 566 565
f 564 566 567
f 564 567 566
f 568 569 570
f 568 570 569
f 568 570 571
f 568 571 570
f 572 573 574
f 572 574 573
f 572 574 575
f 572 575 574
f 576 577 578
f 576 578 577
f 576 578 579
f 576 579 578
f 580 581 582
f 580 582 581
f 580 582 583
f 580 583 582
f 584 585 586
f 584 586 585
f 584 586 587
f 584 587 586
f 588 589 590
f 588 590 589
f 588 590 591
f 588 591 590
f 592 593 594
f 592 594 593
f 592 594 595
f 592 595 594
f 596 597 598
f 596 598 597
f 596 598 599
f 596 599 598
f 600 601 602
f 600 602 601
f 600 602 603
f 600 603 602
f 604 605 606
f 604 606 605
f 604 606 607
f 604 607 606
f 608 609 610
f 608 610 609
f 608 610 611
f 608 611 610
f 612 613 614
f 612 614 613
f 612 614 615
f 612 615 614
f 616 617 618
f 616 618 617
f 616 618 619
f 616 619 618
f 620 621 622
f 620 622 621
f 620 622 623
f 620 623 622
f 624 625 626
f 624 626 625
f 624 626 627
f 624 627 626
f 628 629 630
f 628 630 629
f 628 630 631
f 628 631 630
f 632 633 634
f 632 634 633
f 632 634 635
f 632 635 634
f 636 637 638
f 636 638 637
f 636 638 639
f 636 639 638
f 640 641 642
f 640 642 641
f 640 642 643
f 640 643 642
f 644 645 646
f 644 646 645
f 644 646 647
f 644 647 646
f 644 647 648
f 644 648 647
f 649 650 651
f 649 651 650
f 649 651 652
f 649 652 651
f 653 654 655
f 653 655 654
f 653 655 656
f 653 656 655
f 657 658 659
f 657 659 658
f 657 659 660
f 657 660 659
f 661 662 663
f 661 663 662
f 661 663 664
f 661 664 663
f 665 666 667
f 665 667 666
f 665 667 668
f 665 668 667
f 669 670 671
f 669 671 670
f 669 671 672
f 669 672 671
f 673 674 675
f 673 675 674
f 673 675 676
f 673 676 675
f 677 678 679
f 677 679 678
f 677 679 680
f 677 680 679
f 681 682 683
f 681 683 682
f 681 683 684
f 681 684 683
f 685 686 687
f 685 687 686
f 685 687 688
f 685 688 687
f 689 690 691
f 689 691 690
f 689 691 692
f 689 692 691
f 693 694 695
f 693 695 694
f 693 695 696
f 693 696 695
f 697 698 699
f 697 699 698
f 697 699 700
f 697 700 699
f 701 702 703
f 701 703 702
f 701 703 704
f 701 704 703
f 705 706 707
f 705 707 706
f 705 707 708
f 705 708 707
f 709 710 711
f 709 711 710
f 709 711 712
f 709 712 711
f 713 714 715
f 713 715 714
f 713 715 716
f 713 716 715
f 717 718 719
f 717 719 718
f 717 719 720
f 717 720 719
f 721 722 723
f 721 723 722
f 721 723 724
f 721 724 723
f 725 726 727
f 725 727 726
f 725 727 728
f 725 728 727
f 729 730 731
f 729 731 730
f 729 731 732
f 729 732 731
f 733 734 735
f 733 735 734
f 733 735 736
f 733 736 735
f 737 738 739
f 737 739 738
f 737 739 740
f 737 740 739
f 741 742 743
f 741 743 742
f 741 743 744
f 741 744 743
f 745 746 747
f 745 747 746
f 745 747 748
f 745 748 747
f 745 748 749
f 745 749 748
f 750 751 752
f 750 752 751
f 750 752 753
f 750 753 752
f 754 755 756
f 754 756 755
f 754 756 757
f 754 757 756
f 758 759 760
f 758 760 759
f 758 760 761
f 758 761 760
f 762 763 764
f 762 764 763
f 762 764 765
f 762 765 764
f 766 767 768
f 766 768 767
f 766 768 769
f 766 769 768
f 770 771 772
f 770 772 771
f 770 772 773
f 770 773 772
f 774 775 776
f 774 776 775
f 774 776 777
f 774 777 776
f 778 779 780
f 778 780 779
f 778 780 781
f 778 781 780
f 782 783 784
f 782 784 783
f 782 784 785
f 782 785 784
f 786 787 788
f 786 788 787
f 786 788 789
f 786 789 788
f 790 791 792
f 790 792 791
f 790 792 793
f 790 793 792
f 794 795 796
f 794 796 795
f 794 796 797
f 794 797 796
f 798 799 800
f 798 800 799
f 798 800 801
f 798 801 800
f 802 803 804
f 802 804 803
f 802 804 805
f 802 805 804
f 806 807 808
f 806 808 807
f 806 808 809
f 806 809 808
f 810 811 812
f 810 812 811
f 810 812 813
f 810 813 812
f 814 815 816
f 814 816 815
f 814 816 817
f 814 817 816
f 818 819 820
f 818 820 819
f 818 820 821
f 818 821 820
f 822 823 824
f 822 824 823
f 822 824 825
f 822 825 824
f 826 827 828
f 826 828 827
f 826 828 829
f 826 829 828
f 830 831 832
f 830 832 831
f 830 832 833
f 830 833 832
f 834 835 836
f 834 836 835
f 834 836 837
f 834 837 836
f 838 839 840
f 838 840 839
f 838 840 841
f 838 841 840
f 842 843 844
f 842 844 843
f 842 844 845
f 842 845 844
f 846 847 848
f 846 848 847
f 846 848 849
f 846 849 848
f 850 851 852
f 850 852 851
f 850 852 853
f 850 853 852
f 854 855 856
f 854 856 855
f 854 856 857
f 854 857 856
f 858 859 860
f 858 860 859
f 858 860 861
f 858 861 860
f 862 863 864
f 862 864 863
f 862 864 865
f 862 865 864
f 866 867 868
f 866 868 867
f 866 868 869
f 866 869 868
f 870 871 872
f 870 872 871
f 870 872 873
f 870 873 872
f 874 875 876
f 874 876 875
f 874 876 877
f 874 877 876
f 878 879 880
f 878 880 879
f 878 880 881
f 878 881 880
f 882 883 884
f 882 884 883
f 882 884 885
f 882 885 884
f 886 887 888
f 886 888 887
f 886 888 889
f 886 889 888
f 890 891 892
f 890 892 891
f 890 892 893
f 890 893 892
f 894 895 896
f 894 896 895
f 894 896 897
f 894 897 896
f 898 899 900
f 898 900 899
f 898 900 901
f 898 901 900
f 902 903 904
f 902 904 903
f 902 904 905
f 902 905 904
f 906 907 908
f 906 908 907
f 906 908 909
f 906 909 908
f 910 911 912
f 910 912 911
f 910 912 913
f 910 913 912
f 914 915 916
f 914 916 915
f 914 916 917
f 914 917 916
f 918 919 920
f 918 920 919
f 918 920 921
f 918 921 920
f 922 923 924
f 922 924 923
f 922 924 925
f 922 925 924
f 926 927 928
f 926 928 927
f 929 930 931
f 929 931 930
f 932 933 934
f 932 934 933
f 932 934 935
f 932 935 934
f 936 937 938
f 936 938 937
f 936 938 939
f 936 939 938
f 940 941 942
f 940 942 941
f 940 942 943
f 940 943 942
f 944 945 946
f 944 946 945
f 944 946 947
f 944 947 946
f 948 949 950
f 948 950 949
f 948 950 951
f 948 951 950
f 952 953 954
f 952 954 953
f 952 954 955
f 952 955 954
f 956 957 958
f 956 958 957
f 956 958 959
f 956 959 958
f 960 961 962
f 960 962 961
f 960 962 963
f 960 963 962
f 964 965 966
f 964 966 965
f 964 966 967
f 964 967 966
f 968 969 970
f 968 970 969
f 968 970 971
f 968 971 970
f 972 973 974
f 972 974 973
f 972 974 975
f 972 975 974
f 976 977 978
f 976 978 977
f 976 978 979
f 976 979 978
f 980 981 982
f 980 982 981
f 980 982 983
f 980 983 982
f 984 985 986
f 984 986 985
f 984 986 987
f 984 987 986
f 988 989 990
f 988 990 989
f 988 990 991
f 988 991 990
f 992 993 994
f 992 994 993
f 992 994 995
f 992 995 994
f 996 997 998
f 996 998 997
f 996 998 999
f 996 999 998
f 1000 1001 1002
f 1000 1002 1001
f 1000 1002 1003
f 1000 1003 1002
f 1004 1005 1006
f 1004 1006 1005
f 1004 1006 1007
f 1004 1007 1006
f 1008 1009 1010
f 1008 1010 1009
f 1008 1010 1011
f 1008 1011 1010
f 1012 1013 1014
f 1012 1014 1013
f 1012 1014 1015
f 1012 1015 1014
f 1016 1017 1018
f 1016 1018 1017
f 1016 1018 1019
f 1016 1019 1018
f 1020 1021 1022
f 1020 1022 1021
f 1020 1022 1023
f 1020 1023 1022
f 1024 1025 1026
f 1024 1026 1025
f 1024 1026 1027
f 1024 1027 1026
f 1028 1029 1030
f 1028 1030 1029
f 1028 1030 1031
f 1028 1031 1030
f 1032 1033 1034
f 1032 1034 1033
f 1032 1034 1035
f 1032 1035 1034
f 1036 1037 1038
f 1036 1038 1037
f 1036 1038 1039
f 1036 1039 1038
f 1040 1041 1042
f 1040 1042 1041
f 1040 1042 1043
f 1040 1043 1042
f 1044 1045 1046
f 1044 1046 1045
f 1044 1046 1047
f 1044 1047 1046
f 1048 1049 1050
f 1048 1050 1049
f 1048 1050 1051
f 1048 1051 1050
f 1052 1053 1054
f 1052 1054 1053
f 1052 1054 1055
f 1052 1055 1054
f 1056 1057 1058
f 1056 1058 1057
f 1056 1058 1059
f 1056 1059 1058
f 1060 1061 1062
f 1060 1062 1061
f 1060 1062 1063
f 1060 1063 1062
f 1064 1065 1066
f 1064 1066 1065
f 1064 1066 1067
f 1064 1067 1066
f 1068 1069 1070
f 1068 1070 1069
f 1068 1070 1071
f 1068 1071 1070
f 1072 1073 1074
f 1072 1074 1073
f 1072 1074 1075
f 1072 1075 1074
f 1076 1077 1078
f 1076 1078 1077
f 1076 1078 1079
f 1076 1079 1078
f 1080 1081 1082
f 1080 1082 1081
f 1080 1082 1083
f 1080 1083 1082
f 1084 1085 1086
f 1084 1086 1085
f 1084 1086 1087
f 1084 1087 1086
f 1088 1089 1090
f 1088 1090 1089
f 1088 1090 1091
f 1088 1091 1090
f 1092 1093 1094
f 1092 1094 1093
f 1092 1094 1095
f 1092 1095 1094
f 1096 1097 1098
f 1096 1098 1097
f 1096 1098 1099
f 1096 1099 1098
f 1100 1101 1102
f 1100 1102 1101
f 1100 1102 1103
f 1100 1103 1102
f 1104 1105 1106
f 1104 1106 1105
f 1104 1106 1107
f 1104 1107 1106
f 1108 1109 1110
f 1108 1110 1109
f 1108 1110 1111
f 1108 1111 1110
f 1112 1113 1114
f 1112 1114 1113
f 1112 1114 1115
f 1112 1115 1114
f 1116 1117 1118
f 1116 1118 1117
f 1116 1118 1119
f 1116 1119 1118
f 1120 1121 1122
f 1120 1122 1121
f 1120 1122 1123
f 1120 1123 1122
f 1124 1125 1126
f 1124 1126 1125
f 1124 1126 1127
f 1124 1127 1126
f 1128 1129 1130
f 1128 1130 1129
f 1128 1130 1131
f 1128 1131 1130
f 1132 1133 1134
f 1132 1134 1133
f 1132 1134 1135
f 1132 1135 1134
f 1136 1137 1138
f 1136 1138 1137
f 1136 1138 1139
f 1136 1139 1138
f 1140 1141 1142
f 1140 1142 1141
f 1140 1142 1143
f 1140 1143 1142
f 1144 1145 1146
f 1144 1146 1145
f 1144 1146 1147
f 1144 1147 1146
f 1148 1149 1150
f 1148 1150 1149
f 1148 1150 1151
f 1148 1151 1150
f 1152 1153 1154
f 1152 1154 1153
f 1152 1154 1155
f 1152 1155 1154
f 1156 1157 1158
f 1156 1158 1157
f 1156 1158 1159
f 1156 1159 1158
f 1160 1161 1162
f 1160 1162 1161
f 1160 1162 1163
f 1160 1163 1162
f 1164 1165 1166
f 1164 1166 1165
f 1164 1166 1167
f 1164 1167 1166
f 1168 1169 1170
f 1168 1170 1169
f 1168 1170 1171
f 1168 1171 1170
f 1172 1173 1174
f 1172 1174 1173
f 1172 1174 1175
f 1172 1175 1174
f 1176 1177 1178
f 1176 1178 1177
f 1176 1178 1179
f 1176 1179 1178
f 1180 1181 1182
f 1180 1182 1181
f 1180 1182 1183
f 1180 1183 1182
f 1184 1185 1186
f 1184 1186 1185
f 1184 1186 1187
f 1184 1187 1186
f 1188 1189 1190
f 1188 1190 1189
f 1188 1190 1191
f 1188 1191 1190
f 1192 1193 1194
f 1192 1194 1193
f 1192 1194 1195
f 1192 1195 1194
f 1196 1197 1198
f 1196 1198 1197
f 1196 1198 1199
f 1196 1199 1198
f 1200 1201 1202
f 1200 1202 1201
f 1200 1202 1203
f 1200 1203 1202
f 1204 1205 1206
f 1204 1206 1205
f 1204 1206 1207
f 1204 1207 1206
f 1208 1209 1210
f 1208 1210 1209
f 1208 1210 1211
f 1208 1211 1210
f 1212 1213 1214
f 1212 1214 1213
f 1212 1214 1215
f 1212 1215 1214
f 1216 1217 1218
f 1216 1218 1217
f 1216 1218 1219
f 1216 1219 1218
f 1220 1221 1222
f 1220 1222 1221
f 1220 1222 1223
f 1220 1223 1222
f 1224 1225 1226
f 1224 1226 1225
f 1224 1226 1227
f 1224 1227 1226
f 1228 1229 1230
f 1228 1230 1229
f 1228 1230 1231
f 1228 1231 1230
f 1232 1233 1234
f 1232 1234 1233
f 1232 1234 1235
f 1232 1235 1234
f 1236 1237 1238
f 1236 1238 1237
f 1236 1238 1239
f 1236 1239 1238
f 1240 1241 1242
f 1240 1242 1241
f 1240 1242 1243
f 1240 1243 1242
f 1244 1245 1246
f 1244 1246 1245
f 1244 1246 1247
f 1244 1247 1246
f 1248 1249 1250
f 1248 1250 1249
f 1248 1250 1251
f 1248 1251 1250
f 1252 1253 1254
f 1252 1254 1253
f 1252 1254 1255
f 1252 1255 1254
f 1256 1257 1258
f 1256 1258 1257
f 1256 1258 1259
f 1256 1259 1258
f 1260 1261 1262
f 1260 1262 1261
f 1260 1262 1263
f 1260 1263 1262
f 1264 1265 1266
f 1264 1266 1265
f 1264 1266 1267
f 1264 1267 1266
f 1268 1269 1270
f 1268 1270 1269
f 1268 1270 1271
f 1268 1271 1270
f 1272 1273 1274
f 1272 1274 1273
f 1272 1274 1275
f 1272 1275 1274
f 1276 1277 1278
f 1276 1278 1277
f 1276 1278 1279
f 1276 1279 1278
f 1280 1281 1282
f 1280 1282 1281
f 1280 1282 1283
f 1280 1283 1282
f 1284 1285 1286
f 1284 1286 1285
f 1284 1286 1287
f 1284 1287 1286
f 1288 1289 1290
f 1288 1290 1289
f 1288 1290 1291
f 1288 1291 1290
f 1292 1293 1294
f 1292 1294 1293
f 1292 1294 1295
f 1292 1295 1294
f 1296 1297 1298
f 1296 1298 1297
f 1296 1298 1299
f 1296 1299 1298
f 1300 1301 1302
f 1300 1302 1301
f 1300 1302 1303
f 1300 1303 1302
f 1304 1305 1306
f 1304 1306 1305
f 1304 1306 1307
f 1304 1307 1306
f 1308 1309 1310
f 1308 1310 1309
f 1308 1310 1311
f 1308 1311 1310
f 1312 1313 1314
f 1312 1314 1313
f 1312 1314 1315
f 1312 1315 1314
f 1316 1317 1318
f 1316 1318 1317
f 1316 1318 1319
f 1316 1319 1318
f 1320 1321 1322
f 1320 1322 1321
f 1320 1322 1323
f 1320 1323 1322
f 1324 1325 1326
f 1324 1326 1325
f 1324 1326 1327
f 1324 1327 1326
f 1328 1329 1330
f 1328 1330 1329
f 1328 1330 1331
f 1328 1331 1330
f 1332 1333 1334
f 1332 1334 1333
f 1332 1334 1335
f 1332 1335 1334
f 1336 1337 1338
f 1336 1338 1337
f 1336 1338 1339
f 1336 1339 1338
f 1340 1341 1342
f 1340 1342 1341
f 1340 1342 1343
f 1340 1343 1342
f 1344 1345 1346
f 1344 1346 1345
f 1344 1346 1347
f 1344 1347 1346
f 1348 1349 1350
f 1348 1350 1349
f 1348 1350 1351
f 1348 1351 1350
f 1352 1353 1354
f 1352 1354 1353
f 1352 1354 1355
f 1352 1355 1354
f 1356 1357 1358
f 1356 1358 1357
f 1356 1358 1359
f 1356 1359 1358
f 1360 1361 1362
f 1360 1362 1361
f 1360 1362 1363
f 1360 1363 1362
f 1364 1365 1366
f 1364 1366 1365
f 1364 1366 1367
f 1364 1367 1366
f 1368 1369 1370
f 1368 1370 1369
f 1368 1370 1371
f 1368 1371 1370
f 1372 1373 1374
f 1372 1374 1373
f 1372 1374 1375
f 1372 1375 1374
f 1376 1377 1378
f 1376 1378 1377
f 1376 1378 1379
f 1376 1379 1378
f 1380 1381 1382
f 1380 1382 1381
f 1380 1382 1383
f 1380 1383 1382
f 1384 1385 1386
f 1384 1386 1385
f 1384 1386 1387
f 1384 1387 1386
f 1388 1389 1390
f 1388 1390 1389
f 1391 1392 1393
f 1391 1393 1392
f 1394 1395 1396
f 1394 1396 1395
f 1394 1396 1397
f 1394 1397 1396
f 1398 1399 1400
f 1398 1400 1399
f 1398 1400 1401
f 1398 1401 1400
f 1402 1403 1404
f 1402 1404 1403
f 1402 1404 1405
f 1402 1405 1404
f 1406 1407 1408
f 1406 1408 1407
f 1406 1408 1409
f 1406 1409 1408
f 1410 1411 1412
f 1410 1412 1411
f 1410 1412 1413
f 1410 1413 1412
f 1414 1415 1416
f 1414 1416 1415
f 1414 1416 1417
f 1414 1417 1416
f 1418 1419 1420
f 1418 1420 1419
f 1418 1420 1421
f 1418 1421 1420
f 1422 1423 1424
f 1422 1424 1423
f 1422 1424 1425
f 1422 1425 1424
f 1426 1427 1428
f 1426 1428 1427
f 1426 1428 1429
f 1426 1429 1428
f 1430 1431 1432
f 1430 1432 1431
f 1430 1432 1433
f 1430 1433 1432
f 1434 1435 1436
f 1434 1436 1435
f 1434 1436 1437
f 1434 1437 1436
f 1438 1439 1440
f 1438 1440 1439
f 1438 1440 1441
f 1438 1441 1440
f 1442 1443 1444
f 1442 1444 1443
f 1442 1444 1445
f 1442 1445 1444
f 1446 1447 1448
f 1446 1448 1447
f 1446 1448 1449
f 1446 1449 1448
f 1450 1451 1452
f 1450 1452 1451
f 1450 1452 1453
f 1450 1453 1452
f 1454 1455 1456
f 1454 1456 1455
f 1454 1456 1457
f 1454 1457 1456
f 1458 1459 1460
f 1458 1460 1459
f 1458 1460 1461
f 1458 1461 1460
f 1462 1463 1464
f 1462 1464 1463
f 1462 1464 1465
f 1462 1465 1464
f 1466 1467 1468
f 1466 1468 1467
f 1466 1468 1469
f 1466 1469 1468
f 1470 1471 1472
f 1470 1472 1471
f 1470 1472 1473
f 1470 1473 1472
f 1474 1475 1476
f 1474 1476 1475
f 1474 1476 1477
f 1474 1477 1476
f 1478 1479 1480
f 1478 1480 1479
f 1478 1480 1481
f 1478 1481 1480
f 1482 1483 1484
f 1482 1484 1483
f 1482 1484 1485
f 1482 1485 1484
f 1486 1487 1488
f 1486 1488 1487
f 1486 1488 1489
f 1486 1489 1488
f 1490 1491 1492
f 1490 1492 1491
f 1490 1492 1493
f 1490 1493 1492
f 1494 1495 1496
f 1494 1496 1495
f 1494 1496 1497
f 1494 1497 1496
f 1498 1499 1500
f 1498 1500 1499
f 1498 1500 1501
f 1498 1501 1500
f 1502 1503 1504
f 1502 1504 1503
f 1502 1504 1505
f 1502 1505 1504
f 1506 1507 1508
f 1506 1508 1507
f 1506 1508 1509
f 1506 1509 1508
f 1510 1511 1512
f 1510 1512 1511
f 1510 1512 1513
f 1510 1513 1512
f 1514 1515 1516
f 1514 1516 1515
f 1514 1516 1517
f 1514 1517 1516
f 1518 1519 1520
f 1518 1520 1519
f 1518 1520 1521
f 1518 1521 1520
f 1522 1523 1524
f 1522 1524 1523
f 1522 1524 1525
f 1522 1525 1524
f 1526 1527 1528
f 1526 1528 1527
f 1526 1528 1529
f 1526 1529 1528
f 1530 1531 1532
f 1530 1532 1531
f 1530 1532 1533
f 1530 1533 1532
f 1534 1535 1536
f 1534 1536 1535
f 1534 1536 1537
f 1534 1537 1536
f 1538 1539 1540
f 1538 1540 1539
f 1538 1540 1541
f 1538 1541 1540
f 1542 1543 1544
f 1542 1544 1543
f 1542 1544 1545
f 1542 1545 1544
f 1546 1547 1548
f 1546 1548 1547
f 1546 1548 1549
f 1546 1549 1548
f 1550 1551 1552
f 1550 1552 1551
f 1550 1552 1553
f 1550 1553 1552
f 1554 1555 1556
f 1554 1556 1555
f 1554 1556 1557
f 1554 1557 1556
f 1558 1559 1560
f 1558 1560 1559
f 1558 1560 1561
f 1558 1561 1560
f 1562 1563 1564
f 1562 1564 1563
f 1562 1564 1565
f 1562 1565 1564
f 1566 1567 1568
f 1566 1568 1567
f 1566 1568 1569
f 1566 1569 1568
f 1570 1571 1572
f 1570 1572 1571
f 1570 1572 1573
f 1570 1573 1572
f 1574 1575 1576
f 1574 1576 1575
f 1574 1576 1577
f 1574 1577 1576
f 1578 1579 1580
f 1578 1580 1579
f 1578 1580 1581
f 1578 1581 1580
f 1582 1583 1584
f 1582 1584 1583
f 1582 1584 1585
f 1582 1585 1584
f 1586 1587 1588
f 1586 1588 1587
f 1586 1588 1589
f 1586 1589 1588
f 1590 1591 1592
f 1590 1592 1591
f 1590 1592 1593
f 1590 1593 1592
f 1594 1595 1596
f 1594 1596 1595
f 1594 1596 1597
f 1594 1597 1596
f 1598 1599 1600
f 1598 1600 1599
f 1598 1600 1601
f 1598 1601 1600
f 1602 1603 1604
f 1602 1604 1603
f 1602 1604 1605
f 1602 1605 1604
f 1606 1607 1608
f 1606 1608 1607
f 1606 1608 1609
f 1606 1609 1608
f 1610 1611 1612
f 1610 1612 1611
f 1610 1612 1613
f 1610 1613 1612
f 1614 1615 1616
f 1614 1616 1615
f 1614 1616 1617
f 1614 1617 1616
f 1618 1619 1620
f 1618 1620 1619
f 1618 1620 1621
f 1618 1621 1620
f 1622 1623 1624
f 1622 1624 1623
f 1622 1624 1625
f 1622 1625 1624
f 1626 1627 1628
f 1626 1628 1627
f 1626 1628 1629
f 1626 1629 1628
f 1630 1631 1632
f 1630 1632 1631
f 1630 1632 1633
f 1630 1633 1632
f 1634 1635 1636
f 1634 1636 1635
f 1634 1636 1637
f 1634 1637 1636
f 1638 1639 1640
f 1638 1640 1639
f 1638 1640 1641
f 1638 1641 1640
f 1642 1643 1644
f 1642 1644 1643
f 1642 1644 1645
f 1642 1645 1644
f 1646 1647 1648
f 1646 1648 1647
f 1646 1648 1649
f 1646 1649 1648
f 1650 1651 1652
f 1650 1652 1651
f 1650 1652 1653
f 1650 1653 1652
f 1654 1655 1656
f 1654 1656 1655
f 1654 1656 1657
f 1654 1657 1656
f 1658 1659 1660
f 1658 1660 1659
f 1658 1660 1661
f 1658 1661 1660
f 1662 1663 1664
f 1662 1664 1663
f 1662 1664 1665
f 1662 1665 1664
f 1666 1667 1668
f 1666 1668 1667
f 1666 1668 1669
f 1666 1669 1668
f 1670 1671 1672
f 1670 1672 1671
f 1670 1672 1673
f 1670 1673 1672
f 1674 1675 1676
f 1674 1676 1675
f 1674 1676 1677
f 1674 1677 1676
f 1678 1679 1680
f 1678 1680 1679
f 1678 1680 1681
f 1678 1681 1680
f 1682 1683 1684
f 1682 1684 1683
f 1682 1684 1685
f 1682 1685 1684
f 1686 1687 1688
f 1686 1688 1687
f 1686 1688 1689
f 1686 1689 1688
f 1690 1691 1692
f 1690 1692 1691
f 1690 1692 1693
f 1690 1693 1692
f 1694 1695 1696
f 1694 1696 1695
f 1694 1696 1697
f 1694 1697 1696
f 1698 1699 1700
f 1698 1700 1699
f 1698 1700 1701
f 1698 1701 1700
f 1702 1703 1704
f 1702 1704 1703
f 1702 1704 1705
f 1702 1705 1704
f 1706 1707 1708
f 1706 1708 1707
f 1706 1708 1709
f 1706 1709 1708
f 1710 1711 1712
f 1710 1712 1711
f 1710 1712 1713
f 1710 1713 1712
f 1714 1715 1716
f 1714 1716 1715
f 1714 1716 1717
f 1714 1717 1716
f 1718 1719 1720
f 1718 1720 1719
f 1718 1720 1721
f 1718 1721 1720
f 1722 1723 1724
f 1722 1724 1723
f 1722 1724 1725
f 1722 1725 1724
f 1726 1727 1728
f 1726 1728 1727
f 1726 1728 1729
f 1726 1729 1728
f 1730 1731 1732
f 1730 1732 1731
f 1730 1732 1733
f 1730 1733 1732
f 1734 1735 1736
f 1734 1736 1735
f 1734 1736 1737
f 1734 1737 1736
f 1738 1739 1740
f 1738 1740 1739
f 1738 1740 1741
f 1738 1741 1740
f 1742 1743 1744
f 1742 1744 1743
f 1742 1744 1745
f 1742 1745 1744
f 1746 1747 1748
f 1746 1748 1747
f 1746 1748 1749
f 1746 1749 1748
f 1750 1751 1752
f 1750 1752 1751
f 1750 1752 1753
f 1750 1753 1752
f 1754 1755 1756
f 1754 1756 1755
f 1754 1756 1757
f 1754 1757 1756
f 1758 1759 1760
f 1758 1760 1759
f 1758 1760 1761
f 1758 1761 1760
f 1762 1763 1764
f 1762 1764 1763
f 1762 1764 1765
f 1762 1765 1764
f 1766 1767 1768
f 1766 1768 1767
f 1766 1768 1769
f 1766 1769 1768
f 1770 1771 1772
f 1770 1772 1771
f 1770 1772 1773
f 1770 1773 1772
f 1774 1775 1776
f 1774 1776 1775
f 1774 1776 1777
f 1774 1777 1776
f 1778 1779 1780
f 1778 1780 1779
f 1778 1780 1781
f 1778 1781 1780
f 1782 1783 1784
f 1782 1784 1783
f 1782 1784 1785
f 1782 1785 1784
f 1786 1787 1788
f 1786 1788 1787
f 1786 1788 1789
f 1786 1789 1788
f 1790 1791 1792
f 1790 1792 1791
f 1790 1792 1793
f 1790 1793 1792
f 1794 1795 1796
f 1794 1796 1795
f 1794 1796 1797
f 1794 1797 1796
f 1798 1799 1800
f 1798 1800 1799
f 1798 1800 1801
f 1798 1801 1800
f 1802 1803 1804
f 1802 1804 1803
f 1802 1804 1805
f 1802 1805 1804
f 1806 1807 1808
f 1806 1808 1807
f 1806 1808 1809
f 1806 1809 1808
f 1810 1811 1812
f 1810 1812 1811
f 1810 1812 1813
f 1810 1813 1812
f 1814 1815 1816
f 1814 1816 1815
f 1814 1816 1817
f 1814 1817 1816
f 1818 1819 1820
f 1818 1820 1819
f 1818 1820 1821
f 1818 1821 1820
f 1822 1823 1824
f 1822 1824 1823
f 1822 1824 1825
f 1822 1825 1824
f 1826 1827 1828
f 1826 1828 1827
f 1826 1828 1829
f 1826 1829 1828
f 1830 1831 1832
f 1830 1832 1831
f 1830 1832 1833
f 1830 1833 1832
f 1834 1835 1836
f 1834 1836 1835
f 1834 1836 1837
f 1834 1837 1836
f 1838 1839 1840
f 1838 1840 1839
f 1838 1840 1841
f 1838 1841 1840
f 1842 1843 1844
f 1842 1844 1843
f 1842 1844 1845
f 1842 1845 1844
f 1846 1847 1848
f 1846 1848 1847
f 1846 1848 1849
f 1846 1849 1848
f 1850 1851 1852
f 1850 1852 1851
f 1853 1854 1855
f 1853 1855 1854
f 1856 1857 1858
f 1856 1858 1857
f 1856 1858 1859
f 1856 1859 1858
f 1860 1861 1862
f 1860 1862 1861
f 1860 1862 1863
f 1860 1863 1862
f 1864 1865 1866
f 1864 1866 1865
f 1864 1866 1867
f 1864 1867 1866
f 1868 1869 1870
f 1868 1870 1869
f 1868 1870 1871
f 1868 1871 1870
f 1872 1873 1874
f 1872 1874 1873
f 1872 1874 1875
f 1872 1875 1874
f 1876 1877 1878
f 1876 1878 1877
f 1876 1878 1879
f 1876 1879 1878
f 1880 1881 1882
f 1880 1882 1881
f 1880 1882 1883
f 1880 1883 1882
f 1884 1885 1886
f 1884 1886 1885
f 1884 1886 1887
f 1884 1887 1886
f 1888 1889 1890
f 1888 1890 1889
f 1888 1890 1891
f 1888 1891 1890
f 1892 1893 1894
f 1892 1894 1893
f 1892 1894 1895
f 1892 1895 1894
f 1896 1897 1898
f 1896 1898 1897
f 1896 1898 1899
f 1896 1899 1898
f 1900 1901 1902
f 1900 1902 1901
f 1900 1902 1903
f 1900 1903 1902
f 1904 1905 1906
f 1904 1906 1905
f 1904 1906 1907
f 1904 1907 1906
f 1908 1909 1910
f 1908 1910 1909
f 1908 1910 1911
f 1908 1911 1910
f 1912 1913 1914
f 1912 1914 1913
f 1912 1914 1915
f 1912 1915 1914
f 1916 1917 1918
f 1916 1918 1917
f 1916 1918 1919
f 1916 1919 1918
f 1920 1921 1922
f 1920 1922 1921
f 1920 1922 1923
f 1920 1923 1922
f 1924 1925 1926
f 1924 1926 1925
f 1924 1926 1927
f 1924 1927 1926
f 1928 1929 1930
f 1928 1930 1929
f 1928 1930 1931
f 1928 1931 1930
f 1932 1933 1934
f 1932 1934 1933
f 1932 1934 1935
f 1932 1935 1934
f 1936 1937 1938
f 1936 1938 1937
f 1936 1938 1939
f 1936 1939 1938
f 1940 1941 1942
f 1940 1942 1941
f 1940 1942 1943
f 1940 1943 1942
f 1944 1945 1946
f 1944 1946 1945
f 1944 1946 1947
f 1944 1947 1946
f 1948 1949 1950
f 1948 1950 1949
f 1948 1950 1951
f 1948 1951 1950
f 1952 1953 1954
f 1952 1954 1953
f 1952 1954 1955
f 1952 1955 1954
f 1956 1957 1958
f 1956 1958 1957
f 1956 1958 1959
f 1956 1959 1958
f 1960 1961 1962
f 1960 1962 1961
f 1960 1962 1963
f 1960 1963 1962
f 1964 1965 1966
f 1964 1966 1965
f 1964 1966 1967
f 1964 1967 1966
f 1968 1969 1970
f 1968 1970 1969
f 1968 1970 1971
f 1968 1971 1970
f 1972 1973 1974
f 1972 1974 1973
f 1972 1974 1975
f 1972 1975 1974
f 1976 1977 1978
f 1976 1978 1977
f 1976 1978 1979
f 1976 1979 1978
f 1980 1981 1982
f 1980 1982 1981
f 1980 1982 1983
f 1980 1983 1982
f 1984 1985 1986
f 1984 1986 1985
f 1984 1986 1987
f 1984 1987 1986
f 1988 1989 1990
f 1988 1990 1989
f 1988 1990 1991
f 1988 1991 1990
f 1992 1993 1994
f 1992 1994 1993
f 1992 1994 1995
f 1992 1995 1994
f 1996 1997 1998
f 1996 1998 1997
f 1996 1998 1999
f 1996 1999 1998
f 2000 2001 2002
f 2000 2002 2001
f 2000 2002 2003
f 2000 2003 2002
f 2004 2005 2006
f 2004 2006 2005
f 2004 2006 2007
f 2004 2007 2006
f 2008 2009 2010
f 2008 2010 2009
f 2008 2010 2011
f 2008 2011 2010
f 2012 2013 2014
f 2012 2014 2013
f 2012 2014 2015
f 2012 2015 2014
f 2016 2017 2018
f 2016 2018 2017
f 2016 2018 2019
f 2016 2019 2018
f 2020 2021 2022
f 2020 2022 2021
f 2020 2022 2023
f 2020 2023 2022
f 2024 2025 2026
f 2024 2026 2025
f 2024 2026 2027
f 2024 2027 2026
f 2028 2029 2030
f 2028 2030 2029
f 2028 2030 2031
f 2028 2031 2030
f 2028 2031 2032
f 2028 2032 2031
f 2033 2034 2035
f 2033 2035 2034
f 2033 2035 2036
f 2033 2036 2035
f 2037 2038 2039
f 2037 2039 2038
f 2037 2039 2040
f 2037 2040 2039
f 2041 2042 2043
f 2041 2043 2042
f 2041 2043 2044
f 2041 2044 2043
f 2045 2046 2047
f 2045 2047 2046
f 2045 2047 2048
f 2045 2048 2047
f 2049 2050 2051
f 2049 2051 2050
f 2049 2051 2052
f 2049 2052 2051
f 2053 2054 2055
f 2053 2055 2054
f 2053 2055 2056
f 2053 2056 2055
f 2057 2058 2059
f 2057 2059 2058
f 2057 2059 2060
f 2057 2060 2059
f 2061 2062 2063
f 2061 2063 2062
f 2061 2063 2064
f 2061 2064 2063
f 2065 2066 2067
f 2065 2067 2066
f 2065 2067 2068
f 2065 2068 2067
f 2069 2070 2071
f 2069 2071 2070
f 2069 2071 2072
f 2069 2072 2071
f 2073 2074 2075
f 2073 2075 2074
f 2073 2075 2076
f 2073 2076 2075
f 2077 2078 2079
f 2077 2079 2078
f 2077 2079 2080
f 2077 2080 2079
f 2081 2082 2083
f 2081 2083 2082
f 2081 2083 2084
f 2081 2084 2083
f 2085 2086 2087
f 2085 2087 2086
f 2085 2087 2088
f 2085 2088 2087
f 2089 2090 2091
f 2089 2091 2090
f 2089 2091 2092
f 2089 2092 2091
f 2093 2094 2095
f 2093 2095 2094
f 2093 2095 2096
f 2093 2096 2095
f 2097 2098 2099
f 2097 2099 2098
f 2097 2099 2100
f 2097 2100 2099
f 2101 2102 2103
f 2101 2103 2102
f 2101 2103 2104
f 2101 2104 2103
f 2105 2106 2107
f 2105 2107 2106
f 2105 2107 2108
f 2105 2108 2107
f 2109 2110 2111
f 2109 2111 2110
f 2109 2111 2112
f 2109 2112 2111
f 2113 2114 2115
f 2113 2115 2114
f 2113 2115 2116
f 2113 2116 2115
f 2117 2118 2119
f 2117 2119 2118
f 2117 2119 2120
f 2117 2120 2119
f 2121 2122 2123
f 2121 2123 2122
f 2121 2123 2124
f 2121 2124 2123
f 2125 2126 2127
f 2125 2127 2126
f 2125 2127 2128
f 2125 2128 2127
f 2129 2130 2131
f 2129 2131 2130
f 2129 2131 2132
f 2129 2132 2131
f 2133 2134 2135
f 2133 2135 2134
f 2133 2135 2136
f 2133 2136 2135
f 2137 2138 2139
f 2137 2139 2138
f 2137 2139 2140
f 2137 2140 2139
f 2137 2140 2141
f 2137 2141 2140
f 2142 2143 2144
f 2142 2144 2143
f 2142 2144 2145
f 2142 2145 2144
f 2146 2147 2148
f 2146 2148 2147
f 2146 2148 2149
f 2146 2149 2148
f 2150 2151 2152
f 2150 2152 2151
f 2150 2152 2153
f 2150 2153 2152
f 2154 2155 2156
f 2154 2156 2155
f 2154 2156 2157
f 2154 2157 2156
f 2158 2159 2160
f 2158 2160 2159
f 2158 2160 2161
f 2158 2161 2160
f 2162 2163 2164
f 2162 2164 2163
f 2162 2164 2165
f 2162 2165 2164
f 2166 2167 2168
f 2166 2168 2167
f 2166 2168 2169
f 2166 2169 2168
f 2170 2171 2172
f 2170 2172 2171
f 2170 2172 2173
f 2170 2173 2172
f 2174 2175 2176
f 2174 2176 2175
f 2174 2176 2177
f 2174 2177 2176
f 2178 2179 2180
f 2178 2180 2179
f 2178 2180 2181
f 2178 2181 2180
f 2182 2183 2184
f 2182 2184 2183
f 2182 2184 2185
f 2182 2185 2184
f 2186 2187 2188
f 2186 2188 2187
f 2186 2188 2189
f 2186 2189 2188
f 2190 2191 2192
f 2190 2192 2191
f 2190 2192 2193
f 2190 2193 2192
f 2194 2195 2196
f 2194 2196 2195
f 2194 2196 2197
f 2194 2197 2196
f 2198 2199 2200
f 2198 2200 2199
f 2198 2200 2201
f 2198 2201 2200
f 2202 2203 2204
f 2202 2204 2203
f 2202 2204 2205
f 2202 2205 2204
f 2206 2207 2208
f 2206 2208 2207
f 2206 2208 2209
f 2206 2209 2208
f 2210 2211 2212
f 2210 2212 2211
f 2210 2212 2213
f 2210 2213 2212
f 2214 2215 2216
f 2214 2216 2215
f 2214 2216 2217
f 2214 2217 2216
f 2218 2219 2220
f 2218 2220 2219
f 2218 2220 2221
f 2218 2221 2220
f 2222 2223 2224
f 2222 2224 2223
f 2222 2224 2225
f 2222 2225 2224
f 2226 2227 2228
f 2226 2228 2227
f 2226 2228 2229
f 2226 2229 2228
f 2230 2231 2232
f 2230 2232 2231
f 2230 2232 2233
f 2230 2233 2232
f 2234 2235 2236
f 2234 2236 2235
f 2234 2236 2237
f 2234 2237 2236
f 2238 2239 2240
f 2238 2240 2239
f 2238 2240 2241
f 2238 2241 2240
f 2242 2243 2244
f 2242 2244 2243
f 2242 2244 2245
f 2242 2245 2244
f 2246 2247 2248
f 2246 2248 2247
f 2246 2248 2249
f 2246 2249 2248
f 2250 2251 2252
f 2250 2252 2251
f 2250 2252 2253
f 2250 2253 2252
f 2254 2255 2256
f 2254 2256 2255
f 2254 2256 2257
f 2254 2257 2256
f 2258 2259 2260
f 2258 2260 2259
f 2258 2260 2261
f 2258 2261 2260
f 2262 2263 2264
f 2262 2264 2263
f 2262 2264 2265
f 2262 2265 2264
f 2266 2267 2268
f 2266 2268 2267
f 2266 2268 2269
f 2266 2269 2268
f 2270 2271 2272
f 2270 2272 2271
f 2270 2272 2273
f 2270 2273 2272
f 2274 2275 2276
f 2274 2276 2275
f 2274 2276 2277
f 2274 2277 2276
f 2278 2279 2280
f 2278 2280 2279
f 2278 2280 2281
f 2278 2281 2280
f 2282 2283 2284
f 2282 2284 2283
f 2282 2284 2285
f 2282 2285 2284
f 2286 2287 2288
f 2286 2288 2287
f 2286 2288 2289
f 2286 2289 2288
f 2290 2291 2292
f 2290 2292 2291
f 2290 2292 2293
f 2290 2293 2292
f 2294 2295 2296
f 2294 2296 2295
f 2294 2296 2297
f 2294 2297 2296
f 2298 2299 2300
f 2298 2300 2299
f 2298 2300 2301
f 2298 2301 2300
f 2302 2303 2304
f 2302 2304 2303
f 2302 2304 2305
f 2302 2305 2304
f 2306 2307 2308
f 2306 2308 2307
f 2306 2308 2309
f 2306 2309 2308
f 2310 2311 2312
f 2310 2312 2311
f 2310 2312 2313
f 2310 2313 2312
f 2314 2315 2316
f 2314 2316 2315
f 2317 2318 2319
f 2317 2319 2318
f 2320 2321 2322
f 2320 2322 2321
f 2320 2322 2323
f 2320 2323 2322
f 2324 2325 2326
f 2324 2326 2325
f 2324 2326 2327
f 2324 2327 2326
f 2328 2329 2330
f 2328 2330 2329
f 2328 2330 2331
f 2328 2331 2330
f 2332 2333 2334
f 2332 2334 2333
f 2332 2334 2335
f 2332 2335 2334
f 2336 2337 2338
f 2336 2338 2337
f 2336 2338 2339
f 2336 2339 2338
f 2340 2341 2342
f 2340 2342 2341
f 2340 2342 2343
f 2340 2343 2342
f 2344 2345 2346
f 2344 2346 2345
f 2344 2346 2347
f 2344 2347 2346
f 2348 2349 2350
f 2348 2350 2349
f 2348 2350 2351
f 2348 2351 2350
f 2352 2353 2354
f 2352 2354 2353
f 2352 2354 2355
f 2352 2355 2354
f 2356 2357 2358
f 2356 2358 2357
f 2356 2358 2359
f 2356 2359 2358
f 2360 2361 2362
f 2360 2362 2361
f 2360 2362 2363
f 2360 2363 2362
f 2364 2365 2366
f 2364 2366 2365
f 2364 2366 2367
f 2364 2367 2366
f 2368 2369 2370
f 2368 2370 2369
f 2368 2370 2371
f 2368 2371 2370
f 2372 2373 2374
f 2372 2374 2373
f 2372 2374 2375
f 2372 2375 2374
f 2376 2377 2378
f 2376 2378 2377
f 2376 2378 2379
f 2376 2379 2378
f 2380 2381 2382
f 2380 2382 2381
f 2380 2382 2383
f 2380 2383 2382
f 2384 2385 2386
f 2384 2386 2385
f 2384 2386 2387
f 2384 2387 2386
f 2388 2389 2390
f 2388 2390 2389
f 2388 2390 2391
f 2388 2391 2390
f 2392 2393 2394
f 2392 2394 2393
f 2392 2394 2395
f 2392 2395 2394
f 2396 2397 2398
f 2396 2398 2397
f 2396 2398 2399
f 2396 2399 2398
f 2400 2401 2402
f 2400 2402 2401
f 2400 2402 2403
f 2400 2403 2402
f 2404 2405 2406
f 2404 2406 2405
f 2404 2406 2407
f 2404 2407 2406
f 2408 2409 2410
f 2408 2410 2409
f 2408 2410 2411
f 2408 2411 2410
f 2412 2413 2414
f 2412 2414 2413
f 2412 2414 2415
f 2412 2415 2414
f 2416 2417 2418
f 2416 2418 2417
f 2416 2418 2419
f 2416 2419 2418
f 2420 2421 2422
f 2420 2422 2421
f 2420 2422 2423
f 2420 2423 2422
f 2424 2425 2426
f 2424 2426 2425
f 2424 2426 2427
f 2424 2427 2426
f 2428 2429 2430
f 2428 2430 2429
f 2428 2430 2431
f 2428 2431 2430
f 2432 2433 2434
f 2432 2434 2433
f 2432 2434 2435
f 2432 2435 2434
f 2436 2437 2438
f 2436 2438 2437
f 2436 2438 2439
f 2436 2439 2438
f 2440 2441 2442
f 2440 2442 2441
f 2440 2442 2443
f 2440 2443 2442
f 2444 2445 2446
f 2444 2446 2445
f 2444 2446 2447
f 2444 2447 2446
f 2448 2449 2450
f 2448 2450 2449
f 2448 2450 2451
f 2448 2451 2450
f 2452 2453 2454
f 2452 2454 2453
f 2452 2454 2455
f 2452 2455 2454
f 2456 2457 2458
f 2456 2458 2457
f 2456 2458 2459
f 2456 2459 2458
f 2460 2461 2462
f 2460 2462 2461
f 2460 2462 2463
f 2460 2463 2462
f 2464 2465 2466
f 2464 2466 2465
f 2464 2466 2467
f 2464 2467 2466
f 2468 2469 2470
f 2468 2470 2469
f 2468 2470 2471
f 2468 2471 2470
f 2472 2473 2474
f 2472 2474 2473
f 2472 2474 2475
f 2472 2475 2474
f 2476 2477 2478
f 2476 2478 2477
f 2476 2478 2479
f 2476 2479 2478
f 2480 2481 2482
f 2480 2482 2481
f 2480 2482 2483
f 2480 2483 2482
f 2484 2485 2486
f 2484 2486 2485
f 2484 2486 2487
f 2484 2487 2486
f 2488 2489 2490
f 2488 2490 2489
f 2488 2490 2491
f 2488 2491 2490
f 2492 2493 2494
f 2492 2494 2493
f 2492 2494 2495
f 2492 2495 2494
f 2492 2495 2496
f 2492 2496 2495
f 2497 2498 2499
f 2497 2499 2498
f 2497 2499 2500
f 2497 2500 2499
f 2501 2502 2503
f 2501 2503 2502
f 2501 2503 2504
f 2501 2504 2503
f 2505 2506 2507
f 2505 2507 2506
f 2505 2507 2508
f 2505 2508 2507
f 2509 2510 2511
f 2509 2511 2510
f 2509 2511 2512
f 2509 2512 2511
f 2513 2514 2515
f 2513 2515 2514
f 2513 2515 2516
f 2513 2516 2515
f 2517 2518 2519
f 2517 2519 2518
f 2517 2519 2520
f 2517 2520 2519
f 2521 2522 2523
f 2521 2523 2522
f 2521 2523 2524
f 2521 2524 2523
f 2525 2526 2527
f 2525 2527 2526
f 2525 2527 2528
f 2525 2528 2527
f 2529 2530 2531
f 2529 2531 2530
f 2529 2531 2532
f 2529 2532 2531
f 2533 2534 2535
f 2533 2535 2534
f 2533 2535 2536
f 2533 2536 2535
f 2537 2538 2539
f 2537 2539 2538
f 2537 2539 2540
f 2537 2540 2539
f 2541 2542 2543
f 2541 2543 2542
f 2541 2543 2544
f 2541 2544 2543
f 2545 2546 2547
f 2545 2547 2546
f 2545 2547 2548
f 2545 2548 2547
f 2549 2550 2551
f 2549 2551 2550
f 2549 2551 2552
f 2549 2552 2551
f 2553 2554 2555
f 2553 2555 2554
f 2553 2555 2556
f 2553 2556 2555
f 2557 2558 2559
f 2557 2559 2558
f 2557 2559 2560
f 2557 2560 2559
f 2561 2562 2563
f 2561 2563 2562
f 2561 2563 2564
f 2561 2564 2563
f 2565 2566 2567
f 2565 2567 2566
f 2565 2567 2568
f 2565 2568 2567
f 2569 2570 2571
f 2569 2571 2570
f 2569 2571 2572
f 2569 2572 2571
f 2573 2574 2575
f 2573 2575 2574
f 2573 2575 2576
f 2573 2576 2575
f 2577 2578 2579
f 2577 2579 2578
f 2577 2579 2580
f 2577 2580 2579
f 2581 2582 2583
f 2581 2583 2582
f 2581 2583 2584
f 2581 2584 2583
f 2585 2586 2587
f 2585 2587 2586
f 2585 2587 2588
f 2585 2588 2587
f 2589 2590 2591
f 2589 2591 2590
f 2589 2591 2592
f 2589 2592 2591
f 2593 2594 2595
f 2593 2595 2594
f 2593 2595 2596
f 2593 2596 2595
f 2597 2598 2599
f 2597 2599 2598
f 2597 2599 2600
f 2597 2600 2599
f 2601 2602 2603
f 2601 2603 2602
f 2601 2603 2604
f 2601 2604 2603
f 2601 2604 2605
f 2601 2605 2604
f 2606 2607 2608
f 2606 2608 2607
f 2606 2608 2609
f 2606 2609 2608
f 2610 2611 2612
f 2610 2612 2611
f 2610 2612 2613
f 2610 2613 2612
f 2614 2615 2616
f 2614 2616 2615
f 2614 2616 2617
f 2614 2617 2616
f 2618 2619 2620
f 2618 2620 2619
f 2618 2620 2621
f 2618 2621 2620
f 2622 2623 2624
f 2622 2624 2623
f 2622 2624 2625
f 2622 2625 2624
f 2626 2627 2628
f 2626 2628 2627
f 2626 2628 2629
f 2626 2629 2628
f 2630 2631 2632
f 2630 2632 2631
f 2630 2632 2633
f 2630 2633 2632
f 2634 2635 2636
f 2634 2636 2635
f 2634 2636 2637
f 2634 2637 2636
f 2638 2639 2640
f 2638 2640 2639
f 2638 2640 2641
f 2638 2641 2640
f 2642 2643 2644
f 2642 2644 2643
f 2642 2644 2645
f 2642 2645 2644
f 2646 2647 2648
f 2646 2648 2647
f 2646 2648 2649
f 2646 2649 2648
f 2650 2651 2652
f 2650 2652 2651
f 2650 2652 2653
f 2650 2653 2652
f 2654 2655 2656
f 2654 2656 2655
f 2654 2656 2657
f 2654 2657 2656
f 2658 2659 2660
f 2658 2660 2659
f 2658 2660 2661
f 2658 2661 2660
f 2662 2663 2664
f 2662 2664 2663
f 2662 2664 2665
f 2662 2665 2664
f 2666 2667 2668
f 2666 2668 2667
f 2666 2668 2669
f 2666 2669 2668
f 2670 2671 2672
f 2670 2672 2671
f 2670 2672 2673
f 2670 2673 2672
f 2674 2675 2676
f 2674 2676 2675
f 2674 2676 2677
f 2674 2677 2676
f 2678 2679 2680
f 2678 2680 2679
f 2678 2680 2681
f 2678 2681 2680
f 2682 2683 2684
f 2682 2684 2683
f 2682 2684 2685
f 2682 2685 2684
f 2686 2687 2688
f 2686 2688 2687
f 2686 2688 2689
f 2686 2689 2688
f 2690 2691 2692
f 2690 2692 2691
f 2690 2692 2693
f 2690 2693 2692
f 2694 2695 2696
f 2694 2696 2695
f 2694 2696 2697
f 2694 2697 2696
f 2698 2699 2700
f 2698 2700 2699
f 2698 2700 2701
f 2698 2701 2700
f 2702 2703 2704
f 2702 2704 2703
f 2702 2704 2705
f 2702 2705 2704
f 2706 2707 2708
f 2706 2708 2707
f 2706 2708 2709
f 2706 2709 2708
f 2710 2711 2712
f 2710 2712 2711
f 2710 2712 2713
f 2710 2713 2712
f 2714 2715 2716
f 2714 2716 2715
f 2714 2716 2717
f 2714 2717 2716
f 2718 2719 2720
f 2718 2720 2719
f 2718 2720 2721
f 2718 2721 2720
f 2722 2723 2724
f 2722 2724 2723
f 2722 2724 2725
f 2722 2725 2724
f 2726 2727 2728
f 2726 2728 2727
f 2726 2728 2729
f 2726 2729 2728
f 2730 2731 2732
f 2730 2732 2731
f 2730 2732 2733
f 2730 2733 2732
f 2734 2735 2736
f 2734 2736 2735
f 2734 2736 2737
f 2734 2737 2736
f 2738 2739 2740
f 2738 2740 2739
f 2738 2740 2741
f 2738 2741 2740
f 2742 2743 2744
f 2742 2744 2743
f 2742 2744 2745
f 2742 2745 2744
f 2746 2747 2748
f 2746 2748 2747
f 2746 2748 2749
f 2746 2749 2748
f 2750 2751 2752
f 2750 2752 2751
f 2750 2752 2753
f 2750 2753 2752
f 2754 2755 2756
f 2754 2756 2755
f 2754 2756 2757
f 2754 2757 2756
f 2758 2759 2760
f 2758 2760 2759
f 2758 2760 2761
f 2758 2761 2760
f 2762 2763 2764
f 2762 2764 2763
f 2762 2764 2765
f 2762 2765 2764
f 2766 2767 2768
f 2766 2768 2767
f 2766 2768 2769
f 2766 2769 2768
f 2770 2771 2772
f 2770 2772 2771
f 2770 2772 2773
f 2770 2773 2772
f 2774 2775 2776
f 2774 2776 2775
f 2774 2776 2777
f 2774 2777 2776
f 2778 2779 2780
f 2778 2780 2779
f 2781 2782 2783
f 2781 2783 2782
f 2784 2785 2786
f 2784 2786 2785
f 2784 2786 2787
f 2784 2787 2786
f 2788 2789 2790
f 2788 2790 2789
f 2788 2790 2791
f 2788 2791 2790
f 2792 2793 2794
f 2792 2794 2793
f 2792 2794 2795
f 2792 2795 2794
f 2796 2797 2798
f 2796 2798 2797
f 2796 2798 2799
f 2796 2799 2798
f 2800 2801 2802
f 2800 2802 2801
f 2800 2802 2803
f 2800 2803 2802
f 2804 2805 2806
f 2804 2806 2805
f 2804 2806 2807
f 2804 2807 2806
f 2808 2809 2810
f 2808 2810 2809
f 2808 2810 2811
f 2808 2811 2810
f 2812 2813 2814
f 2812 2814 2813
f 2812 2814 2815
f 2812 2815 2814
f 2816 2817 2818
f 2816 2818 2817
f 2816 2818 2819
f 2816 2819 2818
f 2820 2821 2822
f 2820 2822 2821
f 2820 2822 2823
f 2820 2823 2822
f 2824 2825 2826
f 2824 2826 2825
f 2824 2826 2827
f 2824 2827 2826
f 2828 2829 2830
f 2828 2830 2829
f 2828 2830 2831
f 2828 2831 2830
f 2832 2833 2834
f 2832 2834 2833
f 2832 2834 2835
f 2832 2835 2834
f 2836 2837 2838
f 2836 2838 2837
f 2836 2838 2839
f 2836 2839 2838
f 2840 2841 2842
f 2840 2842 2841
f 2840 2842 2843
f 2840 2843 2842
f 2844 2845 2846
f 2844 2846 2845
f 2844 2846 2847
f 2844 2847 2846
f 2848 2849 2850
f 2848 2850 2849
f 2848 2850 2851
f 2848 2851 2850
f 2852 2853 2854
f 2852 2854 2853
f 2852 2854 2855
f 2852 2855 2854
f 2856 2857 2858
f 2856 2858 2857
f 2856 2858 2859
f 2856 2859 2858
f 2860 2861 2862
f 2860 2862 2861
f 2860 2862 2863
f 2860 2863 2862
f 2864 2865 2866
f 2864 2866 2865
f 2864 2866 2867
f 2864 2867 2866
f 2868 2869 2870
f 2868 2870 2869
f 2868 2870 2871
f 2868 2871 2870
f 2872 2873 2874
f 2872 2874 2873
f 2872 2874 2875
f 2872 2875 2874
f 2876 2877 2878
f 2876 2878 2877
f 2876 2878 2879
f 2876 2879 2878
f 2880 2881 2882
f 2880 2882 2881
f 2880 2882 2883
f 2880 2883 2882
f 2884 2885 2886
f 2884 2886 2885
f 2884 2886 2887
f 2884 2887 2886
f 2888 2889 2890
f 2888 2890 2889
f 2888 2890 2891
f 2888 2891 2890
f 2892 2893 2894
f 2892 2894 2893
f 2892 2894 2895
f 2892 2895 2894
f 2896 2897 2898
f 2896 2898 2897
f 2896 2898 2899
f 2896 2899 2898
f 2900 2901 2902
f 2900 2902 2901
f 2900 2902 2903
f 2900 2903 2902
f 2904 2905 2906
f 2904 2906 2905
f 2904 2906 2907
f 2904 2907 2906
f 2908 2909 2910
f 2908 2910 2909
f 2908 2910 2911
f 2908 2911 2910
f 2912 2913 2914
f 2912 2914 2913
f 2912 2914 2915
f 2912 2915 2914
f 2916 2917 2918
f 2916 2918 2917
f 2916 2918 2919
f 2916 2919 2918
f 2920 2921 2922
f 2920 2922 2921
f 2920 2922 2923
f 2920 2923 2922
f 2924 2925 2926
f 2924 2926 2925
f 2924 2926 2927
f 2924 2927 2926
f 2928 2929 2930
f 2928 2930 2929
f 2928 2930 2931
f 2928 2931 2930
f 2932 2933 2934
f 2932 2934 2933
f 2932 2934 2935
f 2932 2935 2934
f 2936 2937 2938
f 2936 2938 2937
f 2936 2938 2939
f 2936 2939 2938
f 2940 2941 2942
f 2940 2942 2941
f 2940 2942 2943
f 2940 2943 2942
f 2944 2945 2946
f 2944 2946 2945
f 2944 2946 2947
f 2944 2947 2946
f 2948 2949 2950
f 2948 2950 2949
f 2948 2950 2951
f 2948 2951 2950
f 2952 2953 2954
f 2952 2954 2953
f 2952 2954 2955
f 2952 2955 2954
f 2956 2957 2958
f 2956 2958 2957
f 2956 2958 2959
f 2956 2959 2958
f 2960 2961 2962
f 2960 2962 2961
f 2960 2962 2963
f 2960 2963 2962
f 2964 2965 2966
f 2964 2966 2965
f 2964 2966 2967
f 2964 2967 2966
f 2968 2969 2970
f 2968 2970 2969
f 2968 2970 2971
f 2968 2971 2970
f 2972 2973 2974
f 2972 2974 2973
f 2972 2974 2975
f 2972 2975 2974
f 2976 2977 2978
f 2976 2978 2977
f 2976 2978 2979
f 2976 2979 2978
f 2980 2981 2982
f 2980 2982 2981
f 2980 2982 2983
f 2980 2983 2982
f 2984 2985 2986
f 2984 2986 2985
f 2984 2986 2987
f 2984 2987 2986
f 2988 2989 2990
f 2988 2990 2989
f 2988 2990 2991
f 2988 2991 2990
f 2992 2993 2994
f 2992 2994 2993
f 2992 2994 2995
f 2992 2995 2994
f 2996 2997 2998
f 2996 2998 2997
f 2996 2998 2999
f 2996 2999 2998
f 3000 3001 3002
f 3000 3002 3001
f 3000 3002 3003
f 3000 3003 3002
f 3004 3005 3006
f 3004 3006 3005
f 3004 3006 3007
f 3004 3007 3006
f 3008 3009 3010
f 3008 3010 3009
f 3008 3010 3011
f 3008 3011 3010
f 3012 3013 3014
f 3012 3014 3013
f 3012 3014 3015
f 3012 3015 3014
f 3016 3017 3018
f 3016 3018 3017
f 3016 3018 3019
f 3016 3019 3018
f 3020 3021 3022
f 3020 3022 3021
f 3020 3022 3023
f 3020 3023 3022
f 3024 3025 3026
f 3024 3026 3025
f 3024 3026 3027
f 3024 3027 3026
f 3028 3029 3030
f 3028 3030 3029
f 3028 3030 3031
f 3028 3031 3030
f 3032 3033 3034
f 3032 3034 3033
f 3032 3034 3035
f 3032 3035 3034
f 3036 3037 3038
f 3036 3038 3037
f 3036 3038 3039
f 3036 3039 3038
f 3040 3041 3042
f 3040 3042 3041
f 3040 3042 3043
f 3040 3043 3042
f 3044 3045 3046
f 3044 3046 3045
f 3044 3046 3047
f 3044 3047 3046
f 3048 3049 3050
f 3048 3050 3049
f 3048 3050 3051
f 3048 3051 3050
f 3052 3053 3054
f 3052 3054 3053
f 3052 3054 3055
f 3052 3055 3054
f 3056 3057 3058
f 3056 3058 3057
f 3056 3058 3059
f 3056 3059 3058
f 3060 3061 3062
f 3060 3062 3061
f 3060 3062 3063
f 3060 3063 3062
f 3064 3065 3066
f 3064 3066 3065
f 3064 3066 3067
f 3064 3067 3066
f 3068 3069 3070
f 3068 3070 3069
f 3068 3070 3071
f 3068 3071 3070
f 3072 3073 3074
f 3072 3074 3073
f 3072 3074 3075
f 3072 3075 3074
f 3076 3077 3078
f 3076 3078 3077
f 3076 3078 3079
f 3076 3079 3078
f 3080 3081 3082
f 3080 3082 3081
f 3080 3082 3083
f 3080 3083 3082
f 3084 3085 3086
f 3084 3086 3085
f 3084 3086 3087
f 3084 3087 3086
f 3088 3089 3090
f 3088 3090 3089
f 3088 3090 3091
f 3088 3091 3090
f 3092 3093 3094
f 3092 3094 3093
f 3092 3094 3095
f 3092 3095 3094
f 3096 3097 3098
f 3096 3098 3097
f 3096 3098 3099
f 3096 3099 3098
f 3100 3101 3102
f 3100 3102 3101
f 3100 3102 3103
f 3100 3103 3102
f 3104 3105 3106
f 3104 3106 3105
f 3104 3106 3107
f 3104 3107 3106
f 3108 3109 3110
f 3108 3110 3109
f 3108 3110 3111
f 3108 3111 3110
f 3112 3113 3114
f 3112 3114 3113
f 3112 3114 3115
f 3112 3115 3114
f 3116 3117 3118
f 3116 3118 3117
f 3116 3118 3119
f 3116 3119 3118
f 3120 3121 3122
f 3120 3122 3121
f 3120 3122 3123
f 3120 3123 3122
f 3124 3125 3126
f 3124 3126 3125
f 3124 3126 3127
f 3124 3127 3126
f 3128 3129 3130
f 3128 3130 3129
f 3128 3130 3131
f 3128 3131 3130
f 3132 3133 3134
f 3132 3134 3133
f 3132 3134 3135
f 3132 3135 3134
f 3136 3137 3138
f 3136 3138 3137
f 3136 3138 3139
f 3136 3139 3138
f 3140 3141 3142
f 3140 3142 3141
f 3140 3142 3143
f 3140 3143 3142
f 3144 3145 3146
f 3144 3146 3145
f 3144 3146 3147
f 3144 3147 3146
f 3148 3149 3150
f 3148 3150 3149
f 3148 3150 3151
f 3148 3151 3150
f 3152 3153 3154
f 3152 3154 3153
f 3152 3154 3155
f 3152 3155 3154
f 3156 3157 3158
f 3156 3158 3157
f 3156 3158 3159
f 3156 3159 3158
f 3160 3161 3162
f 3160 3162 3161
f 3160 3162 3163
f 3160 3163 3162
f 3164 3165 3166
f 3164 3166 3165
f 3164 3166 3167
f 3164 3167 3166
f 3168 3169 3170
f 3168 3170 3169
f 3168 3170 3171
f 3168 3171 3170
f 3172 3173 3174
f 3172 3174 3173
f 3172 3174 3175
f 3172 3175 3174
f 3176 3177 3178
f 3176 3178 3177
f 3176 3178 3179
f 3176 3179 3178
f 3180 3181 3182
f 3180 3182 3181
f 3180 3182 3183
f 3180 3183 3182
f 3184 3185 3186
f 3184 3186 3185
f 3184 3186 3187
f 3184 3187 3186
f 3188 3189 3190
f 3188 3190 3189
f 3188 3190 3191
f 3188 3191 3190
f 3192 3193 3194
f 3192 3194 3193
f 3192 3194 3195
f 3192 3195 3194
f 3196 3197 3198
f 3196 3198 3197
f 3196 3198 3199
f 3196 3199 3198
f 3200 3201 3202
f 3200 3202 3201
f 3200 3202 3203
f 3200 3203 3202
f 3204 3205 3206
f 3204 3206 3205
f 3204 3206 3207
f 3204 3207 3206
f 3208 3209 3210
f 3208 3210 3209
f 3208 3210 3211
f 3208 3211 3210
f 3212 3213 3214
f 3212 3214 3213
f 3212 3214 3215
f 3212 3215 3214
f 3216 3217 3218
f 3216 3218 3217
f 3216 3218 3219
f 3216 3219 3218
f 3220 3221 3222
f 3220 3222 3221
f 3220 3222 3223
f 3220 3223 3222
f 3224 3225 3226
f 3224 3226 3225
f 3224 3226 3227
f 3224 3227 3226
f 3228 3229 3230
f 3228 3230 3229
f 3228 3230 3231
f 3228 3231 3230
f 3232 3233 3234
f 3232 3234 3233
f 3232 3234 3235
f 3232 3235 3234
f 3236 3237 3238
f 3236 3238 3237
f 3236 3238 3239
f 3236 3239 3238
f 3240 3241 3242
f 3240 3242 3241
f 3243 3244 3245
f 3243 3245 3244
f 3246 3247 3248
f 3246 3248 3247
f 3246 3248 3249
f 3246 3249 3248
f 3250 3251 3252
f 3250 3252 3251
f 3250 3252 3253
f 3250 3253 3252
f 3254 3255 3256
f 3254 3256 3255
f 3254 3256 3257
f 3254 3257 3256
f 3258 3259 3260
f 3258 3260 3259
f 3258 3260 3261
f 3258 3261 3260
f 3262 3263 3264
f 3262 3264 3263
f 3262 3264 3265
f 3262 3265 3264
f 3266 3267 3268
f 3266 3268 3267
f 3266 3268 3269
f 3266 3269 3268
f 3270 3271 3272
f 3270 3272 3271
f 3270 3272 3273
f 3270 3273 3272
f 3274 3275 3276
f 3274 3276 3275
f 3274 3276 3277
f 3274 3277 3276
f 3278 3279 3280
f 3278 3280 3279
f 3278 3280 3281
f 3278 3281 3280
f 3282 3283 3284
f 3282 3284 3283
f 3282 3284 3285
f 3282 3285 3284
f 3286 3287 3288
f 3286 3288 3287
f 3286 3288 3289
f 3286 3289 3288
f 3290 3291 3292
f 3290 3292 3291
f 3290 3292 3293
f 3290 3293 3292
f 3294 3295 3296
f 3294 3296 3295
f 3294 3296 3297
f 3294 3297 3296
f 3298 3299 3300
f 3298 3300 3299
f 3298 3300 3301
f 3298 3301 3300
f 3302 3303 3304
f 3302 3304 3303
f 3302 3304 3305
f 3302 3305 3304
f 3306 3307 3308
f 3306 3308 3307
f 3306 3308 3309
f 3306 3309 3308
f 3310 3311 3312
f 3310 3312 3311
f 3310 3312 3313
f 3310 3313 3312
f 3314 3315 3316
f 3314 3316 3315
f 3314 3316 3317
f 3314 3317 3316
f 3318 3319 3320
f 3318 3320 3319
f 3318 3320 3321
f 3318 3321 3320
f 3322 3323 3324
f 3322 3324 3323
f 3322 3324 3325
f 3322 3325 3324
f 3326 3327 3328
f 3326 3328 3327
f 3326 3328 3329
f 3326 3329 3328
f 3330 3331 3332
f 3330 3332 3331
f 3330 3332 3333
f 3330 3333 3332
f 3334 3335 3336
f 3334 3336 3335
f 3334 3336 3337
f 3334 3337 3336
f 3338 3339 3340
f 3338 3340 3339
f 3338 3340 3341
f 3338 3341 3340
f 3342 3343 3344
f 3342 3344 3343
f 3342 3344 3345
f 3342 3345 3344
f 3346 3347 3348
f 3346 3348 3347
f 3346 3348 3349
f 3346 3349 3348
f 3350 3351 3352
f 3350 3352 3351
f 3350 3352 3353
f 3350 3353 3352
f 3354 3355 3356
f 3354 3356 3355
f 3354 3356 3357
f 3354 3357 3356
f 3358 3359 3360
f 3358 3360 3359
f 3358 3360 3361
f 3358 3361 3360
f 3362 3363 3364
f 3362 3364 3363
f 3362 3364 3365
f 3362 3365 3364
f 3366 3367 3368
f 3366 3368 3367
f 3366 3368 3369
f 3366 3369 3368
f 3370 3371 3372
f 3370 3372 3371
f 3370 3372 3373
f 3370 3373 3372
f 3374 3375 3376
f 3374 3376 3375
f 3374 3376 3377
f 3374 3377 3376
f 3378 3379 3380
f 3378 3380 3379
f 3378 3380 3381
f 3378 3381 3380
f 3382 3383 3384
f 3382 3384 3383
f 3382 3384 3385
f 3382 3385 3384
f 3386 3387 3388
f 3386 3388 3387
f 3386 3388 3389
f 3386 3389 3388
f 3390 3391 3392
f 3390 3392 3391
f 3390 3392 3393
f 3390 3393 3392
f 3394 3395 3396
f 3394 3396 3395
f 3394 3396 3397
f 3394 3397 3396
f 3398 3399 3400
f 3398 3400 3399
f 3398 3400 3401
f 3398 3401 3400
f 3402 3403 3404
f 3402 3404 3403
f 3402 3404 3405
f 3402 3405 3404
f 3406 3407 3408
f 3406 3408 3407
f 3406 3408 3409
f 3406 3409 3408
f 3410 3411 3412
f 3410 3412 3411
f 3410 3412 3413
f 3410 3413 3412
f 3414 3415 3416
f 3414 3416 3415
f 3414 3416 3417
f 3414 3417 3416
f 3418 3419 3420
f 3418 3420 3419
f 3418 3420 3421
f 3418 3421 3420
f 3422 3423 3424
f 3422 3424 3423
f 3422 3424 3425
f 3422 3425 3424
f 3426 3427 3428
f 3426 3428 3427
f 3426 3428 3429
f 3426 3429 3428
f 3430 3431 3432
f 3430 3432 3431
f 3430 3432 3433
f 3430 3433 3432
f 3434 3435 3436
f 3434 3436 3435
f 3434 3436 3437
f 3434 3437 3436
f 3438 3439 3440
f 3438 3440 3439
f 3438 3440 3441
f 3438 3441 3440
f 3442 3443 3444
f 3442 3444 3443
f 3442 3444 3445
f 3442 3445 3444
f 3446 3447 3448
f 3446 3448 3447
f 3446 3448 3449
f 3446 3449 3448
f 3450 3451 3452
f 3450 3452 3451
f 3450 3452 3453
f 3450 3453 3452
f 3454 3455 3456
f 3454 3456 3455
f 3454 3456 3457
f 3454 3457 3456
f 3458 3459 3460
f 3458 3460 3459
f 3458 3460 3461
f 3458 3461 3460
f 3462 3463 3464
f 3462 3464 3463
f 3462 3464 3465
f 3462 3465 3464
f 3466 3467 3468
f 3466 3468 3467
f 3466 3468 3469
f 3466 3469 3468
f 3470 3471 3472
f 3470 3472 3471
f 3470 3472 3473
f 3470 3473 3472
f 3474 3475 3476
f 3474 3476 3475
f 3474 3476 3477
f 3474 3477 3476
f 3478 3479 3480
f 3478 3480 3479
f 3478 3480 3481
f 3478 3481 3480
f 3482 3483 3484
f 3482 3484 3483
f 3482 3484 3485
f 3482 3485 3484
f 3486 3487 3488
f 3486 3488 3487
f 3486 3488 3489
f 3486 3489 3488
f 3490 3491 3492
f 3490 3492 3491
f 3490 3492 3493
f 3490 3493 3492
f 3494 3495 3496
f 3494 3496 3495
f 3494 3496 3497
f 3494 3497 3496
f 3498 3499 3500
f 3498 3500 3499
f 3498 3500 3501
f 3498 3501 3500
f 3502 3503 3504
f 3502 3504 3503
f 3502 3504 3505
f 3502 3505 3504
f 3506 3507 3508
f 3506 3508 3507
f 3506 3508 3509
f 3506 3509 3508
f 3510 3511 3512
f 3510 3512 3511
f 3510 3512 3513
f 3510 3513 3512
f 3514 3515 3516
f 3514 3516 3515
f 3514 3516 3517
f 3514 3517 3516
f 3518 3519 3520
f 3518 3520 3519
f 3518 3520 3521
f 3518 3521 3520
f 3522 3523 3524
f 3522 3524 3523
f 3522 3524 3525
f 3522 3525 3524
f 3526 3527 3528
f 3526 3528 3527
f 3526 3528 3529
f 3526 3529 3528
f 3530 3531 3532
f 3530 3532 3531
f 3530 3532 3533
f 3530 3533 3532
f 3534 3535 3536
f 3534 3536 3535
f 3534 3536 3537
f 3534 3537 3536
f 3538 3539 3540
f 3538 3540 3539
f 3538 3540 3541
f 3538 3541 3540
f 3542 3543 3544
f 3542 3544 3543
f 3542 3544 3545
f 3542 3545 3544
f 3546 3547 3548
f 3546 3548 3547
f 3546 3548 3549
f 3546 3549 3548
f 3550 3551 3552
f 3550 3552 3551
f 3550 3552 3553
f 3550 3553 3552
f 3554 3555 3556
f 3554 3556 3555
f 3554 3556 3557
f 3554 3557 3556
f 3558 3559 3560
f 3558 3560 3559
f 3558 3560 3561
f 3558 3561 3560
f 3562 3563 3564
f 3562 3564 3563
f 3562 3564 3565
f 3562 3565 3564
f 3566 3567 3568
f 3566 3568 3567
f 3566 3568 3569
f 3566 3569 3568
f 3570 3571 3572
f 3570 3572 3571
f 3570 3572 3573
f 3570 3573 3572
f 3574 3575 3576
f 3574 3576 3575
f 3574 3576 3577
f 3574 3577 3576
f 3578 3579 3580
f 3578 3580 3579
f 3578 3580 3581
f 3578 3581 3580
f 3582 3583 3584
f 3582 3584 3583
f 3582 3584 3585
f 3582 3585 3584
f 3586 3587 3588
f 3586 3588 3587
f 3586 3588 3589
f 3586 3589 3588
f 3590 3591 3592
f 3590 3592 3591
f 3590 3592 3593
f 3590 3593 3592
f 3594 3595 3596
f 3594 3596 3595
f 3594 3596 3597
f 3594 3597 3596
f 3598 3599 3600
f 3598 3600 3599
f 3598 3600 3601
f 3598 3601 3600
f 3602 3603 3604
f 3602 3604 3603
f 3602 3604 3605
f 3602 3605 3604
f 3606 3607 3608
f 3606 3608 3607
f 3606 3608 3609
f 3606 3609 3608
f 3610 3611 3612
f 3610 3612 3611
f 3610 3612 3613
f 3610 3613 3612
f 3614 3615 3616
f 3614 3616 3615
f 3614 3616 3617
f 3614 3617 3616
f 3618 3619 3620
f 3618 3620 3619
f 3618 3620 3621
f 3618 3621 3620
f 3622 3623 3624
f 3622 3624 3623
f 3622 3624 3625
f 3622 3625 3624
f 3626 3627 3628
f 3626 3628 3627
f 3626 3628 3629
f 3626 3629 3628
f 3630 3631 3632
f 3630 3632 3631
f 3630 3632 3633
f 3630 3633 3632
f 3634 3635 3636
f 3634 3636 3635
f 3634 3636 3637
f 3634 3637 3636
f 3638 3639 3640
f 3638 3640 3639
f 3638 3640 3641
f 3638 3641 3640
f 3642 3643 3644
f 3642 3644 3643
f 3642 3644 3645
f 3642 3645 3644
f 3646 3647 3648
f 3646 3648 3647
f 3646 3648 3649
f 3646 3649 3648
f 3650 3651 3652
f 3650 3652 3651
f 3650 3652 3653
f 3650 3653 3652
f 3654 3655 3656
f 3654 3656 3655
f 3654 3656 3657
f 3654 3657 3656
f 3658 3659 3660
f 3658 3660 3659
f 3658 3660 3661
f 3658 3661 3660
f 3662 3663 3664
f 3662 3664 3663
f 3662 3664 3665
f 3662 3665 3664
f 3666 3667 3668
f 3666 3668 3667
f 3666 3668 3669
f 3666 3669 3668
f 3670 3671 3672
f 3670 3672 3671
f 3670 3672 3673
f 3670 3673 3672
f 3674 3675 3676
f 3674 3676 3675
f 3674 3676 3677
f 3674 3677 3676
f 3678 3679 3680
f 3678 3680 3679
f 3678 3680 3681
f 3678 3681 3680
f 3682 3683 3684
f 3682 3684 3683
f 3682 3684 3685
f 3682 3685 3684
f 3686 3687 3688
f 3686 3688 3687
f 3686 3688 3689
f 3686 3689 3688
f 3690 3691 3692
f 3690 3692 3691
f 3690 3692 3693
f 3690 3693 3692
f 3694 3695 3696
f 3694 3696 3695
f 3694 3696 3697
f 3694 3697 3696
f 3698 3699 3700
f 3698 3700 3699
f 3698 3700 3701
f 3698 3701 3700
f 3702 3703 3704
f 3702 3704 3703
f 3705 3706 3707
f 3705 3707 3706
f 3708 3709 3710
f 3708 3710 3709
f 3708 3710 3711
f 3708 3711 3710
f 3712 3713 3714
f 3712 3714 3713
f 3712 3714 3715
f 3712 3715 3714
f 3716 3717 3718
f 3716 3718 3717
f 3716 3718 3719
f 3716 3719 3718
f 3720 3721 3722
f 3720 3722 3721
f 3720 3722 3723
f 3720 3723 3722
f 3724 3725 3726
f 3724 3726 3725
f 3724 3726 3727
f 3724 3727 3726
f 3728 3729 3730
f 3728 3730 3729
f 3728 3730 3731
f 3728 3731 3730
f 3732 3733 3734
f 3732 3734 3733
f 3732 3734 3735
f 3732 3735 3734
f 3736 3737 3738
f 3736 3738 3737
f 3736 3738 3739
f 3736 3739 3738
f 3740 3741 3742
f 3740 3742 3741
f 3740 3742 3743
f 3740 3743 3742
f 3744 3745 3746
f 3744 3746 3745
f 3744 3746 3747
f 3744 3747 3746
f 3748 3749 3750
f 3748 3750 3749
f 3748 3750 3751
f 3748 3751 3750
f 3752 3753 3754
f 3752 3754 3753
f 3752 3754 3755
f 3752 3755 3754
f 3756 3757 3758
f 3756 3758 3757
f 3756 3758 3759
f 3756 3759 3758
f 3760 3761 3762
f 3760 3762 3761
f 3760 3762 3763
f 3760 3763 3762
f 3764 3765 3766
f 3764 3766 3765
f 3764 3766 3767
f 3764 3767 3766
f 3768 3769 3770
f 3768 3770 3769
f 3768 3770 3771
f 3768 3771 3770
f 3772 3773 3774
f 3772 3774 3773
f 3772 3774 3775
f 3772 3775 3774
f 3776 3777 3778
f 3776 3778 3777
f 3776 3778 3779
f 3776 3779 3778
f 3780 3781 3782
f 3780 3782 3781
f 3780 3782 3783
f 3780 3783 3782
f 3784 3785 3786
f 3784 3786 3785
f 3784 3786 3787
f 3784 3787 3786
f 3788 3789 3790
f 3788 3790 3789
f 3788 3790 3791
f 3788 3791 3790
f 3792 3793 3794
f 3792 3794 3793
f 3792 3794 3795
f 3792 3795 3794
f 3796 3797 3798
f 3796 3798 3797
f 3796 3798 3799
f 3796 3799 3798
f 3800 3801 3802
f 3800 3802 3801
f 3800 3802 3803
f 3800 3803 3802
f 3804 3805 3806
f 3804 3806 3805
f 3804 3806 3807
f 3804 3807 3806
f 3808 3809 3810
f 3808 3810 3809
f 3808 3810 3811
f 3808 3811 3810
f 3812 3813 3814
f 3812 3814 3813
f 3812 3814 3815
f 3812 3815 3814
f 3816 3817 3818
f 3816 3818 3817
f 3816 3818 3819
f 3816 3819 3818
f 3820 3821 3822
f 3820 3822 3821
f 3820 3822 3823
f 3820 3823 3822
f 3824 3825 3826
f 3824 3826 3825
f 3824 3826 3827
f 3824 3827 3826
f 3828 3829 3830
f 3828 3830 3829
f 3828 3830 3831
f 3828 3831 3830
f 3832 3833 3834
f 3832 3834 3833
f 3832 3834 3835
f 3832 3835 3834
f 3836 3837 3838
f 3836 3838 3837
f 3836 3838 3839
f 3836 3839 3838
f 3840 3841 3842
f 3840 3842 3841
f 3840 3842 3843
f 3840 3843 3842
f 3844 3845 3846
f 3844 3846 3845
f 3844 3846 3847
f 3844 3847 3846
f 3848 3849 3850
f 3848 3850 3849
f 3848 3850 3851
f 3848 3851 3850
f 3852 3853 3854
f 3852 3854 3853
f 3852 3854 3855
f 3852 3855 3854
f 3856 3857 3858
f 3856 3858 3857
f 3856 3858 3859
f 3856 3859 3858
f 3860 3861 3862
f 3860 3862 3861
f 3860 3862 3863
f 3860 3863 3862
f 3864 3865 3866
f 3864 3866 3865
f 3864 3866 3867
f 3864 3867 3866
f 3868 3869 3870
f 3868 3870 3869
f 3868 3870 3871
f 3868 3871 3870
f 3872 3873 3874
f 3872 3874 3873
f 3872 3874 3875
f 3872 3875 3874
f 3876 3877 3878
f 3876 3878 3877
f 3876 3878 3879
f 3876 3879 3878
f 3880 3881 3882
f 3880 3882 3881
f 3880 3882 3883
f 3880 3883 3882
f 3884 3885 3886
f 3884 3886 3885
f 3884 3886 3887
f 3884 3887 3886
f 3888 3889 3890
f 3888 3890 3889
f 3888 3890 3891
f 3888 3891 3890
f 3892 3893 3894
f 3892 3894 3893
f 3892 3894 3895
f 3892 3895 3894
f 3896 3897 3898
f 3896 3898 3897
f 3896 3898 3899
f 3896 3899 3898
f 3900 3901 3902
f 3900 3902 3901
f 3900 3902 3903
f 3900 3903 3902
f 3904 3905 3906
f 3904 3906 3905
f 3904 3906 3907
f 3904 3907 3906
f 3908 3909 3910
f 3908 3910 3909
f 3908 3910 3911
f 3908 3911 3910
f 3912 3913 3914
f 3912 3914 3913
f 3912 3914 3915
f 3912 3915 3914
f 3916 3917 3918
f 3916 3918 3917
f 3916 3918 3919
f 3916 3919 3918
f 3920 3921 3922
f 3920 3922 3921
f 3920 3922 3923
f 3920 3923 3922
f 3924 3925 3926
f 3924 3926 3925
f 3924 3926 3927
f 3924 3927 3926
f 3928 3929 3930
f 3928 3930 3929
f 3928 3930 3931
f 3928 3931 3930
f 3932 3933 3934
f 3932 3934 3933
f 3932 3934 3935
f 3932 3935 3934
f 3936 3937 3938
f 3936 3938 3937
f 3936 3938 3939
f 3936 3939 3938
f 3940 3941 3942
f 3940 3942 3941
f 3940 3942 3943
f 3940 3943 3942
f 3944 3945 3946
f 3944 3946 3945
f 3944 3946 3947
f 3944 3947 3946
f 3948 3949 3950
f 3948 3950 3949
f 3948 3950 3951
f 3948 3951 3950
f 3952 3953 3954
f 3952 3954 3953
f 3952 3954 3955
f 3952 3955 3954
f 3956 3957 3958
f 3956 3958 3957
f 3956 3958 3959
f 3956 3959 3958
f 3960 3961 3962
f 3960 3962 3961
f 3960 3962 3963
f 3960 3963 3962
f 3964 3965 3966
f 3964 3966 3965
f 3964 3966 3967
f 3964 3967 3966
f 3968 3969 3970
f 3968 3970 3969
f 3968 3970 3971
f 3968 3971 3970
f 3972 3973 3974
f 3972 3974 3973
f 3972 3974 3975
f 3972 3975 3974
f 3976 3977 3978
f 3976 3978 3977
f 3976 3978 3979
f 3976 3979 3978
f 3980 3981 3982
f 3980 3982 3981
f 3980 3982 3983
f 3980 3983 3982
f 3984 3985 3986
f 3984 3986 3985
f 3984 3986 3987
f 3984 3987 3986
f 3988 3989 3990
f 3988 3990 3989
f 3988 3990 3991
f 3988 3991 3990
f 3992 3993 3994
f 3992 3994 3993
f 3992 3994 3995
f 3992 3995 3994
f 3996 3997 3998
f 3996 3998 3997
f 3996 3998 3999
f 3996 3999 3998
f 4000 4001 4002
f 4000 4002 4001
f 4000 4002 4003
f 4000 4003 4002
f 4004 4005 4006
f 4004 4006 4005
f 4004 4006 4007
f 4004 4007 4006
f 4008 4009 4010
f 4008 4010 4009
f 4008 4010 4011
f 4008 4011 4010
f 4012 4013 4014
f 4012 4014 4013
f 4012 4014 4015
f 4012 4015 4014
f 4016 4017 4018
f 4016 4018 4017
f 4016 4018 4019
f 4016 4019 4018
f 4020 4021 4022
f 4020 4022 4021
f 4020 4022 4023
f 4020 4023 4022
f 4024 4025 4026
f 4024 4026 4025
f 4024 4026 4027
f 4024 4027 4026
f 4028 4029 4030
f 4028 4030 4029
f 4028 4030 4031
f 4028 4031 4030
f 4032 4033 4034
f 4032 4034 4033
f 4032 4034 4035
f 4032 4035 4034
f 4036 4037 4038
f 4036 4038 4037
f 4036 4038 4039
f 4036 4039 4038
f 4040 4041 4042
f 4040 4042 4041
f 4040 4042 4043
f 4040 4043 4042
f 4044 4045 4046
f 4044 4046 4045
f 4044 4046 4047
f 4044 4047 4046
f 4048 4049 4050
f 4048 4050 4049
f 4048 4050 4051
f 4048 4051 4050
f 4052 4053 4054
f 4052 4054 4053
f 4052 4054 4055
f 4052 4055 4054
f 4056 4057 4058
f 4056 4058 4057
f 4056 4058 4059
f 4056 4059 4058
f 4060 4061 4062
f 4060 4062 4061
f 4060 4062 4063
f 4060 4063 4062
f 4064 4065 4066
f 4064 4066 4065
f 4064 4066 4067
f 4064 4067 4066
f 4068 4069 4070
f 4068 4070 4069
f 4068 4070 4071
f 4068 4071 4070
f 4072 4073 4074
f 4072 4074 4073
f 4072 4074 4075
f 4072 4075 4074
f 4076 4077 4078
f 4076 4078 4077
f 4076 4078 4079
f 4076 4079 4078
f 4080 4081 4082
f 4080 4082 4081
f 4080 4082 4083
f 4080 4083 4082
f 4084 4085 4086
f 4084 4086 4085
f 4084 4086 4087
f 4084 4087 4086
f 4088 4089 4090
f 4088 4090 4089
f 4088 4090 4091
f 4088 4091 4090
f 4092 4093 4094
f 4092 4094 4093
f 4092 4094 4095
f 4092 4095 4094
f 4096 4097 4098
f 4096 4098 4097
f 4096 4098 4099
f 4096 4099 4098
f 4100 4101 4102
f 4100 4102 4101
f 4100 4102 4103
f 4100 4103 4102
f 4104 4105 4106
f 4104 4106 4105
f 4104 4106 4107
f 4104 4107 4106
f 4108 4109 4110
f 4108 4110 4109
f 4108 4110 4111
f 4108 4111 4110
f 4112 4113 4114
f 4112 4114 4113
f 4112 4114 4115
f 4112 4115 4114
f 4116 4117 4118
f 4116 4118 4117
f 4116 4118 4119
f 4116 4119 4118
f 4120 4121 4122
f 4120 4122 4121
f 4120 4122 4123
f 4120 4123 4122
f 4124 4125 4126
f 4124 4126 4125
f 4124 4126 4127
f 4124 4127 4126
f 4128 4129 4130
f 4128 4130 4129
f 4128 4130 4131
f 4128 4131 4130
f 4132 4133 4134
f 4132 4134 4133
f 4132 4134 4135
f 4132 4135 4134
f 4136 4137 4138
f 4136 4138 4137
f 4136 4138 4139
f 4136 4139 4138
f 4140 4141 4142
f 4140 4142 4141
f 4140 4142 4143
f 4140 4143 4142
f 4144 4145 4146
f 4144 4146 4145
f 4144 4146 4147
f 4144 4147 4146
f 4148 4149 4150
f 4148 4150 4149
f 4148 4150 4151
f 4148 4151 4150
f 4152 4153 4154
f 4152 4154 4153
f 4152 4154 4155
f 4152 4155 4154
f 4156 4157 4158
f 4156 4158 4157
f 4156 4158 4159
f 4156 4159 4158
f 4160 4161 4162
f 4160 4162 4161
f 4160 4162 4163
f 4160 4163 4162
f 4164 4165 4166
f 4164 4166 4165
f 4167 4168 4169
f 4167 4169 4168
f 4170 4171 4172
f 4170 4172 4171
f 4170 4172 4173
f 4170 4173 4172
f 4174 4175 4176
f 4174 4176 4175
f 4174 4176 4177
f 4174 4177 4176
f 4178 4179 4180
f 4178 4180 4179
f 4178 4180 4181
f 4178 4181 4180
f 4182 4183 4184
f 4182 4184 4183
f 4182 4184 4185
f 4182 4185 4184
f 4186 4187 4188
f 4186 4188 4187
f 4186 4188 4189
f 4186 4189 4188
f 4190 4191 4192
f 4190 4192 4191
f 4190 4192 4193
f 4190 4193 4192
f 4194 4195 4196
f 4194 4196 4195
f 4194 4196 4197
f 4194 4197 4196
f 4198 4199 4200
f 4198 4200 4199
f 4198 4200 4201
f 4198 4201 4200
f 4202 4203 4204
f 4202 4204 4203
f 4202 4204 4205
f 4202 4205 4204
f 4206 4207 4208
f 4206 4208 4207
f 4206 4208 4209
f 4206 4209 4208
f 4210 4211 4212
f 4210 4212 4211
f 4210 4212 4213
f 4210 4213 4212
f 4214 4215 4216
f 4214 4216 4215
f 4214 4216 4217
f 4214 4217 4216
f 4218 4219 4220
f 4218 4220 4219
f 4218 4220 4221
f 4218 4221 4220
f 4222 4223 4224
f 4222 4224 4223
f 4222 4224 4225
f 4222 4225 4224
f 4226 4227 4228
f 4226 4228 4227
f 4226 4228 4229
f 4226 4229 4228
f 4230 4231 4232
f 4230 4232 4231
f 4230 4232 4233
f 4230 4233 4232
f 4234 4235 4236
f 4234 4236 4235
f 4234 4236 4237
f 4234 4237 4236
f 4238 4239 4240
f 4238 4240 4239
f 4238 4240 4241
f 4238 4241 4240
f 4242 4243 4244
f 4242 4244 4243
f 4242 4244 4245
f 4242 4245 4244
f 4246 4247 4248
f 4246 4248 4247
f 4246 4248 4249
f 4246 4249 4248
f 4250 4251 4252
f 4250 4252 4251
f 4250 4252 4253
f 4250 4253 4252
f 4254 4255 4256
f 4254 4256 4255
f 4254 4256 4257
f 4254 4257 4256
f 4258 4259 4260
f 4258 4260 4259
f 4258 4260 4261
f 4258 4261 4260
f 4262 4263 4264
f 4262 4264 4263
f 4262 4264 4265
f 4262 4265 4264
f 4266 4267 4268
f 4266 4268 4267
f 4266 4268 4269
f 4266 4269 4268
f 4270 4271 4272
f 4270 4272 4271
f 4270 4272 4273
f 4270 4273 4272
f 4274 4275 4276
f 4274 4276 4275
f 4274 4276 4277
f 4274 4277 4276
f 4278 4279 4280
f 4278 4280 4279
f 4278 4280 4281
f 4278 4281 4280
f 4282 4283 4284
f 4282 4284 4283
f 4282 4284 4285
f 4282 4285 4284
f 4286 4287 4288
f 4286 4288 4287
f 4286 4288 4289
f 4286 4289 4288
f 4290 4291 4292
f 4290 4292 4291
f 4290 4292 4293
f 4290 4293 4292
f 4294 4295 4296
f 4294 4296 4295
f 4294 4296 4297
f 4294 4297 4296
f 4298 4299 4300
f 4298 4300 4299
f 4298 4300 4301
f 4298 4301 4300
f 4302 4303 4304
f 4302 4304 4303
f 4302 4304 4305
f 4302 4305 4304
f 4306 4307 4308
f 4306 4308 4307
f 4306 4308 4309
f 4306 4309 4308
f 4310 4311 4312
f 4310 4312 4311
f 4310 4312 4313
f 4310 4313 4312
f 4314 4315 4316
f 4314 4316 4315
f 4314 4316 4317
f 4314 4317 4316
f 4318 4319 4320
f 4318 4320 4319
f 4318 4320 4321
f 4318 4321 4320
f 4322 4323 4324
f 4322 4324 4323
f 4322 4324 4325
f 4322 4325 4324
f 4326 4327 4328
f 4326 4328 4327
f 4326 4328 4329
f 4326 4329 4328
f 4330 4331 4332
f 4330 4332 4331
f 4330 4332 4333
f 4330 4333 4332
f 4334 4335 4336
f 4334 4336 4335
f 4334 4336 4337
f 4334 4337 4336
f 4338 4339 4340
f 4338 4340 4339
f 4338 4340 4341
f 4338 4341 4340
f 4342 4343 4344
f 4342 4344 4343
f 4342 4344 4345
f 4342 4345 4344
f 4346 4347 4348
f 4346 4348 4347
f 4346 4348 4349
f 4346 4349 4348
f 4350 4351 4352
f 4350 4352 4351
f 4350 4352 4353
f 4350 4353 4352
f 4354 4355 4356
f 4354 4356 4355
f 4354 4356 4357
f 4354 4357 4356
f 4358 4359 4360
f 4358 4360 4359
f 4358 4360 4361
f 4358 4361 4360
f 4362 4363 4364
f 4362 4364 4363
f 4362 4364 4365
f 4362 4365 4364
f 4366 4367 4368
f 4366 4368 4367
f 4366 4368 4369
f 4366 4369 4368
f 4370 4371 4372
f 4370 4372 4371
f 4370 4372 4373
f 4370 4373 4372
f 4374 4375 4376
f 4374 4376 4375
f 4374 4376 4377
f 4374 4377 4376
f 4378 4379 4380
f 4378 4380 4379
f 4378 4380 4381
f 4378 4381 4380
f 4382 4383 4384
f 4382 4384 4383
f 4382 4384 4385
f 4382 4385 4384
f 4386 4387 4388
f 4386 4388 4387
f 4386 4388 4389
f 4386 4389 4388
f 4390 4391 4392
f 4390 4392 4391
f 4390 4392 4393
f 4390 4393 4392
f 4394 4395 4396
f 4394 4396 4395
f 4394 4396 4397
f 4394 4397 4396
f 4398 4399 4400
f 4398 4400 4399
f 4398 4400 4401
f 4398 4401 4400
f 4402 4403 4404
f 4402 4404 4403
f 4402 4404 4405
f 4402 4405 4404
f 4406 4407 4408
f 4406 4408 4407
f 4406 4408 4409
f 4406 4409 4408
f 4410 4411 4412
f 4410 4412 4411
f 4410 4412 4413
f 4410 4413 4412
f 4414 4415 4416
f 4414 4416 4415
f 4414 4416 4417
f 4414 4417 4416
f 4418 4419 4420
f 4418 4420 4419
f 4418 4420 4421
f 4418 4421 4420
f 4422 4423 4424
f 4422 4424 4423
f 4422 4424 4425
f 4422 4425 4424
f 4426 4427 4428
f 4426 4428 4427
f 4426 4428 4429
f 4426 4429 4428
f 4430 4431 4432
f 4430 4432 4431
f 4430 4432 4433
f 4430 4433 4432
f 4434 4435 4436
f 4434 4436 4435
f 4434 4436 4437
f 4434 4437 4436
f 4438 4439 4440
f 4438 4440 4439
f 4438 4440 4441
f 4438 4441 4440
f 4442 4443 4444
f 4442 4444 4443
f 4442 4444 4445
f 4442 4445 4444
f 4446 4447 4448
f 4446 4448 4447
f 4446 4448 4449
f 4446 4449 4448
f 4450 4451 4452
f 4450 4452 4451
f 4450 4452 4453
f 4450 4453 4452
f 4454 4455 4456
f 4454 4456 4455
f 4454 4456 4457
f 4454 4457 4456
f 4458 4459 4460
f 4458 4460 4459
f 4458 4460 4461
f 4458 4461 4460
f 4462 4463 4464
f 4462 4464 4463
f 4462 4464 4465
f 4462 4465 4464
f 4466 4467 4468
f 4466 4468 4467
f 4466 4468 4469
f 4466 4469 4468
f 4470 4471 4472
f 4470 4472 4471
f 4470 4472 4473
f 4470 4473 4472
f 4474 4475 4476
f 4474 4476 4475
f 4474 4476 4477
f 4474 4477 4476
f 4478 4479 4480
f 4478 4480 4479
f 4478 4480 4481
f 4478 4481 4480
f 4482 4483 4484
f 4482 4484 4483
f 4482 4484 4485
f 4482 4485 4484
f 4486 4487 4488
f 4486 4488 4487
f 4486 4488 4489
f 4486 4489 4488
f 4490 4491 4492
f 4490 4492 4491
f 4490 4492 4493
f 4490 4493 4492
f 4494 4495 4496
f 4494 4496 4495
f 4494 4496 4497
f 4494 4497 4496
f 4498 4499 4500
f 4498 4500 4499
f 4498 4500 4501
f 4498 4501 4500
f 4502 4503 4504
f 4502 4504 4503
f 4502 4504 4505
f 4502 4505 4504
f 4506 4507 4508
f 4506 4508 4507
f 4506 4508 4509
f 4506 4509 4508
f 4510 4511 4512
f 4510 4512 4511
f 4510 4512 4513
f 4510 4513 4512
f 4514 4515 4516
f 4514 4516 4515
f 4514 4516 4517
f 4514 4517 4516
f 4518 4519 4520
f 4518 4520 4519
f 4518 4520 4521
f 4518 4521 4520
f 4522 4523 4524
f 4522 4524 4523
f 4522 4524 4525
f 4522 4525 4524
f 4526 4527 4528
f 4526 4528 4527
f 4526 4528 4529
f 4526 4529 4528
f 4530 4531 4532
f 4530 4532 4531
f 4530 4532 4533
f 4530 4533 4532
f 4534 4535 4536
f 4534 4536 4535
f 4534 4536 4537
f 4534 4537 4536
f 4538 4539 4540
f 4538 4540 4539
f 4538 4540 4541
f 4538 4541 4540
f 4542 4543 4544
f 4542 4544 4543
f 4542 4544 4545
f 4542 4545 4544
f 4546 4547 4548
f 4546 4548 4547
f 4546 4548 4549
f 4546 4549 4548
f 4550 4551 4552
f 4550 4552 4551
f 4550 4552 4553
f 4550 4553 4552
f 4554 4555 4556
f 4554 4556 4555
f 4554 4556 4557
f 4554 4557 4556
f 4558 4559 4560
f 4558 4560 4559
f 4558 4560 4561
f 4558 4561 4560
f 4562 4563 4564
f 4562 4564 4563
f 4562 4564 4565
f 4562 4565 4564
f 4566 4567 4568
f 4566 4568 4567
f 4566 4568 4569
f 4566 4569 4568
f 4570 4571 4572
f 4570 4572 4571
f 4570 4572 4573
f 4570 4573 4572
f 4574 4575 4576
f 4574 4576 4575
f 4574 4576 4577
f 4574 4577 4576
f 4578 4579 4580
f 4578 4580 4579
f 4578 4580 4581
f 4578 4581 4580
f 4582 4583 4584
f 4582 4584 4583
f 4582 4584 4585
f 4582 4585 4584
f 4586 4587 4588
f 4586 4588 4587
f 4586 4588 4589
f 4586 4589 4588
f 4590 4591 4592
f 4590 4592 4591
f 4590 4592 4593
f 4590 4593 4592
f 4594 4595 4596
f 4594 4596 4595
f 4594 4596 4597
f 4594 4597 4596
f 4598 4599 4600
f 4598 4600 4599
f 4598 4600 4601
f 4598 4601 4600
f 4602 4603 4604
f 4602 4604 4603
f 4602 4604 4605
f 4602 4605 4604
f 4606 4607 4608
f 4606 4608 4607
f 4606 4608 4609
f 4606 4609 4608
f 4610 4611 4612
f 4610 4612 4611
f 4610 4612 4613
f 4610 4613 4612
f 4614 4615 4616
f 4614 4616 4615
f 4614 4616 4617
f 4614 4617 4616
f 4618 4619 4620
f 4618 4620 4619
f 4618 4620 4621
f 4618 4621 4620
f 4622 4623 4624
f 4622 4624 4623
f 4622 4624 4625
f 4622 4625 4624
f 4626 4627 4628
f 4626 4628 4627
